threshold,topN,train_f1,train_f1_std,val_f1,val_f1_std,test_f1,test_f1_std,ext_f1,ext_f1_std,rmSim_0.6,rmSim_0.6_std,rmSim_0.7,rmSim_0.7_std,rmSim_0.8,rmSim_0.8_std,rmSim_0.9,rmSim_0.9_std
0.1,Top10,0.8880410721209098,0.021766196933538602,0.8880410721209098,0.021766196933538602,0.8755722819364721,0.010387581142464821,0.8923096499284654,0.004515989938065335,0.3507692307692308,0.11008334658460506,0.568058968058968,0.0002747012257370989,0.8121424347839442,0.00786446989114589,0.8741077481357419,0.005171748721736576
0.1,Top100,0.9036945288850708,0.006150205259062139,0.9036945288850708,0.006150205259062139,0.8754655928894459,0.008477791292083923,0.8902900378310215,0.0,0.4,0.0,0.5681818181818182,0.0,0.8086253369272237,0.0,0.8717948717948719,0.0
0.1,Top120,0.9415439866230505,0.016849809533572548,0.9415439866230505,0.016849809533572548,0.8877007358435985,0.012449316779473224,0.8900098080425949,0.0006266128562420997,0.4,0.0,0.5681818181818182,0.0,0.8086253369272237,0.0,0.8717948717948719,0.0
0.1,Top130,0.9484632888133497,0.013452412685865856,0.9484632888133497,0.013452412685865856,0.888291743316245,0.013516818077109218,0.8897295782541684,0.0007674408820305302,0.4,0.0,0.5681818181818182,0.0,0.8086253369272237,0.0,0.8717948717948719,0.0
0.1,Top140,0.9542675137097998,0.011446620718716256,0.9542675137097998,0.011446620718716256,0.8919994600302802,0.010629250670895332,0.8897295782541684,0.0007674408820305302,0.4,0.0,0.5681818181818182,0.0,0.8086253369272237,0.0,0.8717948717948719,0.0
0.1,Top15,0.8852255249935428,0.018044751505108363,0.8852255249935428,0.018044751505108363,0.8738028865076938,0.007591693155210863,0.8915423750924034,0.002800311247205889,0.3771428571428571,0.05111012519999521,0.5688311688311689,0.00145199219318166,0.8108891892093689,0.005062127593894924,0.8732398790591747,0.003231134470962095
0.1,Top20,0.8770817650620837,0.0015239506067823503,0.8770817650620837,0.0015239506067823503,0.8729756365512262,0.007043185930270583,0.8902900378310215,0.0,0.4,0.0,0.5681818181818182,0.0,0.8086253369272237,0.0,0.8717948717948719,0.0
0.1,Top25,0.8770817650620837,0.0015239506067823503,0.8770817650620837,0.0015239506067823503,0.8729756365512262,0.007043185930270583,0.8902900378310215,0.0,0.4,0.0,0.5681818181818182,0.0,0.8086253369272237,0.0,0.8717948717948719,0.0
0.1,Top30,0.8770817650620837,0.0015239506067823503,0.8770817650620837,0.0015239506067823503,0.8729756365512262,0.007043185930270583,0.8902900378310215,0.0,0.4,0.0,0.5681818181818182,0.0,0.8086253369272237,0.0,0.8717948717948719,0.0
0.1,Top40,0.8770817650620837,0.0015239506067823503,0.8770817650620837,0.0015239506067823503,0.8729756365512262,0.007043185930270583,0.8902900378310215,0.0,0.4,0.0,0.5681818181818182,0.0,0.8086253369272237,0.0,0.8717948717948719,0.0
0.1,Top50,0.8906342780429425,0.029908024862189426,0.8906342780429425,0.029908024862189426,0.8749088021231788,0.008891276818652774,0.8902900378310215,0.0,0.4,0.0,0.5681818181818182,0.0,0.8086253369272237,0.0,0.8717948717948719,0.0
0.1,Top60,0.8918730352426243,0.03190337820059193,0.8918730352426243,0.03190337820059193,0.8752003567923887,0.009313391304873388,0.8902900378310215,0.0,0.4,0.0,0.5681818181818182,0.0,0.8086253369272237,0.0,0.8717948717948719,0.0
0.1,Top70,0.8794788938313325,0.0029518153720813124,0.8794788938313325,0.0029518153720813124,0.8732597932373277,0.007182771380748219,0.8902900378310215,0.0,0.4,0.0,0.5681818181818182,0.0,0.8086253369272237,0.0,0.8717948717948719,0.0
0.1,Top80,0.8818826555134981,0.0039015905272648654,0.8818826555134981,0.0039015905272648654,0.8731807115320743,0.006732840146472122,0.8902900378310215,0.0,0.4,0.0,0.5681818181818182,0.0,0.8086253369272237,0.0,0.8717948717948719,0.0
0.1,Top90,0.8962836418579998,0.037469340327052646,0.8962836418579998,0.037469340327052646,0.8752003567923887,0.009313391304873388,0.8902900378310215,0.0,0.4,0.0,0.5681818181818182,0.0,0.8086253369272237,0.0,0.8717948717948719,0.0
0.2,Top10,0.9354997450178933,0.054355242597929725,0.9354997450178933,0.054355242597929725,0.9031297103850051,0.03582291413787545,0.8972529369479826,0.008974998842498414,0.33790209790209785,0.09597300221871308,0.5716783216783217,0.027614631117012806,0.8147422006023805,0.010809399082420044,0.8797913989218527,0.010360320609152268
0.2,Top100,0.9699929537042378,0.006454249001172761,0.9699929537042378,0.006454249001172761,0.896098184228619,0.010538306118721303,0.8897295782541684,0.0007674408820305302,0.4,0.0,0.5681818181818182,0.0,0.8086253369272237,0.0,0.8717948717948719,0.0
0.2,Top120,0.9836042866445851,0.004581204646685861,0.9836042866445851,0.004581204646685861,0.9137623072057917,0.008338264653465674,0.8901796485776565,0.0008098510056635003,0.4,0.0,0.5681818181818182,0.0,0.8086253369272237,0.0,0.8720582539313657,0.0005889403612595485
0.2,Top130,0.986686544719556,0.003393063409861323,0.986686544719556,0.003393063409861323,0.9121260190124568,0.009314162883457726,0.8906292199615089,0.0006096063859870498,0.4,0.0,0.5681818181818182,0.0,0.8086253369272237,0.0,0.8723216360678597,0.0007213016870081438
0.2,Top140,0.9863712603419197,0.0036497398693916905,0.9863712603419197,0.0036497398693916905,0.9172507537477896,0.011305734441008118,0.8913052511431394,0.0007088996722418895,0.4,0.0,0.5681818181818182,0.0,0.8086253369272237,0.0,0.8731125793975728,0.0009326058814554316
0.2,Top15,0.8990061018483569,0.048819297868960325,0.8990061018483569,0.048819297868960325,0.8851237300122966,0.02924244407165603,0.8933343924695416,0.006807383919347764,0.35333333333333333,0.10434983894999023,0.5704874835309618,0.00515562445405089,0.8129821408868082,0.00974210981827116,0.8752839987017202,0.007801924945836642
0.2,Top20,0.8770817650620837,0.0015239506067823503,0.8770817650620837,0.0015239506067823503,0.8729756365512262,0.007043185930270583,0.8902900378310215,0.0,0.4,0.0,0.5681818181818182,0.0,0.8086253369272237,0.0,0.8717948717948719,0.0
0.2,Top25,0.8770817650620837,0.0015239506067823503,0.8770817650620837,0.0015239506067823503,0.8729756365512262,0.007043185930270583,0.8902900378310215,0.0,0.4,0.0,0.5681818181818182,0.0,0.8086253369272237,0.0,0.8717948717948719,0.0
0.2,Top30,0.8770817650620837,0.0015239506067823503,0.8770817650620837,0.0015239506067823503,0.8729756365512262,0.007043185930270583,0.8902900378310215,0.0,0.4,0.0,0.5681818181818182,0.0,0.8086253369272237,0.0,0.8717948717948719,0.0
0.2,Top40,0.8770817650620837,0.0015239506067823503,0.8770817650620837,0.0015239506067823503,0.8729756365512262,0.007043185930270583,0.8902900378310215,0.0,0.4,0.0,0.5681818181818182,0.0,0.8086253369272237,0.0,0.8717948717948719,0.0
0.2,Top50,0.9104720143901612,0.049823138242681676,0.9104720143901612,0.049823138242681676,0.8843264362089791,0.021859724395456963,0.8902900378310215,0.0,0.4,0.0,0.5681818181818182,0.0,0.8086253369272237,0.0,0.8717948717948719,0.0
0.2,Top60,0.9108429312039972,0.05039795814979733,0.9108429312039972,0.05039795814979733,0.8809450660982998,0.018141446662134894,0.8902900378310215,0.0,0.4,0.0,0.5681818181818182,0.0,0.8086253369272237,0.0,0.8717948717948719,0.0
0.2,Top70,0.9100767023156312,0.029232348928531108,0.9100767023156312,0.029232348928531108,0.8764802002028057,0.011132395814845984,0.8902900378310215,0.0,0.4,0.0,0.5681818181818182,0.0,0.8086253369272237,0.0,0.8717948717948719,0.0
0.2,Top80,0.9310925511429493,0.009275668775294978,0.9310925511429493,0.009275668775294978,0.8780005084905416,0.00765367646580918,0.8902900378310215,0.0,0.4,0.0,0.5681818181818182,0.0,0.8086253369272237,0.0,0.8717948717948719,0.0
0.2,Top90,0.9375045549789178,0.03044661389642069,0.9375045549789178,0.03044661389642069,0.8858590972933937,0.020195585222883807,0.8902900378310215,0.0,0.4,0.0,0.5681818181818182,0.0,0.8086253369272237,0.0,0.8717948717948719,0.0
0.3,Top10,0.9448013689893578,0.060897922560480815,0.9448013689893578,0.060897922560480815,0.9100690465513994,0.0405046797917007,0.9050273215470451,0.013881737290252664,0.31555555555555553,0.08944271909999159,0.6040572330894911,0.03451515153285183,0.8278798366662311,0.01812176020185899,0.8889288312075692,0.016117810099333867
0.3,Top100,0.9905676201346774,0.0018946215755855993,0.9905676201346774,0.0018946215755855993,0.9193130526530734,0.00820925046508491,0.8910815749059285,0.0014041085116728203,0.4,0.0,0.5681818181818182,0.0,0.8086253369272237,0.0,0.8731141768604005,0.0016177685949779344
0.3,Top120,0.9926205596434474,0.002922065368697363,0.9926205596434474,0.002922065368697363,0.9289528911866558,0.010450493013550737,0.8924332051310673,0.0007115982135466375,0.4,0.0,0.5681818181818182,0.0,0.8086253369272237,0.0,0.8744334783035643,0.0009354298273227373
0.3,Top130,0.994345730202961,0.0010989356394366415,0.994345730202961,0.0010989356394366415,0.9289513099428683,0.01128350936213198,0.8924332051310673,0.0007115982135466375,0.4,0.0,0.5681818181818182,0.0,0.8086253369272237,0.0,0.8744334783035643,0.0009354298273227373
0.3,Top140,0.9934777436543035,0.0015277429357260306,0.9934777436543035,0.0015277429357260306,0.929745140570799,0.011180214546262503,0.8928867089148286,0.0011611136893371612,0.4,0.0,0.5681818181818182,0.0,0.8090624317039412,0.0009773736333502428,0.8749642416891552,0.001510799646716199
0.3,Top15,0.900001558104037,0.05104419152098608,0.900001558104037,0.05104419152098608,0.8864243265457459,0.03207517583199762,0.8948755549644165,0.010253528022261517,0.3563636363636363,0.09757387538180902,0.5776223776223777,0.021109732654718282,0.8138672365087458,0.011721243795511422,0.8770804854811317,0.011818991505280351
0.3,Top20,0.8770817650620837,0.0015239506067823503,0.8770817650620837,0.0015239506067823503,0.8729756365512262,0.007043185930270583,0.8902900378310215,0.0,0.4,0.0,0.5681818181818182,0.0,0.8086253369272237,0.0,0.8717948717948719,0.0
0.3,Top25,0.8770817650620837,0.0015239506067823503,0.8770817650620837,0.0015239506067823503,0.8729756365512262,0.007043185930270583,0.8902900378310215,0.0,0.4,0.0,0.5681818181818182,0.0,0.8086253369272237,0.0,0.8717948717948719,0.0
0.3,Top30,0.8770817650620837,0.0015239506067823503,0.8770817650620837,0.0015239506067823503,0.8729756365512262,0.007043185930270583,0.8902900378310215,0.0,0.4,0.0,0.5681818181818182,0.0,0.8086253369272237,0.0,0.8717948717948719,0.0
0.3,Top40,0.8770817650620837,0.0015239506067823503,0.8770817650620837,0.0015239506067823503,0.8729756365512262,0.007043185930270583,0.8902900378310215,0.0,0.4,0.0,0.5681818181818182,0.0,0.8086253369272237,0.0,0.8717948717948719,0.0
0.3,Top50,0.9246097718432852,0.06378740880143953,0.9246097718432852,0.06378740880143953,0.8948113048216045,0.03462814970627901,0.8914164173600734,0.0015932438639948432,0.4,0.0,0.5681818181818182,0.0,0.8090624317039412,0.0009773736333502584,0.873114973780632,0.0018673307652077174
0.3,Top60,0.9237978863187664,0.06414842172034137,0.9237978863187664,0.06414842172034137,0.8926442803528751,0.03207620628209417,0.890910728358809,0.0015476433310866802,0.4,0.0,0.5681818181818182,0.0,0.8090624317039412,0.0009773736333502584,0.8728507947239066,0.001722092497612037
0.3,Top70,0.9433579434592845,0.059553480116750934,0.9433579434592845,0.059553480116750934,0.8936418035565901,0.025548371947687894,0.890404399244885,0.00042798973149706484,0.4,0.0,0.5681818181818182,0.0,0.8086253369272237,0.0,0.872585815124585,0.0011794402598571143
0.3,Top80,0.9848606317292419,0.005433213617002398,0.9848606317292419,0.005433213617002398,0.9055059836186292,0.008049097552115496,0.8910794298415752,0.0010016520157539845,0.4,0.0,0.5681818181818182,0.0,0.8086253369272237,0.0,0.8733767584542982,0.0011037120440129066
0.3,Top90,0.9874391486882266,0.006488924259610588,0.9874391486882266,0.006488924259610588,0.9095560308874285,0.017305279729841038,0.8908541101853158,0.0011061013525401084,0.4,0.0,0.5681818181818182,0.0,0.8086253369272237,0.0,0.8731125793975728,0.0009326058814554219
0.4,Top10,0.9472541261486093,0.06308206702968072,0.9472541261486093,0.06308206702968072,0.9114716520811467,0.041734910017176094,0.9062700316735002,0.014605071700461379,0.2408080808080808,0.16770353930127432,0.5920833011129419,0.03629199674797922,0.8282840019235971,0.01818482702330698,0.8903743111093384,0.01698563262507883
0.4,Top100,0.9954890943965854,0.0005752962865757709,0.9954890943965854,0.0005752962865757709,0.9293904484285587,0.008109859842000189,0.8928856339425982,0.0009302102309822847,0.4,0.0,0.5681818181818182,0.0,0.8090624317039412,0.0009773736333502428,0.8749634411465591,0.0011868230101491533
0.4,Top120,0.9958098802194503,0.0006748625987241503,0.9958098802194503,0.0006748625987241503,0.9335561080884011,0.010634293065167472,0.8951593001239735,0.002802586675803142,0.4,0.0,0.5681818181818182,0.0,0.8125902014234294,0.004787023793195383,0.8776294092330575,0.0033510903666813625
0.4,Top130,0.9962221842216191,0.0007563402556604675,0.9962221842216191,0.0007563402556604675,0.9324188252942772,0.010237459228536815,0.8944723819549802,0.0016708630673506596,0.4,0.0,0.5681818181818182,0.0,0.8108179373560833,0.002691202793337272,0.8768239423387907,0.0019743899609252213
0.4,Top140,0.996038278161997,0.0008837338879334058,0.996038278161997,0.0008837338879334058,0.9340415697260026,0.008793557399258424,0.8946993642081832,0.001287452406853436,0.4,0.0,0.5681818181818182,0.0,0.8112550321328008,0.002408712562101862,0.8770889219381124,0.0016325427509953265
0.4,Top15,0.900365863994093,0.05185845484566365,0.900365863994093,0.05185845484566365,0.8871047930029052,0.033562394509788054,0.8952279816818212,0.01104157811946534,0.32,0.17888543819998318,0.5771260997067449,0.020000021499631572,0.8151929524686082,0.014685634800619869,0.8778919234945294,0.013633422062764926
0.4,Top20,0.8770817650620837,0.0015239506067823503,0.8770817650620837,0.0015239506067823503,0.8729756365512262,0.007043185930270583,0.8902900378310215,0.0,0.4,0.0,0.5681818181818182,0.0,0.8086253369272237,0.0,0.8717948717948719,0.0
0.4,Top25,0.8770817650620837,0.0015239506067823503,0.8770817650620837,0.0015239506067823503,0.8729756365512262,0.007043185930270583,0.8902900378310215,0.0,0.4,0.0,0.5681818181818182,0.0,0.8086253369272237,0.0,0.8717948717948719,0.0
0.4,Top30,0.8770817650620837,0.0015239506067823503,0.8770817650620837,0.0015239506067823503,0.8729756365512262,0.007043185930270583,0.8902900378310215,0.0,0.4,0.0,0.5681818181818182,0.0,0.8086253369272237,0.0,0.8717948717948719,0.0
0.4,Top40,0.8770817650620837,0.0015239506067823503,0.8770817650620837,0.0015239506067823503,0.8729756365512262,0.007043185930270583,0.8902900378310215,0.0,0.4,0.0,0.5681818181818182,0.0,0.8086253369272237,0.0,0.8717948717948719,0.0
0.4,Top50,0.9256206489821037,0.06515658123350222,0.9256206489821037,0.06515658123350222,0.8976126350280227,0.03828418374790302,0.8911445742293822,0.0017504510160383235,0.29714285714285715,0.17332286729260687,0.5547833302600037,0.021948916543204057,0.8082287600247401,0.0031271069078535156,0.873076923076923,0.0027801772020506943
0.4,Top60,0.9249874974593165,0.06576559309179457,0.9249874974593165,0.06576559309179457,0.8965399142077265,0.036457452524581664,0.8917614684380719,0.0020544249656406833,0.3771428571428571,0.05111012519999521,0.5648902821316615,0.007360098358541718,0.8097333499117247,0.0018980048675063135,0.8735702098566529,0.0025047382624663536
0.4,Top70,0.9507792952278749,0.06176838938478446,0.9507792952278749,0.06176838938478446,0.9060561207511062,0.03705077970399217,0.8924410288135325,0.0026658660221984677,0.4,0.0,0.5681818181818182,0.0,0.8099389903347566,0.0019593841858893133,0.8747072931811705,0.0033029183378962
0.4,Top80,0.995718038064809,0.0005288411289366112,0.995718038064809,0.0005288411289366112,0.9245282308944924,0.007332437549355815,0.8922067409953947,0.0004635367820015969,0.4,0.0,0.5681818181818182,0.0,0.8086253369272237,0.0,0.874168498704243,0.000590722329069657
0.4,Top90,0.9959042791974593,0.0016206266216172893,0.9959042791974593,0.0016206266216172893,0.9265495772697838,0.010635274038381845,0.8922090343141494,0.0016652532862474142,0.4,0.0,0.5681818181818182,0.0,0.8090624317039412,0.0009773736333502428,0.8744350830331085,0.0016226709510126969
0.5,Top10,0.9657600399795923,0.039734608575593626,0.9657600399795923,0.039734608575593626,0.918483441580188,0.03087026571435005,0.9074546674532812,0.016474625812656893,0.16,0.21908902300206645,0.5866666666666667,0.038111406938644704,0.8288462946861174,0.020571666222407876,0.8920905412380404,0.019413862444632626
0.5,Top100,0.9971874198863953,0.0006782596270285904,0.9971874198863953,0.0006782596270285904,0.934924493390031,0.008472757147874878,0.8972271284536376,0.004830377558269536,0.4,0.0,0.5707941483803552,0.003577080443476712,0.8143892915510174,0.007647249641021643,0.8800550327052893,0.005823311256076295
0.5,Top120,0.9971876918403314,0.0006942880979397067,0.9971876918403314,0.0006942880979397067,0.9362179903632255,0.007703231587754165,0.8997392495799229,0.004340193845878574,0.4,0.0,0.5734368545114334,0.005518689191747375,0.8192744000314063,0.0071568190073952815,0.8830064236932588,0.005200420920943185
0.5,Top130,0.997555231215838,0.0008083303260756964,0.997555231215838,0.0008083303260756964,0.9347955908922521,0.008569371311076272,0.8989977421772817,0.003974692853469397,0.3771428571428571,0.051110125199995214,0.5714051263138484,0.004692776318647856,0.8172770465326517,0.0060437741147610705,0.8821222921979146,0.00480599564861313
0.5,Top140,0.9972326630779298,0.0008458961916039138,0.9972326630779298,0.0008458961916039138,0.9364303424232444,0.008675666911183941,0.8990521857788737,0.004472607464430661,0.4,0.0,0.5721306894121649,0.00590087184395958,0.8179366844367186,0.007327905257165385,0.8821992963961927,0.005356444590382829
0.5,Top15,0.9329400405284852,0.034793407180303534,0.9329400405284852,0.034793407180303534,0.902535778068126,0.027366537280184615,0.8956959387750205,0.01087336477763034,0.32,0.17888543819998318,0.5855799373040753,0.03890337703800571,0.8146329618027732,0.012248353485459528,0.8783946360752195,0.013331961931926097
0.5,Top20,0.9136340732367778,0.007466810899461077,0.9136340732367778,0.007466810899461077,0.8877057626211536,0.011061136772973662,0.8902900378310215,0.0,0.4,0.0,0.5681818181818182,0.0,0.8086253369272237,0.0,0.8717948717948719,0.0
0.5,Top25,0.9103929832159414,0.010070066835387454,0.9103929832159414,0.010070066835387454,0.8865683035030871,0.012547681978606947,0.8902900378310215,0.0,0.4,0.0,0.5681818181818182,0.0,0.8086253369272237,0.0,0.8717948717948719,0.0
0.5,Top30,0.9251608742160314,0.003596160683354664,0.9251608742160314,0.003596160683354664,0.89217367088456,0.013649674022886728,0.8902900378310215,0.0,0.4,0.0,0.5681818181818182,0.0,0.8086253369272237,0.0,0.8717948717948719,0.0
0.5,Top40,0.9259722453273349,0.010887252008207967,0.9259722453273349,0.010887252008207967,0.8921637904035359,0.011101405313134593,0.8902900378310215,0.0,0.4,0.0,0.5681818181818182,0.0,0.8086253369272237,0.0,0.8717948717948719,0.0
0.5,Top50,0.9550267911850309,0.04170225501156945,0.9550267911850309,0.04170225501156945,0.9083195017863941,0.030036405272075076,0.8945343830589731,0.005811809057971431,0.27076923076923076,0.185127494849124,0.5552029082658692,0.017782284493774426,0.8120489024410247,0.00484979086394546,0.8767805165258864,0.006828043375627793
0.5,Top60,0.9629228423009529,0.03160050243360444,0.9629228423009529,0.03160050243360444,0.9137323014839389,0.02783520951611049,0.8936039019031761,0.004373043457189708,0.27076923076923076,0.185127494849124,0.5552818761677727,0.02189029026736714,0.8107155370117376,0.006575089341397171,0.8756834277265615,0.005208562310956548
0.5,Top70,0.9840706189580576,0.017052070533240662,0.9840706189580576,0.017052070533240662,0.9236462425976019,0.021724612312470557,0.8958225894073992,0.006411739249300965,0.3771428571428571,0.05111012519999521,0.56619644723093,0.008570274672342301,0.8133008069166436,0.00813813825623357,0.8783962131511724,0.0076954740901514175
0.5,Top80,0.99663482549799,0.000604653658189039,0.99663482549799,0.000604653658189039,0.9319537561993266,0.008593707822129542,0.8969327996525971,0.0034687904325249467,0.3771428571428571,0.051110125199995214,0.56619644723093,0.008570274672342282,0.8141413704788354,0.0033262141349109766,0.8796985839411651,0.0041459182108533575
0.5,Top90,0.9967284480792251,0.0008641223940185132,0.9967284480792251,0.0008641223940185132,0.9336500834892686,0.008203958942651133,0.8960188161198204,0.0033434075221395994,0.3771428571428571,0.051110125199995214,0.5648902821316615,0.00736009835854171,0.812821101956863,0.004162616997235518,0.8786265776428415,0.00396337990324876
0.6,Top10,0.9806988711434348,0.019320808652888995,0.9806988711434348,0.019320808652888995,0.9354084158724044,0.012723074230000471,0.9153719920853381,0.014226373515628369,0.178021978021978,0.24404512778006698,0.6236556308307721,0.024958285466464215,0.8374436303464471,0.01875971483455671,0.9009971792838766,0.016694540645371566
0.6,Top100,0.9977847685805722,0.0004488084965120192,0.9977847685805722,0.0004488084965120192,0.9377520027433865,0.008322043020798848,0.9024740361769787,0.006297236751729113,0.3771428571428571,0.05111012519999521,0.5727649388836238,0.009844655192390622,0.822245375148192,0.008874925443925073,0.8862111217950526,0.007564239115858593
0.6,Top120,0.9978774437805367,0.000497141168491073,0.9978774437805367,0.000497141168491073,0.9392350869337529,0.009712268298242652,0.9053717345235913,0.004607246396607913,0.4,0.0,0.5789762534866447,0.014196774226381577,0.8279683221124973,0.009090608127458726,0.8896730788902525,0.005419141593966161
0.6,Top130,0.9981532838889464,0.00042955096115571687,0.9981532838889464,0.00042955096115571687,0.9392298516785468,0.009100375067243083,0.9031080539566,0.004609462530945131,0.2523076923076923,0.13482401415511783,0.5651490508002205,0.010337888209920753,0.8227193246375493,0.008808821336217102,0.8869184917451524,0.005465665301080355
0.6,Top140,0.997923325089198,0.0008127700834564577,0.997923325089198,0.0008127700834564577,0.9391649264413695,0.009833152389888036,0.9016591547941518,0.0027587959961354503,0.2786813186813187,0.12313970141463301,0.562166015684457,0.018828998949703635,0.8195617525273724,0.00708085954602525,0.8851290575619857,0.0032698017267318684
0.6,Top15,0.9624510294006676,0.017775348860084347,0.9624510294006676,0.017775348860084347,0.9291444257410404,0.010898019546120684,0.9023546462140424,0.008312689963543559,0.3371428571428571,0.18887421578329608,0.6017883797345832,0.03289892686784349,0.8214146581641681,0.009246212697725313,0.8861762505299422,0.010191781446019194
0.6,Top20,0.9540533040910756,0.0039353143260492515,0.9540533040910756,0.0039353143260492515,0.9254000675214764,0.007550468505950378,0.8975404259096085,0.002750374440132134,0.42285714285714276,0.012777531299998758,0.5815526400105862,0.01069507734212619,0.8152294310884185,0.003502747004227617,0.8803018996646651,0.00323219448205862
0.6,Top25,0.95627975856254,0.0028987782008600667,0.95627975856254,0.0028987782008600667,0.926096559601848,0.011331242304399587,0.8966244576478954,0.0017291877449955146,0.42285714285714276,0.012777531299998758,0.574743019610702,0.0046718737252858305,0.813454778630561,0.002421808060536818,0.8792249234706333,0.0020314637026546314
0.6,Top30,0.9616791378848184,0.0018808194789752945,0.9616791378848184,0.0018808194789752945,0.9280070903433877,0.00914559265968312,0.895942558001418,0.001974326061264053,0.4171428571428571,0.015649215928718974,0.5734368545114334,0.005518689191747377,0.8139038548309623,0.0037058924424375594,0.8784243370091819,0.0023193273649702076
0.6,Top40,0.9649701632576478,0.00571829094764967,0.9649701632576478,0.00571829094764967,0.9264568432318894,0.008168422489852436,0.8948041237516398,0.0008019302642425096,0.4,0.0,0.5681818181818182,0.0,0.8108108108108109,0.0,0.8770873025423764,0.0009411163347604549
0.6,Top50,0.9776303249423224,0.019783353211828718,0.9776303249423224,0.019783353211828718,0.9272413659583767,0.011817485507120128,0.8984082308562351,0.006058143835008171,0.2733333333333333,0.1831817555204545,0.5590748757415425,0.012567253074625395,0.8137042348392892,0.004251385252994923,0.8809971289278259,0.006811207631259681
0.6,Top60,0.9824502680634094,0.014092670823042415,0.9824502680634094,0.014092670823042415,0.9309331162667773,0.0145311459041577,0.8995584453163994,0.008673362837845536,0.27076923076923076,0.185127494849124,0.5604212860310421,0.01368517394193847,0.816865963630268,0.012159458973567063,0.8824018193625616,0.010210846747066973
0.6,Top70,0.9938278471707547,0.0054618664849361166,0.9938278471707547,0.0054618664849361166,0.9348121727108643,0.011920054883273388,0.9014768284154406,0.008581037472204818,0.19333333333333333,0.200554786086551,0.5477591657505575,0.024945782155988923,0.8191988638425431,0.01370167805340285,0.8849670242647569,0.010223562789691979
0.6,Top80,0.9975085657605881,0.0006206645334936231,0.9975085657605881,0.0006206645334936231,0.9366616610860466,0.00851619610995769,0.9044261339798988,0.004929963041180756,0.19868131868131866,0.18637051625022644,0.5478100331041509,0.02485849218467042,0.8235662723150536,0.008936378514111788,0.8884311366314218,0.005959953920136989
0.6,Top90,0.9976471225838497,0.0004991315207292797,0.9976471225838497,0.0004991315207292797,0.9360174069603339,0.009021137232755636,0.9022925744875158,0.003167806585064019,0.305054945054945,0.10203105858429298,0.5601781816466471,0.01764941254790726,0.8216087942970601,0.006256796831697244,0.8859613675482189,0.0038890600140558673
0.7,Top10,0.9884521786029794,0.008912266573405892,0.9884521786029794,0.008912266573405892,0.9420208234970048,0.0067547599260952855,0.9239696078797699,0.008940381165950364,0.11333333333333333,0.1757523510195209,0.6509932251117292,0.022991223311236292,0.8524337167209117,0.016561265446327866,0.9118128700247329,0.010992804598754397
0.7,Top100,0.9985230610478452,0.00047558227451524935,0.9985230610478452,0.00047558227451524935,0.9382916407434794,0.00843047627154657,0.9073547869655668,0.006191242522560772,0.2602197802197802,0.15199514416512322,0.5748505594901478,0.010483269083835211,0.8292557884099363,0.009003014456484132,0.8922012719034133,0.007412775784786602
0.7,Top120,0.9985678091043269,0.0005498006722453735,0.9985678091043269,0.0005498006722453735,0.9391473224586042,0.010132924458526133,0.9087841878330579,0.005039028015308843,0.1571428571428571,0.15576597365520117,0.5610054958236971,0.020119700878988636,0.8288620845678121,0.008400659841808206,0.8935147660083764,0.006053760934582367
0.7,Top130,0.9986138166724159,0.0005637726655649418,0.9986138166724159,0.0005637726655649418,0.9383311459601684,0.011143594903013351,0.9081352528860916,0.005746629079353371,0.17838827838827837,0.11789808482521212,0.568873439387911,0.010346705376690407,0.8283444479691141,0.009375408486350661,0.8931037646068443,0.006287178167328421
0.7,Top140,0.9987069022448024,0.0007391689980187914,0.9987069022448024,0.0007391689980187914,0.9398577501296769,0.012469449966821481,0.9054797061260379,0.0036522237018258934,0.2371428571428571,0.10462111752075928,0.5663148876738274,0.018725102062018755,0.8234741447567412,0.006138732346052681,0.8899585922749422,0.003982449891925478
0.7,Top15,0.9791668916528146,0.00974202074185949,0.9791668916528146,0.00974202074185949,0.9417180966881823,0.008004384810615611,0.9178211790542552,0.010258679501540536,0.3224242424242424,0.2321160692523082,0.6490759245867391,0.05624095017503326,0.8470617360668751,0.019671736731474945,0.9043939500589964,0.012214841342702667
0.7,Top20,0.9762732642997936,0.0034527292583951385,0.9762732642997936,0.0034527292583951385,0.9393030386415159,0.00786740701548893,0.9132173800751031,0.011416876472899224,0.38489510489510487,0.09795403217921786,0.6210481418106857,0.043005198440687585,0.8413168733348868,0.02146583186308827,0.8987633144992089,0.013521817103807322
0.7,Top25,0.979494899860558,0.0028764629604560803,0.979494899860558,0.0028764629604560803,0.9375345115210628,0.011220571511741608,0.9094950881450181,0.008549049333677228,0.3914085914085913,0.05459611294009964,0.6006906570665742,0.02186481602008848,0.8349531502150853,0.016686003860963097,0.8943709472241267,0.01009170276691987
0.7,Top30,0.9820766227341451,0.002893678502062206,0.9820766227341451,0.002893678502062206,0.9383911184564319,0.010618995944178118,0.9097869142441611,0.006214453796348931,0.4285714285714285,0.0,0.5997473343602044,0.013027252656331272,0.8351863747363263,0.012727748318522605,0.8944545980250685,0.007608752469096645
0.7,Top40,0.9853494112645669,0.0038001276253598667,0.9853494112645669,0.0038001276253598667,0.9384836229012249,0.009393390808980462,0.9037540662392562,0.004281076292426828,0.42285714285714276,0.012777531299998758,0.5827947859175747,0.005666483265924947,0.8246771329878939,0.007040165367470079,0.887615072151722,0.00504379968090184
0.7,Top50,0.9900036836825772,0.008493611425696738,0.9900036836825772,0.008493611425696738,0.9356938057229025,0.010801174046848551,0.9067645984431254,0.007884203351771653,0.22285714285714286,0.21034471222063952,0.5689325377453645,0.012331409202083431,0.8279216065914291,0.008659515248837938,0.8911308956052677,0.009281510331123018
0.7,Top60,0.9921324430569914,0.005313696062585828,0.9921324430569914,0.005313696062585828,0.9394742619138828,0.011397473048576775,0.9094613176994797,0.00985583874815937,0.22725274725274724,0.21220801700876413,0.5710709968796042,0.025339122066358834,0.830334251474671,0.01691003778393009,0.8943411698705063,0.011688820991200262
0.7,Top70,0.9972834089036281,0.0018330201931854979,0.9972834089036281,0.0018330201931854979,0.9378187114010512,0.011089888005490982,0.9083091260875049,0.007154583067450722,0.09487179487179484,0.139148344115027,0.545812450026994,0.01195307255025241,0.8276130308632593,0.009992815599482664,0.8929336831354672,0.008548720793176525
0.7,Top80,0.9983366145330951,0.0003470153797095977,0.9983366145330951,0.0003470153797095977,0.9396240283252618,0.010329598097375681,0.9103956239401725,0.003647746122301523,0.0,0.0,0.5448663681997015,0.014536712430623313,0.829353331586761,0.005413402265179866,0.8952890299534971,0.004450989317162282
0.7,Top90,0.9984763671005592,0.00030711332404528645,0.9984763671005592,0.00030711332404528645,0.9378965371991272,0.00931703412007196,0.9113716432114345,0.0028303434307179174,0.09999999999999995,0.09128709291752765,0.5514769365462813,0.013891596563337077,0.8340066428094597,0.005353196409745602,0.8969030593981311,0.003168304912178565
0.8,Top10,0.9931774524713898,0.0019484502408580386,0.9931774524713898,0.0019484502408580386,0.9422477629450535,0.009839222608966232,0.9297645224325393,0.007726905490011168,0.09714285714285714,0.13642670155786654,0.6806240904321929,0.04096971959160851,0.860855650115411,0.023174616862155745,0.9188550823242098,0.00990264841740098
0.8,Top100,0.9991676007463812,0.00041951072431895437,0.9991676007463812,0.00041951072431895437,0.9401242166774775,0.011930921227875754,0.9162153538233418,0.007153271010652687,0.0,0.0,0.5647346242591689,0.02115195203926387,0.838538636007397,0.012242192295050146,0.9025578825168005,0.008552524910176676
0.8,Top120,0.9987505557396904,0.0005820374931591217,0.9987505557396904,0.0005820374931591217,0.9377995243892079,0.012472014103124457,0.9171021633794029,0.004885882293662625,0.0,0.0,0.5693039175601002,0.0238588789837763,0.8400848006726891,0.006540188995411845,0.9035374295882079,0.005367634862344712
0.8,Top130,0.9985186750631074,0.0006691874120014601,0.9985186750631074,0.0006691874120014601,0.9370379996332503,0.011193583583832798,0.9173930229147433,0.004503800019632945,0.03333333333333332,0.07453559924999295,0.5869606436181779,0.02439343427266333,0.8402968574411013,0.006799924241900095,0.9036098689574743,0.005319090602722469
0.8,Top140,0.9987048929452623,0.0004201471929383139,0.9987048929452623,0.0004201471929383139,0.9387031936834441,0.009663902486818213,0.914671065806196,0.004947962982206348,0.03333333333333332,0.07453559924999296,0.5671248940519626,0.024642357128525146,0.8347242453098815,0.008786198294839205,0.9006508444073175,0.005543353355203876
0.8,Top15,0.9890077364660377,0.0028903766397357154,0.9890077364660377,0.0028903766397357154,0.9452015289042203,0.006418671746784428,0.9305614318937738,0.007942168128296104,0.12777777777777777,0.12044157438154887,0.6593993059910531,0.013535746483331475,0.8677467603111111,0.02003606443484622,0.9194183313617529,0.00916732287055744
0.8,Top20,0.9900222530569931,0.0013651096646702617,0.9900222530569931,0.0013651096646702617,0.9454757944514662,0.007330572625968797,0.9285375868262813,0.006392325878774269,0.1222222222222222,0.1138550085106622,0.6431463658905571,0.02677511542430016,0.8665052539001067,0.012390511785767786,0.9171811222421568,0.007921218882384234
0.8,Top25,0.9922507600197953,0.002246050177975413,0.9922507600197953,0.002246050177975413,0.9434467369163911,0.008496233234813216,0.9261064740110824,0.007835155864939004,0.1222222222222222,0.1138550085106622,0.6214630958074286,0.03653344298874951,0.8604730921001549,0.01366116615474722,0.914287661780308,0.009343269929640562
0.8,Top30,0.9937994953262234,0.0013694333468822833,0.9937994953262234,0.0013694333468822833,0.9426450597726849,0.008727761941142397,0.927190622381378,0.006850490997774464,0.1222222222222222,0.1138550085106622,0.6213872499965589,0.03654178068090162,0.862410310976216,0.012278771839686191,0.9152519658166648,0.008167762259468202
0.8,Top40,0.9951277603942692,0.0019067706268629954,0.9951277603942692,0.0019067706268629954,0.9412310339279258,0.009302079692565336,0.9182554867674391,0.0038760377524286157,0.14606060606060606,0.08249996521690003,0.5803269900830876,0.013413377861386846,0.8458873966539923,0.006351951462177445,0.9044038358942782,0.004472424626945531
0.8,Top50,0.9962735493112884,0.0021819273052648366,0.9962735493112884,0.0021819273052648366,0.9392663213692604,0.010943665608181814,0.9187209265027454,0.0068136051640857185,0.10666666666666665,0.0983192080250175,0.5906523215346745,0.03389263183197012,0.8444285679827942,0.010623106403760144,0.9054830673065404,0.007976137738775627
0.8,Top60,0.9968626204118267,0.0012194666225322673,0.9968626204118267,0.0012194666225322673,0.9409747813113107,0.010889077509622327,0.9168075704363045,0.007092863510512406,0.09999999999999995,0.09128709291752765,0.574599495131111,0.03780330906256631,0.838703783774692,0.010835749777696427,0.9029331168250601,0.00833916503533207
0.8,Top70,0.9984749481325643,0.0006634547164591839,0.9984749481325643,0.0006634547164591839,0.9423629031212084,0.010174877166759645,0.9165215011377393,0.005032541827755262,0.03333333333333332,0.07453559924999295,0.5649299596247953,0.03161005094385646,0.8371360494507357,0.010268606864964763,0.9025360232559937,0.005894625241557168
0.8,Top80,0.9987961982686142,0.000448064620777225,0.9987961982686142,0.000448064620777225,0.9403081010679214,0.008863415230334022,0.9190957297868534,0.004169476992193484,0.0,0.0,0.568512696955928,0.03320366555561578,0.8401781474563318,0.008450058227753379,0.9058174721314091,0.004850348411922671
0.8,Top90,0.9989355943746812,0.0007793626649890768,0.9989355943746812,0.0007793626649890768,0.9400450800406019,0.010747921777906563,0.9195592980519965,0.005537977664491708,0.0,0.0,0.5610034905838741,0.02939109486794839,0.8437505239803709,0.011315252541486636,0.9065175226293707,0.006554487283941647
0.85,Top10,0.9935150835541059,0.001161313733997738,0.9935150835541059,0.001161313733997738,0.9448898878603883,0.009602660102542415,0.9327445991122509,0.013301752450416296,0.08,0.17888543819998318,0.6913692987024801,0.056644717752320765,0.8647840087494018,0.03461970776166206,0.9226191672954261,0.016191482809883865
0.85,Top100,0.9985653714803391,0.0006616880956850176,0.9985653714803391,0.0006616880956850176,0.9428053883772277,0.009697756375481585,0.9222959422310915,0.004487137514226451,0.0,0.0,0.5846167759409768,0.027470020190312066,0.8477944649994216,0.007168620694447259,0.9094381879703114,0.005334190186998
0.85,Top120,0.9982869446062337,0.0006696903857047862,0.9982869446062337,0.0006696903857047862,0.9421181729524004,0.010250641650750972,0.9216288147904029,0.004303644818324238,0.0,0.0,0.589982567687251,0.034693099616572506,0.8466649847820774,0.00748902753201623,0.9091946897056845,0.004377119018578912
0.85,Top130,0.9981006878979466,0.000602265055508485,0.9981006878979466,0.000602265055508485,0.9416672998188899,0.009233540495875306,0.9229017533860852,0.00759307897056774,0.0,0.0,0.59859988065239,0.04091771954620328,0.8495631482588767,0.014412052445215892,0.9107857567814241,0.008766823641622255
0.85,Top140,0.998008846122184,0.0008454216148462612,0.998008846122184,0.0008454216148462612,0.94351653381883,0.008631737728055242,0.9189074068798397,0.007319960537825336,0.0,0.0,0.5759761425607455,0.03325605909002233,0.8395312895283968,0.011851759079262711,0.9053617621774699,0.007879769553594759
0.85,Top15,0.9916037484048609,0.001215607778528911,0.9916037484048609,0.001215607778528911,0.9443163633034513,0.006191284460047165,0.9360695810470772,0.009831303031782049,0.09,0.12449899597988733,0.6964480482204364,0.028388767020997296,0.8768629054108874,0.024339991507743134,0.9262587100030946,0.011567547592989566
0.85,Top20,0.9941929218447492,0.000878403044678347,0.9941929218447492,0.000878403044678347,0.9424740836179334,0.009300423310196213,0.93932963388661,0.0037474491798831664,0.05,0.11180339887498948,0.6806394657149037,0.04248263474731329,0.8839700442130297,0.007674166963235012,0.929701068221801,0.004395892795012292
0.85,Top25,0.996452248193721,0.0011643196668622382,0.996452248193721,0.0011643196668622382,0.9453955234682139,0.007553157460851784,0.9330766402943873,0.00682565755886336,0.1222222222222222,0.1138550085106622,0.645787728026534,0.03432679605480075,0.8694270631718976,0.012653273643657304,0.9222625402692923,0.008192246361346597
0.85,Top30,0.9970490267346724,0.0006733307147666334,0.9970490267346724,0.0006733307147666334,0.9427405284959989,0.00887772881128555,0.9341313647432756,0.005942778372206509,0.0,0.0,0.6301685586515309,0.03496237484552925,0.8706525060111436,0.01050676284142854,0.923484534687238,0.007152602576831409
0.85,Top40,0.9976013083970919,0.00044525326038381987,0.9976013083970919,0.00044525326038381987,0.9432916652047332,0.011098911755227158,0.9290510545297689,0.006885395723098768,0.1222222222222222,0.1138550085106622,0.6157771179092106,0.03188588051874452,0.8626147776761055,0.0129949563270106,0.9178028776411755,0.008428050830908331
0.85,Top50,0.9972736666029853,0.0005473728802606378,0.9972736666029853,0.0005473728802606378,0.9404525055877994,0.009791848240004437,0.9274848413154562,0.0073329926560584515,0.1222222222222222,0.1138550085106622,0.6231825396825397,0.05054530994334518,0.8586857657324675,0.015553525192139993,0.9155592316013141,0.008787723305374692
0.85,Top60,0.9976420178047233,0.0005030624250756411,0.9976420178047233,0.0005030624250756411,0.9392560670069494,0.009900992473117876,0.924091803401428,0.006264011442745523,0.06666666666666664,0.09128709291752765,0.6046203687991403,0.0520509262803018,0.8497536679724504,0.01161166703865084,0.9114814260233937,0.007413228830833951
0.85,Top70,0.9980092362553868,0.0007979682632803985,0.9980092362553868,0.0007979682632803985,0.9381256186513351,0.009804001700302269,0.9220090873798249,0.004048571951305515,0.0,0.0,0.5821041239577825,0.03439495801465524,0.8431569205928442,0.006652543217072903,0.9086154832205974,0.004309174934778189
0.85,Top80,0.9976364732038256,0.00060384436580586,0.9976364732038256,0.00060384436580586,0.9413475668134085,0.008120391229723193,0.9230536960975486,0.0033497053312873597,0.0,0.0,0.596000096639366,0.03155933623546785,0.8450998563878654,0.007329303755178072,0.9104330623296638,0.003815218145877917
0.85,Top90,0.9984712095627211,0.0010065254043481694,0.9984712095627211,0.0010065254043481694,0.9409793547486298,0.009586330086522241,0.9229892540349376,0.004572641512116004,0.0,0.0,0.5776283971529418,0.035472212673670685,0.8487486528931572,0.008647692503345615,0.9108496745649042,0.00535056422449667
0.9,Top10,0.992185401521871,0.0007088498288363358,0.992185401521871,0.0007088498288363358,0.9394738281843076,0.009925403820894884,0.9252778367106116,0.017588381054930935,0.0,0.0,0.6199533595456199,0.06658097007823441,0.840332906260987,0.0423463737072315,0.9121650455939416,0.02098416409258873
0.9,Top100,0.9977754395790128,0.000483877273807185,0.9977754395790128,0.000483877273807185,0.9410711288092142,0.00770660880136117,0.9273416149450154,0.005571446442056778,0.0,0.0,0.6210525536955238,0.03168012692663511,0.8554383428939343,0.0075747391330994885,0.9156572853618441,0.005779538374988599
0.9,Top120,0.9976828887624212,0.0005929417310567028,0.9976828887624212,0.0005929417310567028,0.9423586082904025,0.00824984016595327,0.9275431473665942,0.005887115033930227,0.0,0.0,0.6188404894969259,0.04278111982205976,0.8550570654450584,0.00991912736517486,0.9161968951998809,0.006823943882578982
0.9,Top130,0.9974502317412091,0.0006177404160008105,0.9974502317412091,0.0006177404160008105,0.9430499656294019,0.008685808057839408,0.926798715884283,0.006664758423059727,0.0,0.0,0.6229913940058868,0.048866603448478096,0.8549603262208405,0.013863271319331516,0.9153662428120486,0.008380747039288225
0.9,Top140,0.9974975326493183,0.0003818888428240843,0.9974975326493183,0.0003818888428240843,0.9415468696449316,0.008270657694751299,0.9236306581440784,0.0058386503684635955,0.0,0.0,0.5981447451592379,0.03758690184379633,0.8471815564389656,0.009137004899818684,0.9112386416515145,0.006471843992446233
0.9,Top15,0.9924346962055457,0.0010273016841452112,0.9924346962055457,0.0010273016841452112,0.9407879831840148,0.007108194572500446,0.9390508622671948,0.01394476678876632,0.0,0.0,0.6790173656131102,0.015165565204123512,0.8762203035024477,0.03154302031782009,0.9286962934325267,0.016159242336379866
0.9,Top20,0.9941117848547598,0.0006200323881725176,0.9941117848547598,0.0006200323881725176,0.9418836987468866,0.01078758059434758,0.9413586779153459,0.005941187313469446,0.0,0.0,0.6866589707333598,0.020745883544842688,0.8823937504521,0.016649301497251006,0.9319549576236268,0.007998172350921899
0.9,Top25,0.9967644199055687,0.0012804139451552665,0.9967644199055687,0.0012804139451552665,0.9420825336339499,0.011584065431241512,0.9400364305071867,0.003555770168244196,0.0,0.0,0.6977260065117804,0.02425648129107756,0.8779738855838147,0.01106768216037733,0.930050018012545,0.0043584239463235405
0.9,Top30,0.9970859520941694,0.0007200545610439364,0.9970859520941694,0.0007200545610439364,0.9417164292862747,0.012803788060424067,0.938722356718463,0.0050236641526710205,0.0,0.0,0.6932674469893039,0.029947878749322313,0.8744867080268218,0.010183193358144996,0.928411308518279,0.0055968521603971455
0.9,Top40,0.9983826217311991,0.00039716263328248586,0.9983826217311991,0.00039716263328248586,0.9438147044482215,0.010676725609189674,0.9359679270575081,0.004079831340519766,0.0,0.0,0.6477876611099478,0.024305208198286396,0.8701673310012531,0.008042101760393982,0.9252298151273386,0.00468243268367559
0.9,Top50,0.9974518185550366,0.0009373405920506107,0.9974518185550366,0.0009373405920506107,0.9408070667340388,0.01039694058171322,0.9293147587845578,0.004958035371468701,0.0,0.0,0.6291193836632882,0.05685782032829637,0.856966360654285,0.010260713340584947,0.9182251260945588,0.005980337425781586
0.9,Top60,0.9974070191283358,0.0006472325664610849,0.9974070191283358,0.0006472325664610849,0.9418387372375813,0.011026691666661856,0.930596841597738,0.004996087543368903,0.0,0.0,0.6417133687245886,0.0655816615670506,0.8582289542532318,0.007700268978972202,0.9187683034497857,0.005482784042583209
0.9,Top70,0.9975417682937717,0.0009998434226088121,0.9975417682937717,0.0009998434226088121,0.9421512257507535,0.009738132965130989,0.9263662354223481,0.004282549052487165,0.0,0.0,0.6239663950689837,0.04900388454734033,0.8492971174805961,0.004744689742977474,0.9143280517659044,0.0031097937061788407
0.9,Top80,0.9973576909357582,0.00048226855319053835,0.9973576909357582,0.00048226855319053835,0.9417071496713151,0.010438432410590217,0.9236056094635181,0.0041127221751298204,0.0,0.0,0.6350335923667126,0.03483362431216743,0.8414039894898894,0.007972369497864222,0.9108266239279444,0.004368469026283461
0.9,Top90,0.99772863956261,0.0006663530577149278,0.99772863956261,0.0006663530577149278,0.9397048942362595,0.00867407450785029,0.9255081856947956,0.004157382064411489,0.0,0.0,0.6116496828938492,0.04058635598031161,0.848691207452721,0.006423664011442664,0.9129910523168785,0.004128356137802185
0.95,Top10,0.9809076274813817,0.005866003979800374,0.9809076274813817,0.005866003979800374,0.924428916886403,0.011464619681142154,0.8929727132973314,0.00994260529849103,0.0,0.0,0.579772644984455,0.05591835417707236,0.7570678299235983,0.03673028490415542,0.8721570889730094,0.012649437915500846
0.95,Top100,0.9965188764971675,0.0006443902845284906,0.9965188764971675,0.0006443902845284906,0.942430492254144,0.006886364410359077,0.9340491213627062,0.006948751176864594,0.0,0.0,0.6669844972071741,0.020442712923223874,0.8651604983079034,0.01442172172354496,0.9228184989855931,0.008147497792138575
0.95,Top120,0.9963324425768814,0.0007856575951852285,0.9963324425768814,0.0007856575951852285,0.9448029291064236,0.00703159348021856,0.9324179973691503,0.0020306941877759593,0.0,0.0,0.6484938729329678,0.03656523236480008,0.8614551886104287,0.00629848367247769,0.9209599517469963,0.002513616530536461
0.95,Top130,0.9960056132006727,0.0008564259944339455,0.9960056132006727,0.0008564259944339455,0.9436970789522766,0.0065360762205105855,0.9352771938513502,0.003054086597827008,0.0,0.0,0.6610593208226735,0.04353699430081159,0.8695090885367271,0.008737113545142923,0.9250746013334588,0.004096619707304815
0.95,Top140,0.9962402038306781,0.0006048291550635669,0.9962402038306781,0.0006048291550635669,0.9437560079588069,0.008052940186835129,0.9314191658456933,0.003904352677128253,0.0,0.0,0.6369068791685941,0.04448065167511948,0.8617669247474563,0.008014321234110923,0.92013656445719,0.005095595996377487
0.95,Top15,0.9808652106322974,0.004121943876995622,0.9808652106322974,0.004121943876995622,0.9281450490965814,0.010411580477290955,0.9095221983730761,0.01578300921307139,0.0,0.0,0.6273244068592906,0.049672534938892635,0.7909444265505806,0.04670025785180468,0.8926989055900701,0.021478728897608677
0.95,Top20,0.9841273878488306,0.0011623855528157796,0.9841273878488306,0.0011623855528157796,0.9322926451687057,0.010828248841567491,0.9109268159366991,0.016843271936603364,0.0,0.0,0.671598968407479,0.035614766449399426,0.7864350847409671,0.046096277149499126,0.8933061338716877,0.020605307868022553
0.95,Top25,0.9912834009583124,0.0006805098448738696,0.9912834009583124,0.0006805098448738696,0.9371874139423,0.01060740982185457,0.9179744959695194,0.016300354744076324,0.0,0.0,0.6655561759892172,0.04347768880980301,0.8120811820973509,0.04339956762718953,0.9027229664419874,0.0192624632032447
0.95,Top30,0.9911377955963596,0.001108730463489881,0.9911377955963596,0.001108730463489881,0.9382432917450491,0.007706859667172078,0.9124344225699861,0.011761189661391306,0.0,0.0,0.6494222919937205,0.026308748788839705,0.8005836223922523,0.029845017372831503,0.8957819680386235,0.013883821897463339
0.95,Top40,0.9935784750563705,0.0010600583946813642,0.9935784750563705,0.0010600583946813642,0.9409291574332789,0.008143772194818212,0.9202047507382438,0.0069837304145964185,0.0,0.0,0.6931658116685505,0.020537543130252703,0.8239747469795514,0.016444980985915653,0.9053879351876081,0.007763453665196678
0.95,Top50,0.9952169735695847,0.000808419784479388,0.9952169735695847,0.000808419784479388,0.9436787176557265,0.008742457984795836,0.9210371070843,0.0030815190983519277,0.0,0.0,0.6754278513913402,0.026184664687191477,0.8317052813934485,0.006882345725666073,0.9076221163381029,0.00447013411281852
0.95,Top60,0.994655163306516,0.0011838805324833927,0.994655163306516,0.0011838805324833927,0.9404268298294614,0.012033001694473328,0.9203491188637578,0.006583064626387433,0.0,0.0,0.6681134244198655,0.02544659277156871,0.8282601386138435,0.01473102603111274,0.9059742513865393,0.007033556716232241
0.95,Top70,0.9948889364688048,0.001589895399360288,0.9948889364688048,0.001589895399360288,0.9399552286213264,0.008382919338338367,0.9149196221765534,0.008889656786872849,0.0,0.0,0.6601349937856097,0.033890245365205636,0.8135737640749989,0.026273746271439056,0.8992550701715176,0.010907778699492844
0.95,Top80,0.9959595927745705,0.0007181916715274805,0.9959595927745705,0.0007181916715274805,0.9417816026420816,0.005221033116348629,0.9150809232877849,0.005156686092603985,0.0,0.0,0.6632503447355527,0.041590926521036076,0.8153850798830561,0.007974527907918631,0.8995879013983007,0.004647127363171698
0.95,Top90,0.9965206579725207,0.0003224267745483322,0.9965206579725207,0.0003224267745483322,0.9430494453445307,0.009585006866929303,0.9205945521960517,0.009168852223121079,0.0,0.0,0.6259012343980765,0.05756705154720757,0.8310052444063836,0.021794073611034546,0.9062006508888896,0.010764236236706477
