threshold,topN,train_BA,train_BA_std,val_BA,val_BA_std,test_BA,test_BA_std,ext_BA,ext_BA_std,rmSim_0.6,rmSim_0.6_std,rmSim_0.7,rmSim_0.7_std,rmSim_0.8,rmSim_0.8_std,rmSim_0.9,rmSim_0.9_std
0.1,Top10,0.5483458107517649,0.09607953710992373,0.5483458107517649,0.09607953710992373,0.5167030600118835,0.03838503626916629,0.515824948715444,0.035385661068180696,0.4333333333333333,0.149071198499986,0.5103157894736843,0.02306680650473469,0.517793427230047,0.03978731283908077,0.5159169550173011,0.03559139341349146
0.1,Top100,0.6194060143176465,0.030320032581002142,0.6194060143176465,0.030320032581002142,0.5127297555385791,0.01173738440740922,0.5,0.0,0.5,0.0,0.5,0.0,0.5,0.0,0.5,0.0
0.1,Top120,0.7772382119832468,0.06895129763249859,0.7772382119832468,0.06895129763249859,0.5714132175242106,0.04558851196981741,0.4997167138810198,0.0006334470191217716,0.5,0.0,0.5,0.0,0.5,0.0,0.5,0.0
0.1,Top130,0.8054831880448774,0.054783220464647356,0.8054831880448774,0.054783220464647356,0.5743212261822193,0.0457344277800313,0.49943342776203964,0.0007758109879676855,0.5,0.0,0.5,0.0,0.5,0.0,0.5,0.0
0.1,Top140,0.8286424144383714,0.044585126430942056,0.8286424144383714,0.044585126430942056,0.5919481678679844,0.025565033953477312,0.49943342776203964,0.0007758109879676855,0.5,0.0,0.5,0.0,0.5,0.0,0.5,0.0
0.1,Top15,0.5361379356535717,0.08080688068789958,0.5361379356535717,0.08080688068789958,0.5089081289081289,0.019919181790907212,0.5086288300608903,0.019294650582444225,0.4666666666666666,0.07453559924999299,0.5038947368421052,0.008708896333420216,0.5099342723004694,0.02221370817084298,0.508719723183391,0.019497893783043146
0.1,Top20,0.5,0.0,0.5,0.0,0.5,0.0,0.5,0.0,0.5,0.0,0.5,0.0,0.5,0.0,0.5,0.0
0.1,Top25,0.5,0.0,0.5,0.0,0.5,0.0,0.5,0.0,0.5,0.0,0.5,0.0,0.5,0.0,0.5,0.0
0.1,Top30,0.5,0.0,0.5,0.0,0.5,0.0,0.5,0.0,0.5,0.0,0.5,0.0,0.5,0.0,0.5,0.0
0.1,Top40,0.5,0.0,0.5,0.0,0.5,0.0,0.5,0.0,0.5,0.0,0.5,0.0,0.5,0.0,0.5,0.0
0.1,Top50,0.5582188859506952,0.1292772672009954,0.5582188859506952,0.1292772672009954,0.51001924001924,0.022403701765906968,0.5,0.0,0.5,0.0,0.5,0.0,0.5,0.0,0.5,0.0
0.1,Top60,0.5633360063716506,0.13703536276084652,0.5633360063716506,0.13703536276084652,0.5113179413179413,0.02530768615227036,0.5,0.0,0.5,0.0,0.5,0.0,0.5,0.0,0.5,0.0
0.1,Top70,0.5110240567790013,0.01343862791216007,0.5110240567790013,0.01343862791216007,0.5012987012987014,0.002903984386363348,0.5,0.0,0.5,0.0,0.5,0.0,0.5,0.0,0.5,0.0
0.1,Top80,0.5221558550829689,0.013960941871212416,0.5221558550829689,0.013960941871212416,0.5021810542398778,0.003899430971029831,0.5,0.0,0.5,0.0,0.5,0.0,0.5,0.0,0.5,0.0
0.1,Top90,0.581616023655642,0.15809518868718977,0.581616023655642,0.15809518868718977,0.5113179413179413,0.02530768615227036,0.5,0.0,0.5,0.0,0.5,0.0,0.5,0.0,0.5,0.0
0.2,Top10,0.7426276877283217,0.22803401689114633,0.7426276877283217,0.22803401689114633,0.6476996788614435,0.14841480742457044,0.5538048256325095,0.06816471997465448,0.4333333333333333,0.09938079899999067,0.527157894736842,0.06131703183742508,0.5421877934272301,0.0594443846028205,0.5541176470588235,0.06851674165608067
0.2,Top100,0.8893804728808401,0.02514497121930774,0.8893804728808401,0.02514497121930774,0.6105906670038296,0.024227524644951225,0.49943342776203964,0.0007758109879676855,0.5,0.0,0.5,0.0,0.5,0.0,0.5,0.0
0.2,Top120,0.9404817652596028,0.01743892048321453,0.9404817652596028,0.01743892048321453,0.686400992866325,0.0409614799625753,0.5017322783367523,0.004705444621142839,0.5,0.0,0.5,0.0,0.5,0.0,0.5011764705882353,0.0026306682088232756
0.2,Top130,0.9519451041496163,0.012499799555397735,0.9519451041496163,0.012499799555397735,0.6811495526082308,0.04057097513465766,0.504031128911465,0.0042454943508176465,0.5,0.0,0.5,0.0,0.5,0.0,0.5023529411764706,0.0032218973970891984
0.2,Top140,0.9508104392854756,0.013220210413470629,0.9508104392854756,0.013220210413470629,0.7005654950308272,0.0482285285863264,0.5074794047735339,0.005880963982537904,0.5,0.0,0.5,0.0,0.5,0.0,0.5058823529411764,0.0041594516540385
0.2,Top15,0.5903679765703013,0.202068938600302,0.5903679765703013,0.202068938600302,0.5597450697450698,0.13359403727044197,0.524170492657354,0.054046864631503176,0.4444444444444445,0.12422599874998833,0.516842105263158,0.03766009225262806,0.524244131455399,0.05421152598971319,0.5242906574394464,0.054315561252763045
0.2,Top20,0.5,0.0,0.5,0.0,0.5,0.0,0.5,0.0,0.5,0.0,0.5,0.0,0.5,0.0,0.5,0.0
0.2,Top25,0.5,0.0,0.5,0.0,0.5,0.0,0.5,0.0,0.5,0.0,0.5,0.0,0.5,0.0,0.5,0.0
0.2,Top30,0.5,0.0,0.5,0.0,0.5,0.0,0.5,0.0,0.5,0.0,0.5,0.0,0.5,0.0,0.5,0.0
0.2,Top40,0.5,0.0,0.5,0.0,0.5,0.0,0.5,0.0,0.5,0.0,0.5,0.0,0.5,0.0,0.5,0.0
0.2,Top50,0.6388043269640876,0.20841158843564792,0.6388043269640876,0.20841158843564792,0.5537806637806637,0.0878668153640626,0.5,0.0,0.5,0.0,0.5,0.0,0.5,0.0,0.5,0.0
0.2,Top60,0.6415221043903291,0.2083867107299321,0.6415221043903291,0.2083867107299321,0.5402528435616671,0.07367502655866731,0.5,0.0,0.5,0.0,0.5,0.0,0.5,0.0,0.5,0.0
0.2,Top70,0.6433140188123614,0.13098972230583286,0.6433140188123614,0.13098972230583286,0.5201237727414199,0.026544839362282885,0.5,0.0,0.5,0.0,0.5,0.0,0.5,0.0,0.5,0.0
0.2,Top80,0.7359727903566984,0.0351163898665028,0.7359727903566984,0.0351163898665028,0.5287561736105127,0.015451563360359853,0.5,0.0,0.5,0.0,0.5,0.0,0.5,0.0,0.5,0.0
0.2,Top90,0.7586962506661156,0.12019259056999375,0.7586962506661156,0.12019259056999375,0.56293755048972,0.08016501494406052,0.5,0.0,0.5,0.0,0.5,0.0,0.5,0.0,0.5,0.0
0.3,Top10,0.7771551825617266,0.25317140580984526,0.7771551825617266,0.25317140580984526,0.6788577653283536,0.16576024219585322,0.5980821204128814,0.09612483826688553,0.44444444444444436,0.05555555555555562,0.5849473684210527,0.08090519741975224,0.5888920187793427,0.0881579862808007,0.5991003460207612,0.09693788763666189
0.3,Top100,0.9661243768978769,0.007043267423715136,0.9661243768978769,0.007043267423715136,0.7107696824783606,0.029770419713171577,0.5063299794861776,0.008899376574392185,0.5,0.0,0.5,0.0,0.5,0.0,0.5058823529411764,0.007204381596421121
0.3,Top120,0.9735123338262495,0.010897509587304146,0.9735123338262495,0.010897509587304146,0.7498684856359874,0.04535068276871123,0.5132265312103155,0.005880963982537897,0.5,0.0,0.5,0.0,0.5,0.0,0.5117647058823529,0.00415945165403853
0.3,Top130,0.9798204969579594,0.004064564292377541,0.9798204969579594,0.004064564292377541,0.750069784337286,0.04605649804429529,0.5132265312103155,0.005880963982537897,0.5,0.0,0.5,0.0,0.5,0.0,0.5117647058823529,0.00415945165403853
0.3,Top140,0.9766975291496411,0.0054662850531112675,0.9766975291496411,0.0054662850531112675,0.7568153426743398,0.04203897086926504,0.5155253817850282,0.008714513246631233,0.5,0.0,0.5,0.0,0.5014084507042254,0.0031493915176053493,0.5141176470588235,0.006706914265289109
0.3,Top15,0.5941045964343993,0.2104242746225011,0.5941045964343993,0.2104242746225011,0.5658682058682059,0.14728578587725885,0.5348148871739767,0.0778484543499976,0.45555555555555555,0.09938079899999065,0.5273684210526316,0.06119764991052055,0.5306948356807512,0.06863573914034565,0.5350173010380622,0.07830106550968122
0.3,Top20,0.5,0.0,0.5,0.0,0.5,0.0,0.5,0.0,0.5,0.0,0.5,0.0,0.5,0.0,0.5,0.0
0.3,Top25,0.5,0.0,0.5,0.0,0.5,0.0,0.5,0.0,0.5,0.0,0.5,0.0,0.5,0.0,0.5,0.0
0.3,Top30,0.5,0.0,0.5,0.0,0.5,0.0,0.5,0.0,0.5,0.0,0.5,0.0,0.5,0.0,0.5,0.0
0.3,Top40,0.5,0.0,0.5,0.0,0.5,0.0,0.5,0.0,0.5,0.0,0.5,0.0,0.5,0.0,0.5,0.0
0.3,Top50,0.6921844344451079,0.2632086643270903,0.6921844344451079,0.2632086643270903,0.6005605211781683,0.14082643104408954,0.5057471264367817,0.008127664151569505,0.5,0.0,0.5,0.0,0.5014084507042254,0.0031493915176053337,0.5058823529411764,0.008318903308077033
0.3,Top60,0.6915178344054265,0.26230482789916226,0.6915178344054265,0.26230482789916226,0.5903307656395892,0.12951954160517679,0.5043144150304452,0.007465741787046651,0.5,0.0,0.5,0.0,0.5014084507042254,0.0031493915176053337,0.5047058823529411,0.007669649888473717
0.3,Top70,0.7716163055390397,0.24804056435567662,0.7716163055390397,0.24804056435567662,0.5986238505503211,0.0907848967832128,0.5028817036241087,0.004438365393621339,0.5,0.0,0.5,0.0,0.5,0.0,0.5035294117647059,0.005261336417646548
0.3,Top80,0.9450638956154711,0.02003715972743914,0.9450638956154711,0.02003715972743914,0.64982287547273,0.040573484561683186,0.5063299794861776,0.004613066720735003,0.5,0.0,0.5,0.0,0.5,0.0,0.5070588235294118,0.004921529567847479
0.3,Top90,0.9543930405197703,0.023991612168247533,0.9543930405197703,0.023991612168247533,0.6689446888445435,0.07149566873640761,0.5051805541988212,0.004137222961024497,0.5,0.0,0.5,0.0,0.5,0.0,0.5058823529411764,0.0041594516540385
0.4,Top10,0.7866718799698007,0.2616961457228739,0.7866718799698007,0.2616961457228739,0.6912465622612681,0.17592019996851893,0.6202696102373743,0.11062830981751011,0.3888888888888889,0.11111111111111112,0.5806315789473684,0.08277510164006774,0.6069859154929578,0.09833109684463882,0.6193079584775086,0.10979969921029879
0.4,Top100,0.9839482423547775,0.0021885380222256725,0.9839482423547775,0.0021885380222256725,0.7549656693511485,0.030476161290908216,0.5155253817850282,0.006854449773998494,0.5,0.0,0.5,0.0,0.5014084507042254,0.0031493915176053493,0.5141176470588235,0.00526133641764659
0.4,Top120,0.9852190868703061,0.0026550263873953497,0.9852190868703061,0.0026550263873953497,0.7745222958746389,0.046204170643294164,0.5270196346585914,0.015527074821983771,0.5,0.0,0.5,0.0,0.5126760563380282,0.01526724182301322,0.5258823529411765,0.014764588703542527
0.4,Top130,0.9867120071957455,0.0027600021886383806,0.9867120071957455,0.0027600021886383806,0.7734692704197629,0.044021175172862165,0.5235713587965224,0.009125190752622669,0.5,0.0,0.5,0.0,0.5070422535211268,0.008624963883039342,0.5223529411764706,0.00872493939658314
0.4,Top140,0.9860578753838787,0.0030469217440432317,0.9860578753838787,0.0030469217440432317,0.7797528202033126,0.03839731262468576,0.5247207840838788,0.008947610179569146,0.5,0.0,0.5,0.0,0.5084507042253521,0.007714402218382624,0.5235294117647059,0.007204381596421086
0.4,Top15,0.5955385847195499,0.2136307699070363,0.5955385847195499,0.2136307699070363,0.5684656084656086,0.15309375464998562,0.5397121552538179,0.08879907868056214,0.4333333333333333,0.149071198499986,0.5286315789473685,0.0640221568294677,0.5356619718309859,0.07974259322576716,0.5393771626297579,0.08805001240120279
0.4,Top20,0.5,0.0,0.5,0.0,0.5,0.0,0.5,0.0,0.5,0.0,0.5,0.0,0.5,0.0,0.5,0.0
0.4,Top25,0.5,0.0,0.5,0.0,0.5,0.0,0.5,0.0,0.5,0.0,0.5,0.0,0.5,0.0,0.5,0.0
0.4,Top30,0.5,0.0,0.5,0.0,0.5,0.0,0.5,0.0,0.5,0.0,0.5,0.0,0.5,0.0,0.5,0.0
0.4,Top40,0.5,0.0,0.5,0.0,0.5,0.0,0.5,0.0,0.5,0.0,0.5,0.0,0.5,0.0,0.5,0.0
0.4,Top50,0.6958802691006415,0.2682267327182561,0.6958802691006415,0.2682267327182561,0.6152443411708118,0.16035613736059032,0.5100778222786624,0.014534971946255276,0.36666666666666664,0.2173067468400883,0.484,0.026076809620810597,0.50437558685446,0.007706498049772252,0.5103806228373703,0.015199333654392619
0.4,Top60,0.6958173347109166,0.2681525466204833,0.6958173347109166,0.2681525466204833,0.6123458322723028,0.15446607231325615,0.5097782553482466,0.013542726955422598,0.4666666666666666,0.07453559924999299,0.496,0.00894427190999917,0.5049671361502347,0.006902877426621103,0.5090657439446367,0.01242884225413852
0.4,Top70,0.8005780331524172,0.2533356668339251,0.8005780331524172,0.2533356668339251,0.656090251252016,0.1441723161248711,0.5132265312103155,0.01592423827847521,0.5,0.0,0.5,0.0,0.504225352112676,0.006298783035210654,0.5129411764705882,0.014646940703516182
0.4,Top80,0.9847752913204753,0.001966388882217509,0.9847752913204753,0.001966388882217509,0.7363280891870863,0.0367598146286927,0.5120771059229592,0.004148515603326335,0.5,0.0,0.5,0.0,0.5,0.0,0.5105882352941176,0.0026306682088232756
0.4,Top90,0.9855388161335128,0.00610268899660528,0.9855388161335128,0.00610268899660528,0.7441458297026573,0.053306262046877335,0.5120771059229592,0.009125190752622659,0.5,0.0,0.5,0.0,0.5014084507042254,0.0031493915176053493,0.5117647058823529,0.0072043815964211375
0.5,Top10,0.868720518926931,0.15756003832460083,0.868720518926931,0.15756003832460083,0.7253208697620462,0.135354760568707,0.6387092572693823,0.12663230121855085,0.3333333333333333,0.1712337223046938,0.5791578947368421,0.0841921032479144,0.6214460093896713,0.11087228658922339,0.6370242214532873,0.12510146024208202
0.5,Top100,0.9900547355187737,0.0025132088929478457,0.9900547355187737,0.0025132088929478457,0.7846944732236174,0.026981552222302228,0.5373644622447983,0.02702407011913596,0.5,0.0,0.5052631578947369,0.007206875756646931,0.5183098591549296,0.024190935263827693,0.5364705882352941,0.025437350953458403
0.5,Top120,0.9901666499626046,0.0026764204286789614,0.9901666499626046,0.0026764204286789614,0.7913312705710889,0.03689395908264718,0.5500081404057179,0.023646861668185325,0.5,0.0,0.5105263157894737,0.011008684559658907,0.5338028169014084,0.02249115411643849,0.5494117647058824,0.0226298636019663
0.5,Top130,0.9914940566714187,0.002997943249648914,0.9914940566714187,0.002997943249648914,0.7882081392961069,0.03730432568378759,0.547426003712025,0.022521867941165966,0.4666666666666667,0.074535599249993,0.5091578947368421,0.0059149090935100585,0.5289107981220658,0.019691643045631927,0.5467128027681661,0.021103011653526803
0.5,Top140,0.9904608403669879,0.002752318240174816,0.9904608403669879,0.002752318240174816,0.795178845556139,0.03848361534421605,0.5465598645436488,0.02431850095015852,0.5,0.0,0.5078947368421053,0.011768778828946244,0.5295774647887324,0.02303581300534665,0.5458823529411765,0.023307779713128203
0.5,Top15,0.7396068005503431,0.13958704010952883,0.7396068005503431,0.13958704010952883,0.6365857383357383,0.12148218864074879,0.5474911269577676,0.09989197698963122,0.45555555555555555,0.09938079899999065,0.5391578947368421,0.08755971448736018,0.5407793427230047,0.08730191554157621,0.5470588235294118,0.09878150366909803
0.5,Top20,0.6623090184014104,0.034168984556397095,0.6623090184014104,0.034168984556397095,0.5659166666666666,0.0241587337437162,0.5,0.0,0.5,0.0,0.5,0.0,0.5,0.0,0.5,0.0
0.5,Top25,0.6484723705288564,0.042995151064498235,0.6484723705288564,0.042995151064498235,0.5607640692640692,0.03621579020027335,0.5,0.0,0.5,0.0,0.5,0.0,0.5,0.0,0.5,0.0
0.5,Top30,0.711186928054855,0.017947286773989518,0.711186928054855,0.017947286773989518,0.5852694805194805,0.0402835580846258,0.5,0.0,0.5,0.0,0.5,0.0,0.5,0.0,0.5,0.0
0.5,Top40,0.7140589639203397,0.04741079100460407,0.7140589639203397,0.04741079100460407,0.5845432900432901,0.03850348541233974,0.5,0.0,0.5,0.0,0.5,0.0,0.5,0.0,0.5,0.0
0.5,Top50,0.8250701989278072,0.1653383224928923,0.8250701989278072,0.1653383224928923,0.6639368191721132,0.13398189126801544,0.5281853407573833,0.038594367309471474,0.3333333333333333,0.23570226039551587,0.4878947368421052,0.017948834636820975,0.517793427230047,0.025163706109831107,0.527681660899654,0.03793309311361612
0.5,Top60,0.8595142216968406,0.12105139593637738,0.8595142216968406,0.12105139593637738,0.6870403969668676,0.11518707484419262,0.5235876396079581,0.03004130985022376,0.3333333333333333,0.23570226039551584,0.4878947368421052,0.026774941772582952,0.5135680751173709,0.0245956074214103,0.5229757785467128,0.028723474970685395
0.5,Top70,0.9410349613480282,0.06407810693272659,0.9410349613480282,0.06407810693272659,0.7324306396445739,0.08584941484758105,0.5313340496890364,0.034512095801115396,0.4666666666666666,0.07453559924999299,0.4986315789473684,0.0118718923619972,0.5162347417840375,0.02430629379229832,0.530242214532872,0.03303601392809048
0.5,Top80,0.98820140462414,0.0019691659018084614,0.98820140462414,0.0019691659018084614,0.7737367142787022,0.03514658161074417,0.5370811761258181,0.018887560839071504,0.4666666666666667,0.074535599249993,0.4986315789473684,0.01187189236199721,0.5190516431924882,0.011047158854234351,0.5361245674740485,0.01822547551530894
0.5,Top90,0.9885150895476414,0.003364178128975548,0.9885150895476414,0.003364178128975548,0.7801235513240438,0.043299078131435374,0.5324834749763928,0.017618318290214836,0.4666666666666667,0.074535599249993,0.496,0.008944271909999166,0.5148262910798123,0.013278851196065944,0.5314186851211072,0.017379407278970332
0.6,Top10,0.9312138990464524,0.07594237286878665,0.9312138990464524,0.07594237286878665,0.797374662420178,0.06637078465021662,0.687600534010615,0.11772361449939606,0.4111111111111111,0.16005400323208818,0.6370526315789473,0.06286400923031954,0.6598497652582159,0.10290960620090397,0.686159169550173,0.1153420126740162
0.6,Top100,0.9925560085730847,0.0017187524539838768,0.9925560085730847,0.0017187524539838768,0.7997526791299726,0.03029740053106371,0.5646673830223697,0.033750532461718226,0.4666666666666666,0.07453559924999299,0.5117894736842106,0.015083332695653049,0.5444037558685446,0.0272194491275842,0.5643598615916956,0.03230711185141193
0.6,Top120,0.9928800992251565,0.0018893522709768425,0.9928800992251565,0.0018893522709768425,0.8113011050787176,0.04251531997337663,0.5813421900947543,0.025321528282662906,0.5,0.0,0.5210526315789473,0.02728479125437855,0.5634553990610328,0.028192978851380026,0.5804844290657439,0.025324134060282975
0.6,Top130,0.9941117808332471,0.001847136663954299,0.9941117808332471,0.001847136663954299,0.8111871836688163,0.0418259888405683,0.579075901142913,0.023110002513056057,0.29999999999999993,0.1825741858350554,0.5102105263157894,0.011075165000052739,0.5581220657276995,0.023513206991806094,0.5777162629757785,0.02261822081923912
0.6,Top140,0.9931664353193852,0.002612189941683455,0.9931664353193852,0.002612189941683455,0.8121346392144211,0.038525394747209014,0.5730454885871511,0.023200406504805732,0.3333333333333333,0.1666666666666667,0.5010526315789473,0.03037849873834399,0.5511549295774648,0.02194062528583425,0.572318339100346,0.021414184701405978
0.6,Top15,0.8607470349411533,0.07029065440326202,0.8607470349411533,0.07029065440326202,0.7555300609432235,0.05899412697574431,0.5854384422519618,0.09362620063627411,0.5,0.09622504486493764,0.572,0.07790309343510696,0.5676901408450704,0.08608927241437428,0.5856747404844291,0.0919584269908554
0.6,Top20,0.8280320297769024,0.016405057102166963,0.8280320297769024,0.016405057102166963,0.7274950327905484,0.023343198820979273,0.5367816091954023,0.01384091330895667,0.5444444444444445,0.024845199749997687,0.5263157894736843,0.020804458290581463,0.5211267605633803,0.011134780493550617,0.5376470588235295,0.014166581857402744
0.6,Top25,0.8368195998772947,0.011892118343569931,0.8368195998772947,0.011892118343569931,0.7301454656909813,0.04077003973485642,0.532183908045977,0.008715948786266097,0.5444444444444445,0.024845199749997687,0.5131578947368421,0.009304036594559835,0.5154929577464789,0.007714402218382605,0.5329411764705883,0.00892102993417838
0.6,Top30,0.8577258787667622,0.009114533462469258,0.8577258787667622,0.009114533462469258,0.7375599678554834,0.03490677405406552,0.5287356321839081,0.009954314986028015,0.5333333333333334,0.030429030972509256,0.5105263157894737,0.011008684559658876,0.5169014084507042,0.01178394403569118,0.5294117647058825,0.010188534162169935
0.6,Top40,0.8701832020694956,0.02305968511502159,0.8701832020694956,0.02305968511502159,0.7301176851698548,0.03277036296737232,0.5229885057471264,0.004063832075784741,0.5,0.0,0.5,0.0,0.5070422535211268,0.0,0.5235294117647059,0.0041594516540385
0.6,Top50,0.916733039506115,0.07488360222991754,0.916733039506115,0.07488360222991754,0.7478808985360093,0.06251836597505303,0.5532056917716779,0.04675062431289176,0.34444444444444444,0.22703129713002834,0.4957894736842105,0.006182810591826695,0.5299530516431925,0.03137218338818644,0.5518339100346021,0.04431592596669134
0.6,Top60,0.9357433910778351,0.052270633130908524,0.9357433910778351,0.052270633130908524,0.7605815606190243,0.06702200811369619,0.5543388362475985,0.05176182271140701,0.3333333333333333,0.23570226039551584,0.49842105263157893,0.011920791213585446,0.5340281690140845,0.043146822154466254,0.5532179930795849,0.050214396485434104
0.6,Top70,0.977867073284591,0.020236153820684884,0.977867073284591,0.020236153820684884,0.7823990999018957,0.05167984190477838,0.567282081338934,0.05014675800139828,0.25555555555555554,0.23765832929119377,0.4811578947368421,0.032321103626147867,0.543962441314554,0.04635884107177259,0.566643598615917,0.04867012948465283
0.6,Top80,0.9913339689521206,0.0021937213565633423,0.9913339689521206,0.0021937213565633423,0.7975813587148419,0.03187459929418866,0.582224610074566,0.025129838808664765,0.2444444444444444,0.23107371492317133,0.4811578947368421,0.03201107841473382,0.5580469483568076,0.022942274229813098,0.5819377162629757,0.023518468857773516
0.6,Top90,0.9918217625575247,0.0019210839052216612,0.9918217625575247,0.0019210839052216612,0.7951410000311372,0.036032463198951085,0.5672658005274982,0.017170709662385247,0.36666666666666664,0.13944333775567927,0.4945263157894736,0.02540966291647892,0.5466291079812207,0.017096145986352534,0.5668512110726643,0.015473358242990015
0.7,Top10,0.9624966735912169,0.03706715774430883,0.9624966735912169,0.03706715774430883,0.8293993734238596,0.038659700470675365,0.7416723649506691,0.08195119034849228,0.3555555555555555,0.1394433377556793,0.6842105263157895,0.029169007952461266,0.7144131455399061,0.07048532412130079,0.741522491349481,0.07913026525498171
0.7,Top100,0.9954211366586285,0.0017638991661925246,0.9954211366586285,0.0017638991661925246,0.8134957432519958,0.03220509656289001,0.5997655563153268,0.0381197154164035,0.33333333333333326,0.16666666666666669,0.5286315789473683,0.018291272156936312,0.5778403755868544,0.03435201995982414,0.6000692041522491,0.036500188246814495
0.7,Top120,0.9959521185921012,0.001714695466747523,0.9959521185921012,0.001714695466747523,0.8199931957099885,0.0353446791634582,0.6167562111295627,0.026997195275924122,0.21111111111111108,0.18592445034090566,0.5126315789473683,0.02956986187492152,0.5887417840375587,0.026059074423839278,0.6157785467128027,0.025873700976053828
0.7,Top130,0.996586571634625,0.0018008431606260358,0.996586571634625,0.0018008431606260358,0.8202151682536284,0.036644675457683094,0.6124417960991175,0.03272676084071656,0.22222222222222218,0.11785113019775795,0.5245263157894737,0.02592232163604892,0.5844413145539906,0.031367134941601926,0.6117647058823529,0.030826935049885644
0.7,Top140,0.9964427466086608,0.002339617252199631,0.9964427466086608,0.002339617252199631,0.8226751667662606,0.04098856984194165,0.6006642571065741,0.027010781277184155,0.3,0.12171612389003693,0.5141052631578947,0.035531968361227455,0.5710985915492958,0.028134380117118094,0.5996539792387543,0.025595013268332693
0.7,Top15,0.9254928706358012,0.04044976626052226,0.9254928706358012,0.04044976626052226,0.8094973348306445,0.046116608640706755,0.6693790498518446,0.08303026249572237,0.5222222222222223,0.1987615979999813,0.6521052631578947,0.09157592251507776,0.6531643192488262,0.07826051405766506,0.6711418685121108,0.08151179866546669
0.7,Top20,0.9131349674011867,0.013662805925935877,0.9131349674011867,0.013662805925935877,0.7918923543708607,0.027953552466721612,0.619273224577513,0.056029187874337354,0.5111111111111111,0.13833221775543036,0.602421052631579,0.06737828875100528,0.6065258215962441,0.06427717859244021,0.6217993079584775,0.05729387063810765
0.7,Top25,0.9252164947780928,0.011284202248710662,0.9252164947780928,0.011284202248710662,0.7814828526786871,0.044876919542905146,0.5991501416430595,0.04494612654797385,0.5111111111111111,0.07243558228002948,0.5656842105263158,0.03970354129212828,0.5853239436619718,0.053316836865531285,0.6013148788927335,0.04581568376515613
0.7,Top30,0.9347583446397912,0.011411387591555754,0.9347583446397912,0.011411387591555754,0.7871628725953991,0.03948883514987298,0.5985672885936635,0.03251294226637247,0.5555555555555556,0.0,0.5605263157894737,0.023902502795506538,0.5838403755868544,0.04056371174442899,0.5996539792387543,0.03432327123385345
0.7,Top40,0.9467797215018201,0.014513447814716663,0.9467797215018201,0.014513447814716663,0.7849968044359849,0.036700162063078634,0.5678160919540229,0.021272132785427254,0.5444444444444445,0.024845199749997687,0.5289473684210526,0.011008684559658867,0.5507042253521127,0.02193297394703867,0.5694117647058824,0.021772653556849108
0.7,Top50,0.96443443721412,0.03242261030755889,0.96443443721412,0.03242261030755889,0.7889771775976204,0.05898353023736639,0.6009312624141188,0.06071415350593455,0.32222222222222224,0.20934937423796415,0.5193684210526316,0.030930625617792393,0.5801408450704225,0.04866461585980954,0.6006920415224913,0.05872982563121694
0.7,Top60,0.9723215299189398,0.02033462619605569,0.9723215299189398,0.02033462619605569,0.7999046433291179,0.05395348300264469,0.611842662238286,0.061677949366355005,0.3333333333333333,0.22566773346211003,0.522,0.0504651493799341,0.5842910798122066,0.06054003444200863,0.6119723183391004,0.06032760583763634
0.7,Top70,0.990593958801476,0.006930358308907849,0.990593958801476,0.006930358308907849,0.8078544130776633,0.04073393946704894,0.6098433785939891,0.04388371754773695,0.1555555555555555,0.14907119849998596,0.48884210526315786,0.015922248758896064,0.5808826291079813,0.03351473815056827,0.6097577854671281,0.042226868695104336
0.7,Top80,0.9947797939379347,0.0011057158774759716,0.9947797939379347,0.0011057158774759716,0.8185278082314269,0.03459374504610874,0.6311484484386701,0.02195772281308954,0.06666666666666662,0.024845199749997684,0.49526315789473685,0.028525636037735273,0.5995680751173709,0.016535768453366788,0.6310034602076124,0.020034273383586012
0.7,Top90,0.9950258214478739,0.0013038558216267727,0.9950258214478739,0.0013038558216267727,0.8131127918035668,0.03364401283982924,0.6239197681612452,0.01391398284741034,0.15555555555555553,0.09938079899999065,0.49936842105263163,0.0274906178908762,0.5977089201877934,0.01326145241057374,0.6245674740484428,0.011853420853259945
0.8,Top10,0.9823891698567835,0.010935847436803666,0.9823891698567835,0.010935847436803666,0.8500848166053107,0.04184144635705336,0.7981081697111784,0.059356792573778454,0.4222222222222222,0.06334307917217434,0.7261052631578947,0.03147482835448986,0.7703192488262911,0.04310547471296807,0.7980622837370243,0.05571503764223214
0.8,Top100,0.9982141010150425,0.0009088763206458622,0.9982141010150425,0.0009088763206458622,0.8333905379929438,0.03720444922617301,0.664214776464459,0.037624124974718995,0.09999999999999995,0.04648111258522642,0.5321052631578947,0.0383615256239823,0.6299624413145539,0.03773108029169579,0.6640830449826989,0.03687711291409766
0.8,Top120,0.9976780417023388,0.0010219536906341362,0.9976780417023388,0.0010219536906341362,0.8308515900321833,0.039131917821750024,0.6760248770798737,0.030669491215712042,0.11111111111111108,0.039283710065919304,0.54,0.044230885036767455,0.643605633802817,0.02665553477233174,0.6757785467128028,0.028192730317295314
0.8,Top130,0.9974467513081736,0.0009712644580885456,0.9974467513081736,0.0009712644580885456,0.8296831946792654,0.03115633602907365,0.6763081631988538,0.03275377472447932,0.22222222222222224,0.0,0.5676842105263158,0.048591804194771895,0.6428638497652581,0.03109204332184066,0.6749480968858131,0.032021973454529715
0.8,Top140,0.9976322808214453,0.001019335828617198,0.9976322808214453,0.001019335828617198,0.8367077284471452,0.028630306626177205,0.6645306242063105,0.031734630985751994,0.13333333333333328,0.074535599249993,0.5334736842105263,0.044725385529957425,0.628112676056338,0.033590120473675676,0.6640138408304498,0.029599441921789617
0.8,Top15,0.9646043492268666,0.015422481649112611,0.9646043492268666,0.015422481649112611,0.8373965217197835,0.03983735460678587,0.7455895281820846,0.044575322499392604,0.34444444444444444,0.1138550085106622,0.6858947368421052,0.013123111920653407,0.730488262910798,0.035180089482915185,0.7483044982698962,0.041661819300337105
0.8,Top20,0.9643565304230048,0.005234322249659711,0.9643565304230048,0.005234322249659711,0.8308541888293013,0.03661545773937206,0.7072612419002964,0.03996905816725864,0.28888888888888886,0.09128709291752765,0.6519999999999999,0.04242705978101771,0.6950422535211268,0.04394172581104403,0.7114186851211073,0.04052876642331519
0.8,Top25,0.9722231748095668,0.0082131462687123,0.9722231748095668,0.0082131462687123,0.8225555751563866,0.037122061515424576,0.6957669890267331,0.04843478412739404,0.28888888888888886,0.09128709291752765,0.6177894736842106,0.06352023256095912,0.6781408450704226,0.05029676308229663,0.6996539792387544,0.04894573441644985
0.8,Top30,0.9778213806971581,0.005198407429516446,0.9778213806971581,0.005198407429516446,0.822558424204751,0.03794990545956952,0.7041125329686431,0.04103232366915413,0.28888888888888886,0.09128709291752765,0.6177894736842106,0.0631923151819977,0.6874084507042253,0.04235735026082178,0.7068512110726644,0.04092666512434426
0.8,Top40,0.9825986026300878,0.007141378323173701,0.9825986026300878,0.007141378323173701,0.819112223297876,0.04131763446244668,0.6526391195337176,0.020665338555970306,0.2333333333333333,0.10686324478706305,0.5507368421052632,0.0229946398668011,0.6300281690140845,0.019547228990611412,0.6534948096885813,0.018620289938008752
0.8,Top50,0.9883480310552137,0.009703652835475248,0.9883480310552137,0.009703652835475248,0.8193526788717751,0.04577131996766934,0.674842890169646,0.05294523934052875,0.2444444444444444,0.04969039949999532,0.5677894736842106,0.06444564374129504,0.6468638497652582,0.04710163242424163,0.6758477508650519,0.05053644767799881
0.8,Top60,0.9907930520560594,0.006135440155539312,0.9907930520560594,0.006135440155539312,0.8260427024764929,0.050541108826836205,0.6656474878707954,0.05956509985012567,0.2,0.049690399499995326,0.5388421052631578,0.06965625930118406,0.6299624413145539,0.05800920614843982,0.6652595155709342,0.057964726203462595
0.8,Top70,0.9960834737928504,0.0029231485628661343,0.9960834737928504,0.0029231485628661343,0.8384382550341407,0.040525938115540186,0.6699781837126763,0.04261112708935345,0.14444444444444443,0.074535599249993,0.5282105263157895,0.05646880343847252,0.6322629107981221,0.04607207332908587,0.6694117647058824,0.041064807450401725
0.8,Top80,0.9980814900356684,0.0003975186363534824,0.9980814900356684,0.0003975186363534824,0.8381995411041165,0.03511413649762904,0.6961805216371985,0.022335120606383964,0.12222222222222219,0.07243558228002944,0.5373684210526315,0.057804954306549444,0.6566572769953052,0.026824924662139264,0.6958477508650518,0.02135259324642424
0.8,Top90,0.997982813359029,0.0009527315224945688,0.997982813359029,0.0009527315224945688,0.836040975741531,0.04100227869410516,0.6811728696558237,0.031568858619300436,0.11111111111111108,0.05555555555555555,0.5242105263157895,0.05312270852154303,0.6461971830985915,0.037930771348698274,0.6813840830449827,0.030723253343313342
0.85,Top10,0.9879136596413252,0.004477589096919513,0.9879136596413252,0.004477589096919513,0.8714348853750623,0.03983125577907567,0.8335384715574223,0.021113377221441198,0.47777777777777775,0.07453559924999298,0.7454736842105263,0.04015137561764131,0.8048732394366198,0.01215714985606067,0.8334948096885814,0.017291346766645857
0.85,Top100,0.997852525603974,0.001139672773336642,0.997852525603974,0.001139672773336642,0.8531086325311739,0.027798387869427413,0.6992966689459803,0.033771525411102926,0.16666666666666666,0.07856742013183862,0.5663157894736843,0.04798574349686962,0.6639906103286385,0.0345402893074711,0.698477508650519,0.032796854620046625
0.85,Top120,0.9972155677350443,0.0009711172770829641,0.9972155677350443,0.0009711172770829641,0.8501647567129972,0.03180320340513794,0.7068086353423855,0.03296177354702706,0.17777777777777776,0.07243558228002944,0.5742105263157894,0.06199588941784078,0.672075117370892,0.03571639867420382,0.7071280276816608,0.030356888680582842
0.85,Top130,0.9976283647437703,0.0007888443697388948,0.9976283647437703,0.0007888443697388948,0.8510430635913039,0.02822221321217838,0.7125557617791671,0.04279090132711815,0.18888888888888886,0.074535599249993,0.5873684210526315,0.07110134782161207,0.6783755868544601,0.04955499250615676,0.7121799307958477,0.04247706104228838
0.85,Top140,0.9970580581750947,0.0015191633312690283,0.9970580581750947,0.0015191633312690283,0.8552718995701399,0.03068885646918136,0.6950310963498421,0.0440639528379237,0.1444444444444444,0.08425417160057282,0.5505263157894736,0.05928358066352009,0.6530985915492957,0.045474421724136474,0.6926643598615917,0.04155592656152747
0.85,Top15,0.9783728571131307,0.007506583020517448,0.9783728571131307,0.007506583020517448,0.8555092135784832,0.030528120458498828,0.7861678226042785,0.03517028729067873,0.37777777777777777,0.0724355822800294,0.7318947368421053,0.027400285094660914,0.7697089201877934,0.027016839747156116,0.7893425605536332,0.03207595659579093
0.85,Top20,0.9826492114225982,0.002684855854671519,0.9826492114225982,0.002684855854671519,0.8432483584433271,0.039534542613520775,0.7702451890202208,0.0316068609504584,0.3,0.1152024519629318,0.7045263157894737,0.05152467606659272,0.7567981220657277,0.03409786465971925,0.7739792387543252,0.03182394157147901
0.85,Top25,0.9876543380343673,0.004048599329000805,0.9876543380343673,0.004048599329000805,0.8420109259252188,0.04229316690692933,0.7406434176679366,0.042912694275696134,0.28888888888888886,0.09128709291752765,0.6546315789473685,0.05428507903737616,0.7158779342723005,0.04474978129316754,0.7429065743944637,0.041636952963217164
0.85,Top30,0.9901430504853443,0.002621548980185326,0.9901430504853443,0.002621548980185326,0.8385021601060977,0.04083005047196848,0.750721239946599,0.034845225897727525,0.2,0.04969039949999532,0.6373684210526316,0.05263157894736842,0.7252206572769953,0.03540870156766698,0.7529411764705882,0.03374101653248094
0.85,Top40,0.9918881303998581,0.001714923892475976,0.9918881303998581,0.001714923892475976,0.8353595053524498,0.0440426601304393,0.7159063527726222,0.03986954756324414,0.28888888888888886,0.09128709291752765,0.6098947368421053,0.05603026487281184,0.690300469483568,0.04303198644026162,0.7191003460207612,0.04040109128606752
0.85,Top50,0.9932004258726594,0.004037006694630351,0.9932004258726594,0.004037006694630351,0.8347366554320885,0.03652309360106404,0.7243007391488392,0.04924921643491675,0.29999999999999993,0.08425417160057273,0.6177894736842106,0.08403056428509821,0.6964600938967136,0.05039045674413287,0.7248442906574395,0.04726408014920704
0.85,Top60,0.99443709259594,0.002849067159983562,0.99443709259594,0.002849067159983562,0.8364613915031116,0.04709995963628017,0.7128227670867116,0.05211976370862396,0.22222222222222218,0.03928371006591933,0.5901052631578947,0.08406352300657527,0.6768920187793427,0.05125221612902808,0.7128719723183391,0.0505660538611768
0.85,Top70,0.9963359906780805,0.0026003835474597797,0.9963359906780805,0.0026003835474597797,0.841943164035522,0.03875252748510222,0.7117059034222265,0.04094736810230192,0.14444444444444443,0.074535599249993,0.5610526315789474,0.059137381721695394,0.6687417840375587,0.03748936384388874,0.7101038062283737,0.03711175501273148
0.85,Top80,0.9970451777413574,0.0008456769816105123,0.9970451777413574,0.0008456769816105123,0.8504522197490623,0.029981237819193002,0.7336101071277392,0.023215721813712425,0.17777777777777776,0.07243558228002946,0.5847368421052631,0.05425138981075869,0.6918028169014084,0.0274846964485721,0.732318339100346,0.022747542746883745
0.85,Top90,0.9977591414035276,0.0012482328277802195,0.9977591414035276,0.0012482328277802195,0.8492420280255626,0.032061921618895234,0.7099573442740386,0.031189993986645032,0.16666666666666663,0.0680413817439772,0.5531578947368422,0.060726214522180695,0.6740751173708921,0.03577046418674928,0.7105190311418685,0.030716627626562288
0.9,Top10,0.9899683724384968,0.001703175882338567,0.9899683724384968,0.001703175882338567,0.8810148932006715,0.04005561123643914,0.8547230633974797,0.01862942973296272,0.4444444444444445,0.0,0.6972631578947369,0.04136252803881522,0.807417840375587,0.024017468864175218,0.8487889273356402,0.015691574177679257
0.9,Top100,0.9975399271188519,0.0005680349207314986,0.9975399271188519,0.0005680349207314986,0.8646447579973605,0.024924133986301476,0.7468040767151836,0.03267161829063917,0.2,0.04969039949999532,0.6242105263157894,0.04923233403649918,0.7098122065727699,0.02741635310134271,0.7453287197231834,0.028959477846530836
0.9,Top120,0.9973279424792902,0.0008772464158271359,0.9973279424792902,0.0008772464158271359,0.8630837156028747,0.02688944012352943,0.7496857803392921,0.04062656121084509,0.18888888888888886,0.074535599249993,0.6189473684210526,0.07122299264591764,0.712037558685446,0.042374820672820696,0.7493425605536332,0.03967984687422053
0.9,Top130,0.9970963947001558,0.0008536067709922154,0.9970963947001558,0.0008536067709922154,0.8656075251266842,0.026521025281339792,0.7462375044772231,0.044181344813661885,0.19999999999999998,0.0842541716005728,0.6242105263157894,0.0783972058408749,0.7091455399061033,0.04857345152986569,0.7449826989619377,0.04354159505156908
0.9,Top140,0.9971432702724574,0.0007330075229096595,0.9971432702724574,0.0007330075229096595,0.8633141077597374,0.027785046588093474,0.7286965582364625,0.03833465630630262,0.17777777777777776,0.07243558228002944,0.5873684210526315,0.06269015394511364,0.6872769953051643,0.03718001599589966,0.7268512110726644,0.0360813553212391
0.9,Top15,0.9876923029189744,0.0035999782030458755,0.9876923029189744,0.0035999782030458755,0.8786890313498592,0.0317463394534422,0.8412197583927583,0.01177877945573083,0.4111111111111111,0.0304290309725092,0.728421052631579,0.01316315684252615,0.8127230046948357,0.013434409912674939,0.8382006920415226,0.009166611790084083
0.9,Top20,0.9902053634606165,0.0020381685888837906,0.9902053634606165,0.0020381685888837906,0.8737800204750519,0.04304960500673339,0.8253134056201361,0.020532829203787514,0.3555555555555555,0.08425417160057277,0.7263157894736842,0.017975822482040063,0.7998873239436619,0.020210016155985507,0.8253287197231834,0.020233192322884022
0.9,Top25,0.9930733409563135,0.0032668854971763025,0.9930733409563135,0.0032668854971763025,0.8615979411232898,0.044521401652583434,0.8051414802513758,0.025964435230191017,0.3111111111111111,0.06334307917217435,0.7293684210526316,0.030420415218235637,0.7762347417840376,0.018862591301670485,0.8059515570934256,0.023212294124711284
0.9,Top30,0.9941119706495325,0.002128874251340054,0.9941119706495325,0.002128874251340054,0.8604743054018353,0.04522646968127205,0.8083390316173359,0.024245379251640664,0.28888888888888886,0.08240220541217408,0.722842105263158,0.03658292291913642,0.7772769953051644,0.019521570495400504,0.808719723183391,0.021527664350121618
0.9,Top40,0.9960002924896301,0.0015073360327097565,0.9960002924896301,0.0015073360327097565,0.8594279014485922,0.041453856856819495,0.778672137019309,0.02020402322588664,0.22222222222222218,0.03928371006591933,0.6636842105263158,0.03354618101047883,0.746356807511737,0.019354672911991118,0.7793079584775087,0.017710382350135574
0.9,Top50,0.9951813625778595,0.0012803009163588983,0.9951813625778595,0.0012803009163588983,0.8537756604661677,0.03860291224303081,0.7640780176483996,0.03887074399436713,0.21111111111111108,0.09938079899999067,0.6346315789473683,0.08875594475037633,0.7256807511737089,0.0425234207248863,0.7645674740484429,0.037405948595934636
0.9,Top60,0.9956325820240955,0.0013909678613056298,0.9956325820240955,0.0013909678613056298,0.8586442438545794,0.045508381088156274,0.7634788837875679,0.048656696429602436,0.2333333333333333,0.12044157438154894,0.649157894736842,0.09711389207132515,0.7241220657276995,0.047169799354307734,0.7624221453287198,0.04455116402969367
0.9,Top70,0.9970723122691985,0.0008872808300235002,0.9970723122691985,0.0008872808300235002,0.8675455522866974,0.030325627400062973,0.7612451564585979,0.032550096865969685,0.18888888888888886,0.074535599249993,0.6281052631578947,0.07382280199357667,0.7168638497652582,0.028140251356210524,0.7591003460207613,0.02621138670772397
0.9,Top80,0.9971290276572665,0.0006996987576259455,0.9971290276572665,0.0006996987576259455,0.8680061602799773,0.030899542030739278,0.7731203803197552,0.021629983533820347,0.2111111111111111,0.06085806194501846,0.6477894736842105,0.05106402477320782,0.7225821596244131,0.023755381427208986,0.7699653979238754,0.019738960483892325
0.9,Top90,0.9976142147172926,0.0008141411655378268,0.9976142147172926,0.0008141411655378268,0.8585064850241124,0.025734032784099057,0.753182898635668,0.02901512160385669,0.17777777777777776,0.07243558228002944,0.608421052631579,0.06539354547257457,0.7089295774647887,0.029308325378234246,0.7507266435986159,0.02720898343540911
0.95,Top10,0.9809269642886405,0.005860987123108841,0.9809269642886405,0.005860987123108841,0.88649584669087,0.030533684983553373,0.8748494024942204,0.009347369520201687,0.4666666666666666,0.03042903097250924,0.686,0.03372653590834268,0.7822723004694836,0.015509224637096591,0.859515570934256,0.008712580146722625
0.95,Top100,0.9965312814974976,0.0006400679803294165,0.9965312814974976,0.0006400679803294165,0.8879223109758703,0.022397036319885884,0.8164989743088796,0.01310826761346529,0.24444444444444446,0.03042903097250924,0.6925263157894737,0.02492759598419482,0.7715023474178404,0.014763261469591038,0.8113494809688582,0.01205473959430325
0.95,Top120,0.9963463325704547,0.0007795357418535359,0.9963463325704547,0.0007795357418535359,0.8902544461381888,0.022376251692670993,0.8049884406238806,0.023953030052392493,0.24444444444444446,0.049690399499995354,0.6674736842105263,0.05310497626546047,0.7580093896713616,0.026842157955668824,0.798961937716263,0.024593046781085377
0.95,Top130,0.9960220844818984,0.0008493845979245467,0.9960220844818984,0.0008493845979245467,0.8870993262264151,0.02071024743018516,0.8104197193188108,0.02296527655915607,0.26666666666666666,0.07243558228002944,0.6832631578947368,0.06079049896606322,0.7689765258215961,0.027818761452044996,0.8072664359861591,0.02409258849208202
0.95,Top140,0.9962545762751788,0.0006002000156485455,0.9962545762751788,0.0006002000156485455,0.8864346586272248,0.02773363677297388,0.7923122008400899,0.026504337463385326,0.24444444444444446,0.049690399499995354,0.6529473684210526,0.06134751833236746,0.7492582159624412,0.030243441287730828,0.7876124567474049,0.02736234515271961
0.95,Top15,0.9806344263285538,0.0038614655667842464,0.9806344263285538,0.0038614655667842464,0.8917127800455462,0.028884257384419177,0.875171762560646,0.017348766509618942,0.45555555555555555,0.024845199749997673,0.7075789473684211,0.03569763759186158,0.794037558685446,0.03422482079998736,0.8629757785467127,0.02025773515531001
0.95,Top20,0.9838954473403214,0.0007115371445082904,0.9838954473403214,0.0007115371445082904,0.8946952956939576,0.03080939762667758,0.8737064895314383,0.0126855230965368,0.4444444444444445,0.0,0.7356842105263158,0.02511304083428765,0.7870704225352112,0.030733170374152192,0.8608304498269896,0.014630173528251338
0.95,Top25,0.9905232903093214,0.0003014779394549031,0.9905232903093214,0.0003014779394549031,0.891495313221351,0.031178538089745546,0.8571521604636775,0.00897417613806497,0.4444444444444445,0.0,0.722842105263158,0.03174866673319024,0.7869014084507042,0.025786489151663337,0.8474740484429066,0.008575452847648738
0.95,Top30,0.9907379747664175,0.0009111923793925027,0.9907379747664175,0.0009111923793925027,0.8954898665982574,0.026047318381001036,0.8503207319852821,0.013398136466675946,0.4111111111111111,0.07453559924999298,0.7056842105263158,0.029601227795154228,0.7746760563380282,0.01749485019462102,0.8404152249134947,0.013953692097858522
0.95,Top40,0.9932626961866085,0.0011330584029716419,0.9932626961866085,0.0011330584029716419,0.8929242769886839,0.028528848157897555,0.8317345576503532,0.00886981834481535,0.3555555555555555,0.07453559924999299,0.7341052631578948,0.02289745900332317,0.765906103286385,0.0074783147305965475,0.8237370242214533,0.01003340883013946
0.95,Top50,0.9948789727091862,0.000982675895531465,0.9948789727091862,0.000982675895531465,0.8955418434952573,0.020932780984072145,0.8233564520855718,0.02560663030026785,0.34444444444444444,0.08240220541217404,0.7143157894736842,0.036196218103361995,0.7653802816901408,0.026424848325964555,0.8176470588235294,0.026861776895979194
0.95,Top60,0.9944483355106384,0.0013274012271368568,0.9944483355106384,0.0013274012271368568,0.8906463295336678,0.020049824830912354,0.8236560190159878,0.027421600623413783,0.3333333333333333,0.1111111111111111,0.7076842105263157,0.03560439762436523,0.7627136150234742,0.02926211274802871,0.8170934256055362,0.02761302043462068
0.95,Top70,0.9949169180040063,0.0015736733912786794,0.9949169180040063,0.0015736733912786794,0.8928654817204785,0.0183495271622991,0.8251864152909381,0.0169681152145871,0.32222222222222224,0.09938079899999064,0.7023157894736842,0.03966375292882526,0.7542723004694836,0.01151422209697032,0.8157093425605536,0.016162540492923823
0.95,Top80,0.9959762597447785,0.0007125902017135852,0.9959762597447785,0.0007125902017135852,0.8919944436066926,0.017102308181257842,0.8188401549933249,0.020096412676626055,0.3,0.09296222517045283,0.6998947368421052,0.045096695126775534,0.7491549295774649,0.02452913489831175,0.8095501730103806,0.02014601694575758
0.95,Top90,0.9965328041378083,0.0003202471618360195,0.9965328041378083,0.0003202471618360195,0.8906437024206457,0.01831173448659518,0.8057666634105043,0.018805050449236194,0.25555555555555554,0.06334307917217437,0.6551578947368422,0.06027568244936629,0.7436525821596244,0.023615079476128023,0.7977854671280277,0.01860742528956274
