threshold,topN,train_TP,train_TP_std,val_TP,val_TP_std,test_TP,test_TP_std,ext_TP,ext_TP_std,rmSim_0.6,rmSim_0.6_std,rmSim_0.7,rmSim_0.7_std,rmSim_0.8,rmSim_0.8_std,rmSim_0.9,rmSim_0.9_std
0.1,Top20,2162.8,6.6858058601787045,2162.8,6.6858058601787045,268.8,3.8340579025361614,353.0,0.0,3.0,0.0,25.0,0.0,150.0,0.0,289.0,0.0
0.1,Top25,2162.8,6.6858058601787045,2162.8,6.6858058601787045,268.8,3.8340579025361614,353.0,0.0,3.0,0.0,25.0,0.0,150.0,0.0,289.0,0.0
0.1,Top30,2162.8,6.6858058601787045,2162.8,6.6858058601787045,268.8,3.8340579025361614,353.0,0.0,3.0,0.0,25.0,0.0,150.0,0.0,289.0,0.0
0.1,Top40,2162.8,6.6858058601787045,2162.8,6.6858058601787045,268.8,3.8340579025361614,353.0,0.0,3.0,0.0,25.0,0.0,150.0,0.0,289.0,0.0
0.1,Top70,2162.8,6.6858058601787045,2162.8,6.6858058601787045,268.8,3.8340579025361614,353.0,0.0,3.0,0.0,25.0,0.0,150.0,0.0,289.0,0.0
0.2,Top20,2162.8,6.6858058601787045,2162.8,6.6858058601787045,268.8,3.8340579025361614,353.0,0.0,3.0,0.0,25.0,0.0,150.0,0.0,289.0,0.0
0.2,Top25,2162.8,6.6858058601787045,2162.8,6.6858058601787045,268.8,3.8340579025361614,353.0,0.0,3.0,0.0,25.0,0.0,150.0,0.0,289.0,0.0
0.2,Top30,2162.8,6.6858058601787045,2162.8,6.6858058601787045,268.8,3.8340579025361614,353.0,0.0,3.0,0.0,25.0,0.0,150.0,0.0,289.0,0.0
0.2,Top40,2162.8,6.6858058601787045,2162.8,6.6858058601787045,268.8,3.8340579025361614,353.0,0.0,3.0,0.0,25.0,0.0,150.0,0.0,289.0,0.0
0.3,Top20,2162.8,6.6858058601787045,2162.8,6.6858058601787045,268.8,3.8340579025361614,353.0,0.0,3.0,0.0,25.0,0.0,150.0,0.0,289.0,0.0
0.3,Top25,2162.8,6.6858058601787045,2162.8,6.6858058601787045,268.8,3.8340579025361614,353.0,0.0,3.0,0.0,25.0,0.0,150.0,0.0,289.0,0.0
0.3,Top30,2162.8,6.6858058601787045,2162.8,6.6858058601787045,268.8,3.8340579025361614,353.0,0.0,3.0,0.0,25.0,0.0,150.0,0.0,289.0,0.0
0.3,Top40,2162.8,6.6858058601787045,2162.8,6.6858058601787045,268.8,3.8340579025361614,353.0,0.0,3.0,0.0,25.0,0.0,150.0,0.0,289.0,0.0
0.4,Top20,2162.8,6.6858058601787045,2162.8,6.6858058601787045,268.8,3.8340579025361614,353.0,0.0,3.0,0.0,25.0,0.0,150.0,0.0,289.0,0.0
0.4,Top25,2162.8,6.6858058601787045,2162.8,6.6858058601787045,268.8,3.8340579025361614,353.0,0.0,3.0,0.0,25.0,0.0,150.0,0.0,289.0,0.0
0.4,Top30,2162.8,6.6858058601787045,2162.8,6.6858058601787045,268.8,3.8340579025361614,353.0,0.0,3.0,0.0,25.0,0.0,150.0,0.0,289.0,0.0
0.4,Top40,2162.8,6.6858058601787045,2162.8,6.6858058601787045,268.8,3.8340579025361614,353.0,0.0,3.0,0.0,25.0,0.0,150.0,0.0,289.0,0.0
0.5,Top20,2162.8,6.6858058601787045,2162.8,6.6858058601787045,268.8,3.8340579025361614,353.0,0.0,3.0,0.0,25.0,0.0,150.0,0.0,289.0,0.0
0.5,Top25,2162.8,6.6858058601787045,2162.8,6.6858058601787045,268.8,3.8340579025361614,353.0,0.0,3.0,0.0,25.0,0.0,150.0,0.0,289.0,0.0
0.5,Top30,2162.8,6.6858058601787045,2162.8,6.6858058601787045,268.8,3.8340579025361614,353.0,0.0,3.0,0.0,25.0,0.0,150.0,0.0,289.0,0.0
0.5,Top40,2162.8,6.6858058601787045,2162.8,6.6858058601787045,268.8,3.8340579025361614,353.0,0.0,3.0,0.0,25.0,0.0,150.0,0.0,289.0,0.0
0.1,Top100,2162.8,6.6858058601787045,2162.8,6.6858058601787045,268.6,3.6469165057620994,353.0,0.0,3.0,0.0,25.0,0.0,150.0,0.0,289.0,0.0
0.1,Top50,2162.8,6.6858058601787045,2162.8,6.6858058601787045,268.6,3.781534080237813,353.0,0.0,3.0,0.0,25.0,0.0,150.0,0.0,289.0,0.0
0.1,Top60,2162.8,6.6858058601787045,2162.8,6.6858058601787045,268.6,3.781534080237813,353.0,0.0,3.0,0.0,25.0,0.0,150.0,0.0,289.0,0.0
0.1,Top80,2162.8,6.6858058601787045,2162.8,6.6858058601787045,268.6,3.6469165057620994,353.0,0.0,3.0,0.0,25.0,0.0,150.0,0.0,289.0,0.0
0.1,Top90,2162.8,6.6858058601787045,2162.8,6.6858058601787045,268.6,3.781534080237813,353.0,0.0,3.0,0.0,25.0,0.0,150.0,0.0,289.0,0.0
0.2,Top50,2162.8,6.6858058601787045,2162.8,6.6858058601787045,268.2,3.834057902536156,353.0,0.0,3.0,0.0,25.0,0.0,150.0,0.0,289.0,0.0
0.2,Top70,2162.8,6.6858058601787045,2162.8,6.6858058601787045,268.2,3.346640106136296,353.0,0.0,3.0,0.0,25.0,0.0,150.0,0.0,289.0,0.0
0.6,Top40,2162.8,6.6858058601787045,2162.8,6.6858058601787045,268.2,3.9623225512317903,353.0,0.0,3.0,0.0,25.0,0.0,150.0,0.0,289.0,0.0
0.2,Top60,2162.8,6.6858058601787045,2162.8,6.6858058601787045,268.0,3.605551275463989,353.0,0.0,3.0,0.0,25.0,0.0,150.0,0.0,289.0,0.0
0.6,Top20,2162.8,6.6858058601787045,2162.8,6.6858058601787045,268.0,4.358898943540677,353.0,0.0,3.0,0.0,25.0,0.0,150.0,0.0,289.0,0.0
0.6,Top25,2162.8,6.6858058601787045,2162.8,6.6858058601787045,268.0,4.358898943540677,353.0,0.0,3.0,0.0,25.0,0.0,150.0,0.0,289.0,0.0
0.6,Top30,2162.8,6.6858058601787045,2162.8,6.6858058601787045,268.0,4.358898943540677,353.0,0.0,3.0,0.0,25.0,0.0,150.0,0.0,289.0,0.0
0.2,Top80,2162.8,6.6858058601787045,2162.8,6.6858058601787045,267.8,4.147288270665545,353.0,0.0,3.0,0.0,25.0,0.0,150.0,0.0,289.0,0.0
0.2,Top90,2162.8,6.6858058601787045,2162.8,6.6858058601787045,267.8,3.962322551231793,353.0,0.0,3.0,0.0,25.0,0.0,150.0,0.0,289.0,0.0
0.3,Top50,2162.8,6.6858058601787045,2162.8,6.6858058601787045,267.8,3.4205262752974206,353.0,0.0,3.0,0.0,25.0,0.0,150.0,0.0,289.0,0.0
0.7,Top40,2162.8,6.6858058601787045,2162.8,6.6858058601787045,266.8,4.764451699828644,353.0,0.0,3.0,0.0,25.0,0.0,150.0,0.0,289.0,0.0
0.3,Top60,2162.6,6.767569726275449,2162.6,6.767569726275449,268.0,3.605551275463989,352.8,0.4472135954999531,3.0,0.0,25.0,0.0,150.0,0.0,289.0,0.0
0.1,Top120,2162.8,6.6858058601787045,2162.8,6.6858058601787045,267.8,3.701351104664352,352.8,0.4472135954999531,3.0,0.0,25.0,0.0,150.0,0.0,289.0,0.0
0.7,Top30,2162.8,6.6858058601787045,2162.8,6.6858058601787045,266.4,5.128352561983226,352.8,0.4472135954999531,3.0,0.0,25.0,0.0,149.8,0.4472135954999591,288.8,0.4472135954999531
0.1,Top15,2162.6,6.767569726275449,2162.6,6.767569726275449,268.0,3.9370039370059056,352.6,0.8944271909999103,2.8,0.4472135954999579,24.8,0.4472135954999581,149.6,0.8944271909999183,288.6,0.8944271909999103
0.1,Top130,2162.6,7.092249290598851,2162.6,7.092249290598851,267.8,3.701351104664352,352.6,0.54772255750517,3.0,0.0,25.0,0.0,150.0,0.0,289.0,0.0
0.3,Top70,2162.8,6.6858058601787045,2162.8,6.6858058601787045,267.8,3.114482300479493,352.6,0.54772255750517,3.0,0.0,25.0,0.0,150.0,0.0,289.0,0.0
0.1,Top140,2162.8,6.6858058601787045,2162.8,6.6858058601787045,267.6,3.507135583350045,352.6,0.54772255750517,3.0,0.0,25.0,0.0,150.0,0.0,289.0,0.0
0.2,Top100,2162.8,6.6858058601787045,2162.8,6.6858058601787045,267.4,3.911521443121586,352.6,0.54772255750517,3.0,0.0,25.0,0.0,150.0,0.0,289.0,0.0
0.3,Top80,2162.8,6.6858058601787045,2162.8,6.6858058601787045,267.2,4.816637831516915,352.6,0.54772255750517,3.0,0.0,25.0,0.0,150.0,0.0,289.0,0.0
0.4,Top60,2162.6,6.767569726275449,2162.6,6.767569726275449,267.0,3.6742346141747615,352.6,0.5477225575051635,2.8,0.4472135954999579,24.8,0.4472135954999581,149.8,0.4472135954999551,288.8,0.4472135954999611
0.2,Top120,2162.6,7.092249290598851,2162.6,7.092249290598851,266.8,4.147288270665547,352.6,0.54772255750517,3.0,0.0,25.0,0.0,150.0,0.0,289.0,0.0
0.2,Top140,2162.6,7.092249290598851,2162.6,7.092249290598851,266.8,4.147288270665547,352.6,0.54772255750517,3.0,0.0,25.0,0.0,150.0,0.0,289.0,0.0
0.3,Top90,2162.8,6.6858058601787045,2162.8,6.6858058601787045,266.8,4.711687595755899,352.6,0.54772255750517,3.0,0.0,25.0,0.0,150.0,0.0,289.0,0.0
0.4,Top70,2162.6,7.092249290598851,2162.6,7.092249290598851,266.8,2.2803508501982788,352.6,0.54772255750517,3.0,0.0,25.0,0.0,150.0,0.0,289.0,0.0
0.2,Top130,2162.6,7.092249290598851,2162.6,7.092249290598851,266.6,4.5607017003965575,352.6,0.54772255750517,3.0,0.0,25.0,0.0,150.0,0.0,289.0,0.0
0.3,Top100,2162.6,7.092249290598851,2162.6,7.092249290598851,266.6,4.5607017003965575,352.6,0.54772255750517,3.0,0.0,25.0,0.0,150.0,0.0,289.0,0.0
0.3,Top120,2162.6,7.092249290598851,2162.6,7.092249290598851,266.4,4.449719092257394,352.6,0.54772255750517,3.0,0.0,25.0,0.0,150.0,0.0,289.0,0.0
0.3,Top130,2162.6,7.092249290598851,2162.6,7.092249290598851,266.4,4.449719092257394,352.6,0.54772255750517,3.0,0.0,25.0,0.0,150.0,0.0,289.0,0.0
0.3,Top140,2162.6,7.092249290598851,2162.6,7.092249290598851,265.8,4.549725266430931,352.6,0.54772255750517,3.0,0.0,25.0,0.0,150.0,0.0,289.0,0.0
0.4,Top100,2162.6,7.092249290598851,2162.6,7.092249290598851,265.8,4.438468204234435,352.6,0.54772255750517,3.0,0.0,25.0,0.0,150.0,0.0,289.0,0.0
0.4,Top80,2162.6,7.092249290598851,2162.6,7.092249290598851,265.6,4.5607017003965575,352.6,0.54772255750517,3.0,0.0,25.0,0.0,150.0,0.0,289.0,0.0
0.4,Top90,2162.4,7.16240183178798,2162.4,7.16240183178798,265.6,4.3931765272977685,352.6,0.54772255750517,3.0,0.0,25.0,0.0,150.0,0.0,289.0,0.0
0.4,Top120,2162.4,7.16240183178798,2162.4,7.16240183178798,265.2,4.969909455915671,352.6,0.54772255750517,3.0,0.0,25.0,0.0,150.0,0.0,289.0,0.0
0.4,Top130,2162.4,7.16240183178798,2162.4,7.16240183178798,264.6,4.722287581247044,352.6,0.54772255750517,3.0,0.0,25.0,0.0,150.0,0.0,289.0,0.0
0.4,Top140,2162.4,7.16240183178798,2162.4,7.16240183178798,264.6,4.722287581247044,352.6,0.54772255750517,3.0,0.0,25.0,0.0,150.0,0.0,289.0,0.0
0.5,Top100,2162.6,7.092249290598851,2162.6,7.092249290598851,264.4,4.77493455452532,352.6,0.54772255750517,3.0,0.0,25.0,0.0,150.0,0.0,289.0,0.0
0.5,Top120,2162.4,7.16240183178798,2162.4,7.16240183178798,264.0,4.847679857416325,352.6,0.54772255750517,3.0,0.0,25.0,0.0,150.0,0.0,289.0,0.0
0.5,Top140,2162.2,7.049822692805854,2162.2,7.049822692805854,263.4,4.669047011971496,352.6,0.54772255750517,3.0,0.0,25.0,0.0,150.0,0.0,289.0,0.0
0.7,Top25,2162.8,6.6858058601787045,2162.8,6.6858058601787045,266.8,4.32434966208793,352.4,0.8944271909999183,2.6,0.5477225575051661,24.6,0.547722557505166,149.4,0.8944271909999153,288.4,0.8944271909999183
0.5,Top70,2162.6,7.092249290598851,2162.6,7.092249290598851,266.0,2.6457513110645907,352.4,0.54772255750517,2.8,0.4472135954999579,24.8,0.4472135954999581,149.8,0.4472135954999551,288.8,0.4472135954999611
0.5,Top80,2162.4,7.16240183178798,2162.4,7.16240183178798,264.2,4.969909455915668,352.4,0.54772255750517,2.8,0.4472135954999578,24.8,0.4472135954999581,149.8,0.4472135954999611,288.8,0.4472135954999611
0.5,Top90,2162.4,7.16240183178798,2162.4,7.16240183178798,264.2,4.868264577855228,352.4,0.54772255750517,2.8,0.4472135954999578,24.8,0.4472135954999581,149.8,0.4472135954999611,288.8,0.4472135954999611
0.5,Top130,2162.4,7.16240183178798,2162.4,7.16240183178798,263.6,4.615192303685736,352.4,0.54772255750517,2.8,0.4472135954999578,24.8,0.4472135954999581,149.8,0.4472135954999611,288.8,0.4472135954999611
0.6,Top100,2162.0,6.96419413859206,2162.0,6.96419413859206,263.6,4.669047011971502,352.4,0.5477225575051733,2.8,0.4472135954999579,24.8,0.4472135954999578,149.8,0.4472135954999571,288.8,0.4472135954999571
0.1,Top10,2162.6,6.767569726275449,2162.6,6.767569726275449,268.0,3.605551275463989,352.0,2.236067977499786,2.6,0.8944271909999159,24.2,1.7888543819998322,149.0,2.236067977499792,288.0,2.236067977499786
0.4,Top50,2162.6,6.767569726275449,2162.6,6.767569726275449,267.2,3.4928498393145984,352.0,1.4142135623730938,2.2,1.3038404810405295,24.2,1.30384048104053,149.2,1.3038404810405295,288.2,1.3038404810405335
0.7,Top20,2162.8,6.6858058601787045,2162.8,6.6858058601787045,266.2,4.764451699828635,352.0,0.7071067811865476,2.2,0.447213595499958,24.2,0.4472135954999576,149.0,0.7071067811865476,288.0,0.7071067811865476
0.6,Top120,2162.0,6.819090848492928,2162.0,6.819090848492928,262.4,4.722287581247033,352.0,1.2247448713915934,3.0,0.0,25.0,0.0,149.6,0.8944271909999143,288.6,0.8944271909999183
0.5,Top60,2162.6,6.767569726275449,2162.6,6.767569726275449,266.8,3.898717737923587,351.8,1.6431676725154971,2.0,1.4142135623730951,24.0,1.414213562373095,149.0,1.4142135623730956,288.0,1.4142135623730938
0.5,Top50,2162.4,7.16240183178798,2162.4,7.16240183178798,266.6,3.781534080237816,351.8,1.6431676725154971,2.0,1.4142135623730951,24.0,1.414213562373095,149.0,1.4142135623730956,288.0,1.4142135623730938
0.6,Top90,2162.4,7.16240183178798,2162.4,7.16240183178798,263.2,4.868264577855235,351.8,0.8366600265340772,2.2,0.8366600265340756,24.2,0.8366600265340756,149.2,0.8366600265340751,288.2,0.8366600265340751
0.6,Top60,2162.6,6.767569726275449,2162.6,6.767569726275449,266.0,3.9370039370059056,351.6,1.9493588689617911,2.0,1.4142135623730951,24.0,1.414213562373095,148.8,1.7888543819998306,287.8,1.7888543819998306
0.2,Top15,2162.4,6.877499545619746,2162.4,6.877499545619746,267.4,4.50555213042752,351.4,3.577708763999661,2.6,0.8944271909999159,24.0,2.2360679774997894,148.4,3.577708763999665,287.4,3.577708763999661
0.6,Top70,2162.4,7.16240183178798,2162.4,7.16240183178798,264.8,3.768288736283357,351.0,1.870828693386967,1.4,1.51657508881031,23.4,1.5165750888103104,148.4,1.516575088810308,287.4,1.5165750888103162
0.6,Top80,2162.4,7.16240183178798,2162.4,7.16240183178798,263.2,5.215361924162116,351.0,1.5811388300841898,1.4,1.3416407864998738,23.4,1.3416407864998738,148.4,1.341640786499874,287.4,1.341640786499874
0.3,Top15,2162.2,7.014271166700112,2162.2,7.014271166700112,267.2,4.764451699828642,350.8,4.919349550499533,2.6,0.8944271909999159,24.0,2.2360679774997894,147.8,4.919349550499539,286.8,4.919349550499533
0.6,Top50,2162.4,7.16240183178798,2162.4,7.16240183178798,265.6,4.159326868617084,350.8,3.0331501776206182,2.0,1.4142135623730951,24.0,1.414213562373095,148.0,2.8284271247461894,287.0,2.828427124746191
0.6,Top130,2161.6,6.693280212272631,2161.6,6.693280212272631,262.4,5.029910535983712,350.4,1.8165902124584967,1.8,1.095445115010332,23.8,1.0954451150103324,148.0,1.4142135623730951,287.0,1.4142135623730951
0.8,Top40,2162.6,7.092249290598851,2162.6,7.092249290598851,262.4,5.412947441089738,350.4,0.54772255750517,0.8,0.4472135954999579,22.8,0.4472135954999581,147.6,0.5477225575051667,286.6,0.5477225575051635
0.7,Top100,2161.6,6.503845016603652,2161.6,6.503845016603652,261.4,4.335896677735758,350.4,1.673320053068157,1.8,1.095445115010332,23.8,1.095445115010332,148.0,1.4142135623730951,287.0,1.4142135623730951
0.4,Top15,2162.0,7.176350047203652,2162.0,7.176350047203652,267.2,4.764451699828642,350.2,6.260990336999408,2.4,1.3416407864998738,23.8,2.683281572999748,147.6,5.366563145999495,286.6,5.366563145999494
0.6,Top140,2161.8,6.7230945255886185,2161.8,6.7230945255886185,262.2,4.868264577855231,350.2,2.774887385102317,2.0,1.0,24.0,1.0,147.6,2.3021728866442657,286.6,2.302172886644271
0.7,Top60,2161.6,7.569676347110245,2161.6,7.569676347110245,264.8,4.324349662087929,350.0,3.741657386773941,1.6,1.51657508881031,23.6,1.5165750888103098,147.4,3.2093613071762417,286.4,3.209361307176246
0.2,Top10,2162.4,6.877499545619746,2162.4,6.877499545619746,266.0,3.316624790355404,349.6,4.774934554525325,2.4,0.8944271909999159,23.2,2.4899799195977463,146.6,4.77493455452533,285.6,4.774934554525325
0.7,Top50,2161.2,8.105553651663804,2161.2,8.105553651663804,264.0,4.472135954999581,349.6,4.277849927241486,1.6,1.51657508881031,23.6,1.51657508881031,147.0,3.7416573867739418,286.0,3.741657386773941
0.7,Top90,2162.0,6.819090848492928,2162.0,6.819090848492928,261.2,5.069516742254631,349.6,1.1401754250991367,0.6,0.5477225575051661,22.6,0.5477225575051665,147.2,0.8366600265340751,286.2,0.8366600265340751
0.7,Top70,2162.2,7.563068160475659,2162.2,7.563068160475659,262.2,4.207136793592523,349.4,2.30217288664427,0.6,0.8944271909999159,22.6,0.8944271909999157,146.8,1.9235384061671352,285.8,1.9235384061671297
0.5,Top15,2161.6,7.569676347110245,2161.6,7.569676347110245,267.2,4.764451699828642,349.2,8.497058314499206,2.4,1.3416407864998738,23.8,2.683281572999748,146.6,7.602631123499287,285.6,7.60263112349928
0.8,Top25,2162.6,7.092249290598851,2162.6,7.092249290598851,263.4,4.774934554525327,349.2,2.489979919597748,0.6,0.5477225575051661,22.6,0.547722557505166,146.4,2.6076809620810577,285.4,2.6076809620810644
0.8,Top20,2162.2,6.906518659932855,2162.2,6.906518659932855,263.2,3.9623225512317872,349.2,2.489979919597748,0.6,0.5477225575051661,22.6,0.547722557505166,146.4,2.6076809620810577,285.4,2.6076809620810644
0.7,Top130,2160.2,6.942621983083936,2160.2,6.942621983083936,260.2,6.058052492344381,348.8,1.4832396974191324,1.2,0.8366600265340756,23.2,0.8366600265340756,146.6,1.5165750888103098,285.6,1.5165750888103116
0.8,Top30,2162.6,7.092249290598851,2162.6,7.092249290598851,262.8,5.357238094391549,348.6,2.607680962081054,0.6,0.5477225575051661,22.6,0.547722557505166,145.8,2.774887385102321,284.8,2.774887385102321
0.7,Top120,2161.0,6.819090848492928,2161.0,6.819090848492928,260.8,5.80517010948,348.6,1.5165750888103116,1.0,1.0,23.0,0.9999999999999996,146.2,1.3038404810405282,285.2,1.3038404810405282
0.7,Top140,2161.0,6.519202405202649,2161.0,6.519202405202649,260.8,5.069516742254636,348.6,1.8165902124584885,1.6,0.894427190999916,23.6,0.8944271909999162,146.4,1.816590212458498,285.4,1.8165902124584885
0.3,Top10,2162.4,6.877499545619746,2162.4,6.877499545619746,265.6,3.209361307176245,348.4,5.458937625582475,2.0,1.0,22.8,2.588435821108957,145.4,5.458937625582472,284.4,5.458937625582475
0.6,Top15,2160.8,8.584870412533876,2160.8,8.584870412533876,265.6,5.366563145999503,348.4,10.28591269649903,2.4,1.3416407864998738,23.6,3.130495168499705,145.8,9.391485505499116,284.8,9.391485505499116
0.85,Top40,2162.0,6.819090848492928,2162.0,6.819090848492928,260.8,5.11859355682789,348.0,2.345207879911715,0.6,0.5477225575051661,22.6,0.547722557505166,145.4,2.0736441353327733,284.4,2.0736441353327706
0.7,Top80,2161.6,7.127411872482213,2161.6,7.127411872482213,261.4,5.36656314599949,347.4,0.8944271909999183,0.0,0.0,22.0,0.0,144.8,0.4472135954999591,283.8,0.4472135954999531
0.7,Top15,2159.6,10.50238068249292,2159.6,10.50238068249292,264.6,5.319774431308152,346.8,11.67047556871612,1.8,1.3038404810405295,23.0,2.91547594742265,144.4,10.334408546211051,283.2,10.779610382569492
0.85,Top25,2162.2,6.760177512462234,2162.2,6.760177512462234,261.0,5.1478150704935,346.8,3.4928498393145926,0.6,0.5477225575051661,22.6,0.547722557505166,144.2,3.271085446759224,283.2,3.271085446759228
0.8,Top50,2159.8,9.934787365615808,2159.8,9.934787365615808,261.0,5.0,346.6,5.0299105359837135,0.6,0.5477225575051661,22.6,0.547722557505166,144.2,4.7116875957559,283.2,4.7116875957558975
0.8,Top60,2159.4,9.343446901438448,2159.4,9.343446901438448,261.0,5.147815070493502,346.6,5.3197744313081525,0.6,0.5477225575051661,22.6,0.547722557505166,144.2,4.969909455915672,283.2,4.969909455915672
0.85,Top20,2157.0,7.416198487095686,2157.0,7.416198487095686,258.8,6.41872261435249,346.6,3.2863353450309907,0.2,0.4472135954999579,22.2,0.4472135954999581,143.8,3.3466401061363023,282.8,3.3466401061363023
0.8,Top100,2160.8,7.293833011524163,2160.8,7.293833011524163,259.0,5.338539126015657,346.4,0.8944271909999183,0.0,0.0,22.0,0.0,144.2,0.8366600265340751,283.2,0.8366600265340751
0.8,Top90,2159.8,8.136338242723172,2159.8,8.136338242723172,258.4,4.560701700396546,346.2,1.7888543819998366,0.0,0.0,22.0,0.0,144.0,1.870828693386968,283.0,1.8708286933869755
0.85,Top30,2161.6,7.021395872616813,2161.6,7.021395872616813,259.8,5.069516742254633,345.8,3.033150177620621,0.0,0.0,22.0,0.0,143.2,2.7748873851023226,282.2,2.774887385102317
0.8,Top70,2160.2,9.011104260855088,2160.2,9.011104260855088,259.6,3.8470768123342736,345.6,4.44971909225739,0.2,0.4472135954999579,22.2,0.4472135954999578,143.2,3.962322551231794,282.2,3.962322551231786
0.4,Top10,2161.2,7.463243262818146,2161.2,7.463243262818146,264.4,2.408318915758457,345.4,7.536577472566714,1.6,1.3416407864998738,21.4,3.361547262794322,142.8,7.259476565152613,281.8,7.259476565152613
0.8,Top130,2158.2,8.526429498916904,2158.2,8.526429498916904,257.6,5.683308895353132,345.2,2.167948338867879,0.2,0.4472135954999579,22.2,0.4472135954999578,143.0,2.0000000000000013,282.0,1.9999999999999971
0.85,Top100,2157.8,7.014271166700054,2157.8,7.014271166700054,257.2,4.868264577855232,345.2,2.683281572999749,0.0,0.0,22.0,0.0,143.0,2.549509756796392,282.0,2.549509756796392
0.85,Top50,2157.8,11.454256850621054,2157.8,11.454256850621054,259.0,6.123724356957943,345.0,5.5677643628300215,0.6,0.5477225575051661,22.6,0.547722557505166,142.6,5.176871642217915,281.6,5.176871642217911
0.8,Top120,2159.2,8.167006795638184,2159.2,8.167006795638184,257.8,6.418722614352488,345.0,1.4142135623730951,0.0,0.0,22.0,0.0,142.8,1.3038404810405295,281.8,1.3038404810405295
0.8,Top140,2159.0,7.176350047203652,2159.0,7.176350047203652,257.4,5.813776741499446,345.0,2.0,0.2,0.447213595499958,22.2,0.4472135954999576,142.8,1.9235384061671343,281.8,1.9235384061671343
0.85,Top60,2158.0,8.366600265340761,2158.0,8.366600265340761,257.8,4.816637831516922,344.2,6.723094525588644,0.4,0.5477225575051661,22.4,0.547722557505166,141.8,6.340346993658943,280.8,6.340346993658941
0.8,Top15,2155.6,12.054044964243346,2155.6,12.054044964243346,261.8,4.604345773288538,343.8,12.83354978172446,0.6,0.5477225575051661,21.4,3.049590136395381,141.4,11.50217370760849,280.2,11.94571052721436
0.85,Top90,2157.4,9.126883367283696,2157.4,9.126883367283696,256.6,4.878524367060193,343.8,2.280350850198276,0.0,0.0,22.0,0.0,141.8,2.280350850198276,280.8,2.280350850198276
0.85,Top120,2157.2,8.526429498916904,2157.2,8.526429498916904,257.2,6.058052492344381,343.2,2.5884358211089533,0.0,0.0,22.0,0.0,141.2,2.5884358211089595,280.2,2.5884358211089533
0.85,Top130,2155.4,7.92464510246357,2155.4,7.92464510246357,256.8,5.761944116355173,343.2,1.9235384061671352,0.0,0.0,22.0,0.0,141.4,1.8165902124584925,280.4,1.8165902124585007
0.5,Top10,2160.4,7.46993975879324,2160.4,7.46993975879324,263.6,2.509980079602228,343.0,10.024968827881713,1.2,1.6431676725154984,20.8,3.898717737923585,140.8,9.257429448826493,279.8,9.25742944882649
0.8,Top80,2158.8,8.438009243891575,2158.8,8.438009243891575,258.2,4.969909455915671,343.0,1.5811388300841898,0.0,0.0,22.0,0.0,140.8,1.3038404810405282,279.8,1.3038404810405282
0.85,Top140,2155.8,8.043631020876049,2155.8,8.043631020876049,257.2,5.540758070878025,343.0,2.449489742783184,0.0,0.0,22.0,0.0,141.0,2.449489742783175,280.0,2.449489742783184
0.85,Top70,2157.0,10.41633332799982,2157.0,10.41633332799982,256.0,4.527692569068709,342.6,4.505552130427522,0.0,0.0,22.0,0.0,140.2,4.086563348340511,279.2,4.086563348340511
0.9,Top40,2159.8,6.906518659932792,2159.8,6.906518659932792,256.6,4.393176527297766,342.0,2.828427124746186,0.0,0.0,22.0,0.0,139.4,2.607680962081058,278.4,2.607680962081061
0.6,Top10,2157.6,9.528903399657294,2157.6,9.528903399657294,262.6,3.0495901363953832,341.0,11.510864433221338,1.2,1.6431676725154984,20.8,3.898717737923585,138.8,10.709808588392228,277.6,10.990905331227266
0.85,Top15,2148.6,11.41490254010083,2148.6,11.41490254010083,257.8,5.761944116355179,340.8,13.21741275741966,0.4,0.5477225575051661,21.2,2.9495762407505253,138.8,12.029131306956456,277.4,12.461942063739508
0.9,Top140,2152.6,7.402702209328713,2152.6,7.402702209328713,254.4,3.781534080237808,340.8,3.033150177620621,0.0,0.0,22.0,0.0,139.0,3.1622776601683773,278.0,3.162277660168383
0.9,Top100,2153.6,8.080841540334784,2153.6,8.080841540334784,253.8,3.492849839314599,340.6,3.130495168499704,0.0,0.0,22.0,0.0,139.0,3.0000000000000027,277.8,3.0331501776206253
0.9,Top25,2155.0,4.898979485566368,2155.0,4.898979485566368,255.0,5.196152422706632,340.4,7.127411872482186,0.0,0.0,21.6,0.547722557505166,137.8,6.978538528947161,276.8,6.978538528947161
0.9,Top60,2154.6,7.861297602813437,2154.6,7.861297602813437,255.4,4.505552130427525,340.2,5.630275304103702,0.0,0.0,21.8,0.4472135954999576,137.8,5.2630789467763055,276.8,5.26307894677631
0.9,Top120,2153.4,8.049844718999232,2153.4,8.049844718999232,255.0,4.358898943540671,340.2,3.11448230047949,0.0,0.0,22.0,0.0,138.4,3.209361307176245,277.4,3.2093613071762364
0.9,Top130,2152.4,8.619744775803973,2152.4,8.619744775803973,255.0,4.63680924774785,340.2,3.0331501776206253,0.0,0.0,22.0,0.0,138.8,3.033150177620618,277.6,2.9664793948382635
0.85,Top80,2153.6,8.502940667792545,2153.6,8.502940667792545,256.6,4.037325847637274,339.4,2.073644135332767,0.0,0.0,22.0,0.0,137.4,2.073644135332775,276.4,2.073644135332767
0.9,Top50,2155.6,12.621410380777592,2155.6,12.621410380777592,255.6,4.774934554525328,339.0,4.898979485566357,0.0,0.0,21.6,0.547722557505166,137.0,4.0,276.0,4.0
0.7,Top10,2155.0,11.916375287813002,2155.0,11.916375287813002,261.2,2.2803508501982765,338.6,12.66096362841312,0.6,0.8944271909999159,20.0,3.3166247903554,137.0,11.357816691600547,275.6,11.844830095868826
0.9,Top30,2155.2,6.906518659932814,2155.2,6.906518659932814,255.0,5.431390245600106,338.6,5.029910535983721,0.0,0.0,21.8,0.4472135954999576,136.0,4.743416490252569,275.0,4.743416490252569
0.9,Top90,2153.2,8.105553651663804,2153.2,8.105553651663804,254.0,4.358898943540675,337.8,2.7748873851023235,0.0,0.0,22.0,0.0,136.2,2.588435821108953,274.8,2.7748873851023235
0.9,Top20,2144.0,6.964194138592082,2144.0,6.964194138592082,252.6,6.066300355241238,337.6,8.414273587185058,0.0,0.0,20.0,1.8708286933869709,135.6,7.765307463326872,274.4,8.08084154033477
0.9,Top70,2153.0,10.295630140986992,2153.0,10.295630140986992,254.0,4.58257569495584,337.0,3.5355339059327324,0.0,0.0,21.8,0.4472135954999576,135.2,3.492849839314595,274.2,3.492849839314595
0.95,Top140,2146.6,7.569676347110233,2146.6,7.569676347110233,251.6,3.3615472627943204,335.4,4.037325847637269,0.0,0.0,21.2,0.4472135954999581,135.2,3.4205262752974117,273.0,4.183300132670378
0.95,Top130,2145.6,9.710818709048173,2145.6,9.710818709048173,251.4,3.8470768123342696,335.2,3.492849839314595,0.0,0.0,21.4,0.5477225575051664,135.2,3.193743884534263,272.8,3.5637059362410937
0.95,Top120,2147.0,8.860022573334684,2147.0,8.860022573334684,251.6,3.4351128074635318,333.8,3.1144823004794846,0.0,0.0,21.4,0.5477225575051664,133.6,2.7018512172212588,271.4,3.2093613071762364
0.8,Top10,2151.2,13.25518766370365,2151.2,13.25518766370365,257.4,3.646916505762087,333.0,15.016657417681207,0.4,0.5477225575051661,19.2,3.5637059362410923,131.8,13.6088206689632,270.2,14.131525041551606
0.95,Top100,2147.8,8.642916174532736,2147.8,8.642916174532736,250.4,3.2863353450309982,333.0,4.847679857416322,0.0,0.0,21.6,0.5477225575051664,133.0,4.301162633521313,270.4,4.722287581247044
0.9,Top15,2138.2,9.833615815151637,2138.2,9.833615815151637,251.0,5.4313902456001095,332.6,12.012493496356198,0.0,0.0,18.0,1.414213562373095,131.0,10.88577052853862,269.6,11.39298029490089
0.9,Top80,2151.8,7.014271166700046,2151.8,7.014271166700046,253.6,4.979959839195491,332.4,1.9493588689617969,0.0,0.0,21.6,0.547722557505166,131.0,2.3452078799117166,269.6,2.0736441353327715
0.85,Top10,2144.2,9.7313925005623,2144.2,9.7313925005623,255.2,4.604345773288532,328.8,13.98928161129084,0.2,0.4472135954999579,17.8,3.03315017762062,127.8,12.87245120402482,266.2,13.367871932360815
0.95,Top90,2147.8,5.8051701094799615,2147.8,5.8051701094799615,250.4,5.549774770204645,323.8,7.429670248402692,0.0,0.0,19.6,2.3021728866442674,123.8,6.870225614927065,261.2,7.362064927722383
0.95,Top50,2142.8,5.718391382198298,2142.8,5.718391382198298,249.8,5.403702434442521,320.8,5.263078946776311,0.0,0.0,19.4,1.1401754250991378,120.6,4.159326868617084,258.4,4.878524367060188
0.95,Top60,2140.2,6.760177512462236,2140.2,6.760177512462236,248.6,8.532291603080616,320.2,6.496152707564681,0.0,0.0,19.2,1.6431676725154984,119.8,6.220932405998316,257.4,6.503845016603635
0.9,Top10,2133.0,8.09320702811929,2133.0,8.09320702811929,249.6,4.929503017546495,318.6,14.415269681833916,0.0,0.0,14.6,2.701851217221259,118.0,12.884098726725126,256.0,13.711309200802086
0.95,Top40,2135.8,9.093954035511691,2135.8,9.093954035511691,248.4,4.72228758124704,318.6,6.730527468185535,0.0,0.0,19.6,0.8944271909999164,117.8,5.890670590009257,255.8,6.496152707564686
0.95,Top80,2145.4,8.988882021697677,2145.4,8.988882021697677,249.2,4.324349662087927,316.8,3.1144823004794877,0.0,0.0,19.6,1.3416407864998738,117.0,2.345207879911713,254.4,2.6076809620810595
0.95,Top70,2140.8,4.764451699828673,2140.8,4.764451699828673,247.8,7.3959448348402415,315.6,9.099450532861868,0.0,0.0,18.8,2.1679483388678804,116.0,9.433981132056603,253.2,9.41806774237688
0.95,Top25,2126.8,7.661592523751188,2126.8,7.661592523751188,246.2,5.403702434442514,312.2,11.903780911962382,0.0,0.0,16.8,1.643167672515499,111.0,11.532562594670797,249.8,11.691877522451218
0.95,Top30,2125.6,10.31018913502562,2125.6,10.31018913502562,246.2,5.167204273105522,309.0,9.137833441248532,0.0,0.0,16.6,0.5477225575051665,108.6,8.294576541331088,246.4,9.01665126307988
0.95,Top20,2096.0,10.024968827881732,2096.0,10.024968827881732,242.4,5.727128425310543,303.6,11.058933040759404,0.0,0.0,15.6,1.3416407864998738,102.6,10.526157893552613,241.2,10.894952959971878
0.95,Top15,2082.6,18.036074961032966,2082.6,18.036074961032966,240.2,4.549725266430928,302.2,9.418067742376882,0.0,0.0,13.8,1.095445115010332,103.0,9.72111104761179,240.4,10.237187113655782
0.95,Top10,2082.4,19.359752064528134,2082.4,19.359752064528134,238.8,7.085195833567344,289.8,6.760177512462231,0.0,0.0,11.8,1.6431676725154984,94.4,8.173126696681022,228.2,7.155417527999324
