threshold,topN,train_EF_0.01,train_EF_0.01_std,val_EF_0.01,val_EF_0.01_std,test_EF_0.01,test_EF_0.01_std,ext_EF_0.01,ext_EF_0.01_std,rmSim_0.6,rmSim_0.6_std,rmSim_0.7,rmSim_0.7_std,rmSim_0.8,rmSim_0.8_std,rmSim_0.9,rmSim_0.9_std
0.1,Top10,1.280294627990138,0.003967633992230256,1.280294627990138,0.003967633992230256,1.2911345753132526,0.01857570757778124,1.246458923512748,0.0,0.0,0.0,2.52,0.0,1.4733333333333332,0.0,1.2941176470588236,0.0
0.1,Top100,1.280294627990138,0.003967633992230256,1.280294627990138,0.003967633992230256,1.2911345753132526,0.01857570757778124,1.196600566572238,0.11148667536542856,0.0,0.0,2.52,0.0,1.4733333333333332,0.0,1.2941176470588236,0.0
0.1,Top120,1.280294627990138,0.003967633992230256,1.280294627990138,0.003967633992230256,1.2911345753132526,0.01857570757778124,1.196600566572238,0.11148667536542856,0.0,0.0,2.52,0.0,1.4733333333333332,0.0,1.2941176470588236,0.0
0.1,Top130,1.280294627990138,0.003967633992230256,1.280294627990138,0.003967633992230256,1.2911345753132526,0.01857570757778124,1.196600566572238,0.11148667536542856,0.0,0.0,2.52,0.0,1.4733333333333332,0.0,1.2941176470588236,0.0
0.1,Top140,1.280294627990138,0.003967633992230256,1.280294627990138,0.003967633992230256,1.2911345753132526,0.01857570757778124,1.246458923512748,0.0,0.0,0.0,2.52,0.0,1.4733333333333332,0.0,1.2941176470588236,0.0
0.1,Top15,1.280294627990138,0.003967633992230256,1.280294627990138,0.003967633992230256,1.2911345753132526,0.01857570757778124,1.246458923512748,0.0,0.0,0.0,2.52,0.0,1.4733333333333332,0.0,1.2941176470588236,0.0
0.1,Top20,1.280294627990138,0.003967633992230256,1.280294627990138,0.003967633992230256,1.2911345753132526,0.01857570757778124,1.246458923512748,0.0,0.0,0.0,2.52,0.0,1.4733333333333332,0.0,1.2941176470588236,0.0
0.1,Top25,1.280294627990138,0.003967633992230256,1.280294627990138,0.003967633992230256,1.2911345753132526,0.01857570757778124,1.246458923512748,0.0,0.0,0.0,2.52,0.0,1.4733333333333332,0.0,1.2941176470588236,0.0
0.1,Top30,1.280294627990138,0.003967633992230256,1.280294627990138,0.003967633992230256,1.2911345753132526,0.01857570757778124,1.246458923512748,0.0,0.0,0.0,2.52,0.0,1.4733333333333332,0.0,1.2941176470588236,0.0
0.1,Top40,1.280294627990138,0.003967633992230256,1.280294627990138,0.003967633992230256,1.2911345753132526,0.01857570757778124,1.246458923512748,0.0,0.0,0.0,2.52,0.0,1.4733333333333332,0.0,1.2941176470588236,0.0
0.1,Top50,1.280294627990138,0.003967633992230256,1.280294627990138,0.003967633992230256,1.2911345753132526,0.01857570757778124,1.246458923512748,0.0,0.0,0.0,2.52,0.0,1.4733333333333332,0.0,1.2941176470588236,0.0
0.1,Top60,1.280294627990138,0.003967633992230256,1.280294627990138,0.003967633992230256,1.2911345753132526,0.01857570757778124,1.246458923512748,0.0,0.0,0.0,2.52,0.0,1.4733333333333332,0.0,1.2941176470588236,0.0
0.1,Top70,1.280294627990138,0.003967633992230256,1.280294627990138,0.003967633992230256,1.2911345753132526,0.01857570757778124,1.246458923512748,0.0,0.0,0.0,2.52,0.0,1.4733333333333332,0.0,1.2941176470588236,0.0
0.1,Top80,1.280294627990138,0.003967633992230256,1.280294627990138,0.003967633992230256,1.225164993564203,0.1320784595359576,1.196600566572238,0.11148667536542856,0.0,0.0,2.52,0.0,1.4733333333333332,0.0,1.2941176470588236,0.0
0.1,Top90,1.280294627990138,0.003967633992230256,1.280294627990138,0.003967633992230256,1.225164993564203,0.1320784595359576,1.196600566572238,0.11148667536542856,0.0,0.0,2.52,0.0,1.4733333333333332,0.0,1.2941176470588236,0.0
0.2,Top10,1.280294627990138,0.003967633992230256,1.280294627990138,0.003967633992230256,1.2911345753132526,0.01857570757778124,1.246458923512748,0.0,0.0,0.0,2.52,0.0,1.4733333333333332,0.0,1.2941176470588236,0.0
0.2,Top100,1.280294627990138,0.003967633992230256,1.280294627990138,0.003967633992230256,1.2911345753132526,0.01857570757778124,1.196600566572238,0.11148667536542856,0.0,0.0,2.52,0.0,1.4733333333333332,0.0,1.2941176470588236,0.0
0.2,Top120,1.280294627990138,0.003967633992230256,1.280294627990138,0.003967633992230256,1.2911345753132526,0.01857570757778124,1.196600566572238,0.11148667536542856,0.0,0.0,2.52,0.0,1.4733333333333332,0.0,1.2941176470588236,0.0
0.2,Top130,1.280294627990138,0.003967633992230256,1.280294627990138,0.003967633992230256,1.2911345753132526,0.01857570757778124,1.196600566572238,0.11148667536542856,0.0,0.0,2.52,0.0,1.4733333333333332,0.0,1.2941176470588236,0.0
0.2,Top140,1.280294627990138,0.003967633992230256,1.280294627990138,0.003967633992230256,1.2911345753132526,0.01857570757778124,1.246458923512748,0.0,0.0,0.0,2.52,0.0,1.4733333333333332,0.0,1.2941176470588236,0.0
0.2,Top15,1.280294627990138,0.003967633992230256,1.280294627990138,0.003967633992230256,1.2911345753132526,0.01857570757778124,1.246458923512748,0.0,0.0,0.0,2.52,0.0,1.4733333333333332,0.0,1.2941176470588236,0.0
0.2,Top20,1.280294627990138,0.003967633992230256,1.280294627990138,0.003967633992230256,1.2911345753132526,0.01857570757778124,1.246458923512748,0.0,0.0,0.0,2.52,0.0,1.4733333333333332,0.0,1.2941176470588236,0.0
0.2,Top25,1.280294627990138,0.003967633992230256,1.280294627990138,0.003967633992230256,1.2911345753132526,0.01857570757778124,1.246458923512748,0.0,0.0,0.0,2.52,0.0,1.4733333333333332,0.0,1.2941176470588236,0.0
0.2,Top30,1.280294627990138,0.003967633992230256,1.280294627990138,0.003967633992230256,1.2911345753132526,0.01857570757778124,1.246458923512748,0.0,0.0,0.0,2.52,0.0,1.4733333333333332,0.0,1.2941176470588236,0.0
0.2,Top40,1.280294627990138,0.003967633992230256,1.280294627990138,0.003967633992230256,1.2911345753132526,0.01857570757778124,1.246458923512748,0.0,0.0,0.0,2.52,0.0,1.4733333333333332,0.0,1.2941176470588236,0.0
0.2,Top50,1.280294627990138,0.003967633992230256,1.280294627990138,0.003967633992230256,1.2911345753132526,0.01857570757778124,1.246458923512748,0.0,0.0,0.0,2.52,0.0,1.4733333333333332,0.0,1.2941176470588236,0.0
0.2,Top60,1.280294627990138,0.003967633992230256,1.280294627990138,0.003967633992230256,1.2911345753132526,0.01857570757778124,1.246458923512748,0.0,0.0,0.0,2.52,0.0,1.4733333333333332,0.0,1.2941176470588236,0.0
0.2,Top70,1.280294627990138,0.003967633992230256,1.280294627990138,0.003967633992230256,1.2911345753132526,0.01857570757778124,1.246458923512748,0.0,0.0,0.0,2.52,0.0,1.4733333333333332,0.0,1.2941176470588236,0.0
0.2,Top80,1.280294627990138,0.003967633992230256,1.280294627990138,0.003967633992230256,1.225164993564203,0.1320784595359576,1.196600566572238,0.11148667536542856,0.0,0.0,2.52,0.0,1.4733333333333332,0.0,1.2941176470588236,0.0
0.2,Top90,1.280294627990138,0.003967633992230256,1.280294627990138,0.003967633992230256,1.225164993564203,0.1320784595359576,1.196600566572238,0.11148667536542856,0.0,0.0,2.52,0.0,1.4733333333333332,0.0,1.2941176470588236,0.0
0.3,Top10,1.280294627990138,0.003967633992230256,1.280294627990138,0.003967633992230256,1.2911345753132526,0.01857570757778124,1.246458923512748,0.0,0.0,0.0,2.52,0.0,1.4733333333333332,0.0,1.2941176470588236,0.0
0.3,Top100,1.280294627990138,0.003967633992230256,1.280294627990138,0.003967633992230256,1.2911345753132526,0.01857570757778124,1.196600566572238,0.11148667536542856,0.0,0.0,2.52,0.0,1.4733333333333332,0.0,1.2941176470588236,0.0
0.3,Top120,1.280294627990138,0.003967633992230256,1.280294627990138,0.003967633992230256,1.2911345753132526,0.01857570757778124,1.196600566572238,0.11148667536542856,0.0,0.0,2.52,0.0,1.4733333333333332,0.0,1.2941176470588236,0.0
0.3,Top130,1.280294627990138,0.003967633992230256,1.280294627990138,0.003967633992230256,1.2911345753132526,0.01857570757778124,1.196600566572238,0.11148667536542856,0.0,0.0,2.52,0.0,1.4733333333333332,0.0,1.2941176470588236,0.0
0.3,Top140,1.280294627990138,0.003967633992230256,1.280294627990138,0.003967633992230256,1.2911345753132526,0.01857570757778124,1.246458923512748,0.0,0.0,0.0,2.52,0.0,1.4733333333333332,0.0,1.2941176470588236,0.0
0.3,Top15,1.280294627990138,0.003967633992230256,1.280294627990138,0.003967633992230256,1.2911345753132526,0.01857570757778124,1.246458923512748,0.0,0.0,0.0,2.52,0.0,1.4733333333333332,0.0,1.2941176470588236,0.0
0.3,Top20,1.280294627990138,0.003967633992230256,1.280294627990138,0.003967633992230256,1.2911345753132526,0.01857570757778124,1.246458923512748,0.0,0.0,0.0,2.52,0.0,1.4733333333333332,0.0,1.2941176470588236,0.0
0.3,Top25,1.280294627990138,0.003967633992230256,1.280294627990138,0.003967633992230256,1.2911345753132526,0.01857570757778124,1.246458923512748,0.0,0.0,0.0,2.52,0.0,1.4733333333333332,0.0,1.2941176470588236,0.0
0.3,Top30,1.280294627990138,0.003967633992230256,1.280294627990138,0.003967633992230256,1.2911345753132526,0.01857570757778124,1.246458923512748,0.0,0.0,0.0,2.52,0.0,1.4733333333333332,0.0,1.2941176470588236,0.0
0.3,Top40,1.280294627990138,0.003967633992230256,1.280294627990138,0.003967633992230256,1.2911345753132526,0.01857570757778124,1.246458923512748,0.0,0.0,0.0,2.52,0.0,1.4733333333333332,0.0,1.2941176470588236,0.0
0.3,Top50,1.280294627990138,0.003967633992230256,1.280294627990138,0.003967633992230256,1.2911345753132526,0.01857570757778124,1.246458923512748,0.0,0.0,0.0,2.52,0.0,1.4733333333333332,0.0,1.2941176470588236,0.0
0.3,Top60,1.280294627990138,0.003967633992230256,1.280294627990138,0.003967633992230256,1.2911345753132526,0.01857570757778124,1.246458923512748,0.0,0.0,0.0,2.52,0.0,1.4733333333333332,0.0,1.2941176470588236,0.0
0.3,Top70,1.280294627990138,0.003967633992230256,1.280294627990138,0.003967633992230256,1.2911345753132526,0.01857570757778124,1.246458923512748,0.0,0.0,0.0,2.52,0.0,1.4733333333333332,0.0,1.2941176470588236,0.0
0.3,Top80,1.280294627990138,0.003967633992230256,1.280294627990138,0.003967633992230256,1.225164993564203,0.1320784595359576,1.196600566572238,0.11148667536542856,0.0,0.0,2.52,0.0,1.4733333333333332,0.0,1.2941176470588236,0.0
0.3,Top90,1.280294627990138,0.003967633992230256,1.280294627990138,0.003967633992230256,1.225164993564203,0.1320784595359576,1.196600566572238,0.11148667536542856,0.0,0.0,2.52,0.0,1.4733333333333332,0.0,1.2941176470588236,0.0
0.4,Top10,1.280294627990138,0.003967633992230256,1.280294627990138,0.003967633992230256,1.2911345753132526,0.01857570757778124,1.246458923512748,0.0,0.0,0.0,2.52,0.0,1.4733333333333332,0.0,1.2941176470588236,0.0
0.4,Top100,1.280294627990138,0.003967633992230256,1.280294627990138,0.003967633992230256,1.2911345753132526,0.01857570757778124,1.196600566572238,0.11148667536542856,0.0,0.0,2.52,0.0,1.4733333333333332,0.0,1.2941176470588236,0.0
0.4,Top120,1.280294627990138,0.003967633992230256,1.280294627990138,0.003967633992230256,1.2911345753132526,0.01857570757778124,1.196600566572238,0.11148667536542856,0.0,0.0,2.52,0.0,1.4733333333333332,0.0,1.2941176470588236,0.0
0.4,Top130,1.280294627990138,0.003967633992230256,1.280294627990138,0.003967633992230256,1.2911345753132526,0.01857570757778124,1.196600566572238,0.11148667536542856,0.0,0.0,2.52,0.0,1.4733333333333332,0.0,1.2941176470588236,0.0
0.4,Top140,1.280294627990138,0.003967633992230256,1.280294627990138,0.003967633992230256,1.2911345753132526,0.01857570757778124,1.246458923512748,0.0,0.0,0.0,2.52,0.0,1.4733333333333332,0.0,1.2941176470588236,0.0
0.4,Top15,1.280294627990138,0.003967633992230256,1.280294627990138,0.003967633992230256,1.2911345753132526,0.01857570757778124,1.246458923512748,0.0,0.0,0.0,2.52,0.0,1.4733333333333332,0.0,1.2941176470588236,0.0
0.4,Top20,1.280294627990138,0.003967633992230256,1.280294627990138,0.003967633992230256,1.2911345753132526,0.01857570757778124,1.246458923512748,0.0,0.0,0.0,2.52,0.0,1.4733333333333332,0.0,1.2941176470588236,0.0
0.4,Top25,1.280294627990138,0.003967633992230256,1.280294627990138,0.003967633992230256,1.2911345753132526,0.01857570757778124,1.246458923512748,0.0,0.0,0.0,2.52,0.0,1.4733333333333332,0.0,1.2941176470588236,0.0
0.4,Top30,1.280294627990138,0.003967633992230256,1.280294627990138,0.003967633992230256,1.2911345753132526,0.01857570757778124,1.246458923512748,0.0,0.0,0.0,2.52,0.0,1.4733333333333332,0.0,1.2941176470588236,0.0
0.4,Top40,1.280294627990138,0.003967633992230256,1.280294627990138,0.003967633992230256,1.2911345753132526,0.01857570757778124,1.246458923512748,0.0,0.0,0.0,2.52,0.0,1.4733333333333332,0.0,1.2941176470588236,0.0
0.4,Top50,1.280294627990138,0.003967633992230256,1.280294627990138,0.003967633992230256,1.2911345753132526,0.01857570757778124,1.246458923512748,0.0,0.0,0.0,2.52,0.0,1.4733333333333332,0.0,1.2941176470588236,0.0
0.4,Top60,1.280294627990138,0.003967633992230256,1.280294627990138,0.003967633992230256,1.2911345753132526,0.01857570757778124,1.246458923512748,0.0,0.0,0.0,2.52,0.0,1.4733333333333332,0.0,1.2941176470588236,0.0
0.4,Top70,1.280294627990138,0.003967633992230256,1.280294627990138,0.003967633992230256,1.2911345753132526,0.01857570757778124,1.246458923512748,0.0,0.0,0.0,2.52,0.0,1.4733333333333332,0.0,1.2941176470588236,0.0
0.4,Top80,1.280294627990138,0.003967633992230256,1.280294627990138,0.003967633992230256,1.225164993564203,0.1320784595359576,1.196600566572238,0.11148667536542856,0.0,0.0,2.52,0.0,1.4733333333333332,0.0,1.2941176470588236,0.0
0.4,Top90,1.280294627990138,0.003967633992230256,1.280294627990138,0.003967633992230256,1.225164993564203,0.1320784595359576,1.196600566572238,0.11148667536542856,0.0,0.0,2.52,0.0,1.4733333333333332,0.0,1.2941176470588236,0.0
0.5,Top10,1.280294627990138,0.003967633992230256,1.280294627990138,0.003967633992230256,1.2911345753132526,0.01857570757778124,1.246458923512748,0.0,0.0,0.0,2.52,0.0,1.4733333333333332,0.0,1.2941176470588236,0.0
0.5,Top100,1.280294627990138,0.003967633992230256,1.280294627990138,0.003967633992230256,1.2911345753132526,0.01857570757778124,1.196600566572238,0.11148667536542856,0.0,0.0,2.52,0.0,1.4733333333333332,0.0,1.2941176470588236,0.0
0.5,Top120,1.280294627990138,0.003967633992230256,1.280294627990138,0.003967633992230256,1.2911345753132526,0.01857570757778124,1.196600566572238,0.11148667536542856,0.0,0.0,2.52,0.0,1.4733333333333332,0.0,1.2941176470588236,0.0
0.5,Top130,1.280294627990138,0.003967633992230256,1.280294627990138,0.003967633992230256,1.2911345753132526,0.01857570757778124,1.196600566572238,0.11148667536542856,0.0,0.0,2.52,0.0,1.4733333333333332,0.0,1.2941176470588236,0.0
0.5,Top140,1.280294627990138,0.003967633992230256,1.280294627990138,0.003967633992230256,1.2911345753132526,0.01857570757778124,1.246458923512748,0.0,0.0,0.0,2.52,0.0,1.4733333333333332,0.0,1.2941176470588236,0.0
0.5,Top15,1.280294627990138,0.003967633992230256,1.280294627990138,0.003967633992230256,1.2911345753132526,0.01857570757778124,1.246458923512748,0.0,0.0,0.0,2.52,0.0,1.4733333333333332,0.0,1.2941176470588236,0.0
0.5,Top20,1.280294627990138,0.003967633992230256,1.280294627990138,0.003967633992230256,1.2911345753132526,0.01857570757778124,1.246458923512748,0.0,0.0,0.0,2.52,0.0,1.4733333333333332,0.0,1.2941176470588236,0.0
0.5,Top25,1.280294627990138,0.003967633992230256,1.280294627990138,0.003967633992230256,1.2911345753132526,0.01857570757778124,1.246458923512748,0.0,0.0,0.0,2.52,0.0,1.4733333333333332,0.0,1.2941176470588236,0.0
0.5,Top30,1.280294627990138,0.003967633992230256,1.280294627990138,0.003967633992230256,1.2911345753132526,0.01857570757778124,1.246458923512748,0.0,0.0,0.0,2.52,0.0,1.4733333333333332,0.0,1.2941176470588236,0.0
0.5,Top40,1.280294627990138,0.003967633992230256,1.280294627990138,0.003967633992230256,1.2911345753132526,0.01857570757778124,1.246458923512748,0.0,0.0,0.0,2.52,0.0,1.4733333333333332,0.0,1.2941176470588236,0.0
0.5,Top50,1.280294627990138,0.003967633992230256,1.280294627990138,0.003967633992230256,1.2911345753132526,0.01857570757778124,1.246458923512748,0.0,0.0,0.0,2.52,0.0,1.4733333333333332,0.0,1.2941176470588236,0.0
0.5,Top60,1.280294627990138,0.003967633992230256,1.280294627990138,0.003967633992230256,1.2911345753132526,0.01857570757778124,1.246458923512748,0.0,0.0,0.0,2.52,0.0,1.4733333333333332,0.0,1.2941176470588236,0.0
0.5,Top70,1.280294627990138,0.003967633992230256,1.280294627990138,0.003967633992230256,1.2911345753132526,0.01857570757778124,1.246458923512748,0.0,0.0,0.0,2.52,0.0,1.4733333333333332,0.0,1.2941176470588236,0.0
0.5,Top80,1.280294627990138,0.003967633992230256,1.280294627990138,0.003967633992230256,1.225164993564203,0.1320784595359576,1.196600566572238,0.11148667536542856,0.0,0.0,2.52,0.0,1.4733333333333332,0.0,1.2941176470588236,0.0
0.5,Top90,1.280294627990138,0.003967633992230256,1.280294627990138,0.003967633992230256,1.225164993564203,0.1320784595359576,1.196600566572238,0.11148667536542856,0.0,0.0,2.52,0.0,1.4733333333333332,0.0,1.2941176470588236,0.0
0.6,Top10,1.280294627990138,0.003967633992230256,1.280294627990138,0.003967633992230256,1.2911345753132526,0.01857570757778124,1.246458923512748,0.0,0.0,0.0,2.52,0.0,1.4733333333333332,0.0,1.2941176470588236,0.0
0.6,Top100,1.280294627990138,0.003967633992230256,1.280294627990138,0.003967633992230256,1.2911345753132526,0.01857570757778124,1.196600566572238,0.11148667536542856,0.0,0.0,2.52,0.0,1.4733333333333332,0.0,1.2941176470588236,0.0
0.6,Top120,1.280294627990138,0.003967633992230256,1.280294627990138,0.003967633992230256,1.2911345753132526,0.01857570757778124,1.196600566572238,0.11148667536542856,0.0,0.0,2.52,0.0,1.4733333333333332,0.0,1.2941176470588236,0.0
0.6,Top130,1.280294627990138,0.003967633992230256,1.280294627990138,0.003967633992230256,1.2911345753132526,0.01857570757778124,1.196600566572238,0.11148667536542856,0.0,0.0,2.52,0.0,1.4733333333333332,0.0,1.2941176470588236,0.0
0.6,Top140,1.280294627990138,0.003967633992230256,1.280294627990138,0.003967633992230256,1.2911345753132526,0.01857570757778124,1.246458923512748,0.0,0.0,0.0,2.52,0.0,1.4733333333333332,0.0,1.2941176470588236,0.0
0.6,Top15,1.280294627990138,0.003967633992230256,1.280294627990138,0.003967633992230256,1.2911345753132526,0.01857570757778124,1.246458923512748,0.0,0.0,0.0,2.52,0.0,1.4733333333333332,0.0,1.2941176470588236,0.0
0.6,Top20,1.280294627990138,0.003967633992230256,1.280294627990138,0.003967633992230256,1.2911345753132526,0.01857570757778124,1.246458923512748,0.0,0.0,0.0,2.52,0.0,1.4733333333333332,0.0,1.2941176470588236,0.0
0.6,Top25,1.280294627990138,0.003967633992230256,1.280294627990138,0.003967633992230256,1.2911345753132526,0.01857570757778124,1.246458923512748,0.0,0.0,0.0,2.52,0.0,1.4733333333333332,0.0,1.2941176470588236,0.0
0.6,Top30,1.280294627990138,0.003967633992230256,1.280294627990138,0.003967633992230256,1.2911345753132526,0.01857570757778124,1.246458923512748,0.0,0.0,0.0,2.52,0.0,1.4733333333333332,0.0,1.2941176470588236,0.0
0.6,Top40,1.280294627990138,0.003967633992230256,1.280294627990138,0.003967633992230256,1.2911345753132526,0.01857570757778124,1.246458923512748,0.0,0.0,0.0,2.52,0.0,1.4733333333333332,0.0,1.2941176470588236,0.0
0.6,Top50,1.280294627990138,0.003967633992230256,1.280294627990138,0.003967633992230256,1.2911345753132526,0.01857570757778124,1.246458923512748,0.0,0.0,0.0,2.52,0.0,1.4733333333333332,0.0,1.2941176470588236,0.0
0.6,Top60,1.280294627990138,0.003967633992230256,1.280294627990138,0.003967633992230256,1.2911345753132526,0.01857570757778124,1.246458923512748,0.0,0.0,0.0,2.52,0.0,1.4733333333333332,0.0,1.2941176470588236,0.0
0.6,Top70,1.280294627990138,0.003967633992230256,1.280294627990138,0.003967633992230256,1.2911345753132526,0.01857570757778124,1.246458923512748,0.0,0.0,0.0,2.52,0.0,1.4733333333333332,0.0,1.2941176470588236,0.0
0.6,Top80,1.280294627990138,0.003967633992230256,1.280294627990138,0.003967633992230256,1.225164993564203,0.1320784595359576,1.196600566572238,0.11148667536542856,0.0,0.0,2.52,0.0,1.4733333333333332,0.0,1.2941176470588236,0.0
0.6,Top90,1.280294627990138,0.003967633992230256,1.280294627990138,0.003967633992230256,1.225164993564203,0.1320784595359576,1.196600566572238,0.11148667536542856,0.0,0.0,2.52,0.0,1.4733333333333332,0.0,1.2941176470588236,0.0
0.7,Top10,1.280294627990138,0.003967633992230256,1.280294627990138,0.003967633992230256,1.2911345753132526,0.01857570757778124,1.246458923512748,0.0,0.0,0.0,2.52,0.0,1.4733333333333332,0.0,1.2941176470588236,0.0
0.7,Top100,1.280294627990138,0.003967633992230256,1.280294627990138,0.003967633992230256,1.2911345753132526,0.01857570757778124,1.196600566572238,0.11148667536542856,0.0,0.0,2.52,0.0,1.4733333333333332,0.0,1.2941176470588236,0.0
0.7,Top120,1.280294627990138,0.003967633992230256,1.280294627990138,0.003967633992230256,1.2911345753132526,0.01857570757778124,1.196600566572238,0.11148667536542856,0.0,0.0,2.52,0.0,1.4733333333333332,0.0,1.2941176470588236,0.0
0.7,Top130,1.280294627990138,0.003967633992230256,1.280294627990138,0.003967633992230256,1.2911345753132526,0.01857570757778124,1.196600566572238,0.11148667536542856,0.0,0.0,2.52,0.0,1.4733333333333332,0.0,1.2941176470588236,0.0
0.7,Top140,1.280294627990138,0.003967633992230256,1.280294627990138,0.003967633992230256,1.2911345753132526,0.01857570757778124,1.246458923512748,0.0,0.0,0.0,2.52,0.0,1.4733333333333332,0.0,1.2941176470588236,0.0
0.7,Top15,1.280294627990138,0.003967633992230256,1.280294627990138,0.003967633992230256,1.2911345753132526,0.01857570757778124,1.246458923512748,0.0,0.0,0.0,2.52,0.0,1.4733333333333332,0.0,1.2941176470588236,0.0
0.7,Top20,1.280294627990138,0.003967633992230256,1.280294627990138,0.003967633992230256,1.2911345753132526,0.01857570757778124,1.246458923512748,0.0,0.0,0.0,2.52,0.0,1.4733333333333332,0.0,1.2941176470588236,0.0
0.7,Top25,1.280294627990138,0.003967633992230256,1.280294627990138,0.003967633992230256,1.2911345753132526,0.01857570757778124,1.246458923512748,0.0,0.0,0.0,2.52,0.0,1.4733333333333332,0.0,1.2941176470588236,0.0
0.7,Top30,1.280294627990138,0.003967633992230256,1.280294627990138,0.003967633992230256,1.2911345753132526,0.01857570757778124,1.246458923512748,0.0,0.0,0.0,2.52,0.0,1.4733333333333332,0.0,1.2941176470588236,0.0
0.7,Top40,1.280294627990138,0.003967633992230256,1.280294627990138,0.003967633992230256,1.2911345753132526,0.01857570757778124,1.246458923512748,0.0,0.0,0.0,2.52,0.0,1.4733333333333332,0.0,1.2941176470588236,0.0
0.7,Top50,1.280294627990138,0.003967633992230256,1.280294627990138,0.003967633992230256,1.2911345753132526,0.01857570757778124,1.246458923512748,0.0,0.0,0.0,2.52,0.0,1.4733333333333332,0.0,1.2941176470588236,0.0
0.7,Top60,1.280294627990138,0.003967633992230256,1.280294627990138,0.003967633992230256,1.2911345753132526,0.01857570757778124,1.246458923512748,0.0,0.0,0.0,2.52,0.0,1.4733333333333332,0.0,1.2941176470588236,0.0
0.7,Top70,1.280294627990138,0.003967633992230256,1.280294627990138,0.003967633992230256,1.2911345753132526,0.01857570757778124,1.246458923512748,0.0,0.0,0.0,2.52,0.0,1.4733333333333332,0.0,1.2941176470588236,0.0
0.7,Top80,1.280294627990138,0.003967633992230256,1.280294627990138,0.003967633992230256,1.225164993564203,0.1320784595359576,1.196600566572238,0.11148667536542856,0.0,0.0,2.52,0.0,1.4733333333333332,0.0,1.2941176470588236,0.0
0.7,Top90,1.280294627990138,0.003967633992230256,1.280294627990138,0.003967633992230256,1.225164993564203,0.1320784595359576,1.196600566572238,0.11148667536542856,0.0,0.0,2.52,0.0,1.4733333333333332,0.0,1.2941176470588236,0.0
0.8,Top10,1.280294627990138,0.003967633992230256,1.280294627990138,0.003967633992230256,1.2911345753132526,0.01857570757778124,1.246458923512748,0.0,0.0,0.0,2.52,0.0,1.4733333333333332,0.0,1.2941176470588236,0.0
0.8,Top100,1.280294627990138,0.003967633992230256,1.280294627990138,0.003967633992230256,1.2911345753132526,0.01857570757778124,1.196600566572238,0.11148667536542856,0.0,0.0,2.52,0.0,1.4733333333333332,0.0,1.2941176470588236,0.0
0.8,Top120,1.280294627990138,0.003967633992230256,1.280294627990138,0.003967633992230256,1.2911345753132526,0.01857570757778124,1.196600566572238,0.11148667536542856,0.0,0.0,2.52,0.0,1.4733333333333332,0.0,1.2941176470588236,0.0
0.8,Top130,1.280294627990138,0.003967633992230256,1.280294627990138,0.003967633992230256,1.2911345753132526,0.01857570757778124,1.196600566572238,0.11148667536542856,0.0,0.0,2.52,0.0,1.4733333333333332,0.0,1.2941176470588236,0.0
0.8,Top140,1.280294627990138,0.003967633992230256,1.280294627990138,0.003967633992230256,1.2911345753132526,0.01857570757778124,1.246458923512748,0.0,0.0,0.0,2.52,0.0,1.4733333333333332,0.0,1.2941176470588236,0.0
0.8,Top15,1.280294627990138,0.003967633992230256,1.280294627990138,0.003967633992230256,1.2911345753132526,0.01857570757778124,1.246458923512748,0.0,0.0,0.0,2.52,0.0,1.4733333333333332,0.0,1.2941176470588236,0.0
0.8,Top20,1.280294627990138,0.003967633992230256,1.280294627990138,0.003967633992230256,1.2911345753132526,0.01857570757778124,1.246458923512748,0.0,0.0,0.0,2.52,0.0,1.4733333333333332,0.0,1.2941176470588236,0.0
0.8,Top25,1.280294627990138,0.003967633992230256,1.280294627990138,0.003967633992230256,1.2911345753132526,0.01857570757778124,1.246458923512748,0.0,0.0,0.0,2.52,0.0,1.4733333333333332,0.0,1.2941176470588236,0.0
0.8,Top30,1.280294627990138,0.003967633992230256,1.280294627990138,0.003967633992230256,1.2911345753132526,0.01857570757778124,1.246458923512748,0.0,0.0,0.0,2.52,0.0,1.4733333333333332,0.0,1.2941176470588236,0.0
0.8,Top40,1.280294627990138,0.003967633992230256,1.280294627990138,0.003967633992230256,1.2911345753132526,0.01857570757778124,1.246458923512748,0.0,0.0,0.0,2.52,0.0,1.4733333333333332,0.0,1.2941176470588236,0.0
0.8,Top50,1.280294627990138,0.003967633992230256,1.280294627990138,0.003967633992230256,1.2911345753132526,0.01857570757778124,1.246458923512748,0.0,0.0,0.0,2.52,0.0,1.4733333333333332,0.0,1.2941176470588236,0.0
0.8,Top60,1.280294627990138,0.003967633992230256,1.280294627990138,0.003967633992230256,1.2911345753132526,0.01857570757778124,1.246458923512748,0.0,0.0,0.0,2.52,0.0,1.4733333333333332,0.0,1.2941176470588236,0.0
0.8,Top70,1.280294627990138,0.003967633992230256,1.280294627990138,0.003967633992230256,1.2911345753132526,0.01857570757778124,1.246458923512748,0.0,0.0,0.0,2.52,0.0,1.4733333333333332,0.0,1.2941176470588236,0.0
0.8,Top80,1.280294627990138,0.003967633992230256,1.280294627990138,0.003967633992230256,1.225164993564203,0.1320784595359576,1.196600566572238,0.11148667536542856,0.0,0.0,2.52,0.0,1.4733333333333332,0.0,1.2941176470588236,0.0
0.8,Top90,1.280294627990138,0.003967633992230256,1.280294627990138,0.003967633992230256,1.225164993564203,0.1320784595359576,1.196600566572238,0.11148667536542856,0.0,0.0,2.52,0.0,1.4733333333333332,0.0,1.2941176470588236,0.0
0.85,Top10,1.280294627990138,0.003967633992230256,1.280294627990138,0.003967633992230256,1.2911345753132526,0.01857570757778124,1.246458923512748,0.0,0.0,0.0,2.52,0.0,1.4733333333333332,0.0,1.2941176470588236,0.0
0.85,Top100,1.280294627990138,0.003967633992230256,1.280294627990138,0.003967633992230256,1.2911345753132526,0.01857570757778124,1.196600566572238,0.11148667536542856,0.0,0.0,2.52,0.0,1.4733333333333332,0.0,1.2941176470588236,0.0
0.85,Top120,1.280294627990138,0.003967633992230256,1.280294627990138,0.003967633992230256,1.2911345753132526,0.01857570757778124,1.196600566572238,0.11148667536542856,0.0,0.0,2.52,0.0,1.4733333333333332,0.0,1.2941176470588236,0.0
0.85,Top130,1.280294627990138,0.003967633992230256,1.280294627990138,0.003967633992230256,1.2911345753132526,0.01857570757778124,1.196600566572238,0.11148667536542856,0.0,0.0,2.52,0.0,1.4733333333333332,0.0,1.2941176470588236,0.0
0.85,Top140,1.280294627990138,0.003967633992230256,1.280294627990138,0.003967633992230256,1.2911345753132526,0.01857570757778124,1.246458923512748,0.0,0.0,0.0,2.52,0.0,1.4733333333333332,0.0,1.2941176470588236,0.0
0.85,Top15,1.280294627990138,0.003967633992230256,1.280294627990138,0.003967633992230256,1.2911345753132526,0.01857570757778124,1.246458923512748,0.0,0.0,0.0,2.52,0.0,1.4733333333333332,0.0,1.2941176470588236,0.0
0.85,Top20,1.280294627990138,0.003967633992230256,1.280294627990138,0.003967633992230256,1.2911345753132526,0.01857570757778124,1.246458923512748,0.0,0.0,0.0,2.52,0.0,1.4733333333333332,0.0,1.2941176470588236,0.0
0.85,Top25,1.280294627990138,0.003967633992230256,1.280294627990138,0.003967633992230256,1.2911345753132526,0.01857570757778124,1.246458923512748,0.0,0.0,0.0,2.52,0.0,1.4733333333333332,0.0,1.2941176470588236,0.0
0.85,Top30,1.280294627990138,0.003967633992230256,1.280294627990138,0.003967633992230256,1.2911345753132526,0.01857570757778124,1.246458923512748,0.0,0.0,0.0,2.52,0.0,1.4733333333333332,0.0,1.2941176470588236,0.0
0.85,Top40,1.280294627990138,0.003967633992230256,1.280294627990138,0.003967633992230256,1.2911345753132526,0.01857570757778124,1.246458923512748,0.0,0.0,0.0,2.52,0.0,1.4733333333333332,0.0,1.2941176470588236,0.0
0.85,Top50,1.280294627990138,0.003967633992230256,1.280294627990138,0.003967633992230256,1.2911345753132526,0.01857570757778124,1.246458923512748,0.0,0.0,0.0,2.52,0.0,1.4733333333333332,0.0,1.2941176470588236,0.0
0.85,Top60,1.280294627990138,0.003967633992230256,1.280294627990138,0.003967633992230256,1.2911345753132526,0.01857570757778124,1.246458923512748,0.0,0.0,0.0,2.52,0.0,1.4733333333333332,0.0,1.2941176470588236,0.0
0.85,Top70,1.280294627990138,0.003967633992230256,1.280294627990138,0.003967633992230256,1.2911345753132526,0.01857570757778124,1.246458923512748,0.0,0.0,0.0,2.52,0.0,1.4733333333333332,0.0,1.2941176470588236,0.0
0.85,Top80,1.280294627990138,0.003967633992230256,1.280294627990138,0.003967633992230256,1.225164993564203,0.1320784595359576,1.196600566572238,0.11148667536542856,0.0,0.0,2.52,0.0,1.4733333333333332,0.0,1.2941176470588236,0.0
0.85,Top90,1.280294627990138,0.003967633992230256,1.280294627990138,0.003967633992230256,1.225164993564203,0.1320784595359576,1.196600566572238,0.11148667536542856,0.0,0.0,2.52,0.0,1.4733333333333332,0.0,1.2941176470588236,0.0
0.9,Top10,1.280294627990138,0.003967633992230256,1.280294627990138,0.003967633992230256,1.2911345753132526,0.01857570757778124,1.246458923512748,0.0,0.0,0.0,2.52,0.0,1.4733333333333332,0.0,1.2941176470588236,0.0
0.9,Top100,1.280294627990138,0.003967633992230256,1.280294627990138,0.003967633992230256,1.2911345753132526,0.01857570757778124,1.196600566572238,0.11148667536542856,0.0,0.0,2.52,0.0,1.4733333333333332,0.0,1.2941176470588236,0.0
0.9,Top120,1.280294627990138,0.003967633992230256,1.280294627990138,0.003967633992230256,1.2911345753132526,0.01857570757778124,1.196600566572238,0.11148667536542856,0.0,0.0,2.52,0.0,1.4733333333333332,0.0,1.2941176470588236,0.0
0.9,Top130,1.280294627990138,0.003967633992230256,1.280294627990138,0.003967633992230256,1.2911345753132526,0.01857570757778124,1.196600566572238,0.11148667536542856,0.0,0.0,2.52,0.0,1.4733333333333332,0.0,1.2941176470588236,0.0
0.9,Top140,1.280294627990138,0.003967633992230256,1.280294627990138,0.003967633992230256,1.2911345753132526,0.01857570757778124,1.246458923512748,0.0,0.0,0.0,2.52,0.0,1.4733333333333332,0.0,1.2941176470588236,0.0
0.9,Top15,1.280294627990138,0.003967633992230256,1.280294627990138,0.003967633992230256,1.2911345753132526,0.01857570757778124,1.246458923512748,0.0,0.0,0.0,2.52,0.0,1.4733333333333332,0.0,1.2941176470588236,0.0
0.9,Top20,1.280294627990138,0.003967633992230256,1.280294627990138,0.003967633992230256,1.2911345753132526,0.01857570757778124,1.246458923512748,0.0,0.0,0.0,2.52,0.0,1.4733333333333332,0.0,1.2941176470588236,0.0
0.9,Top25,1.280294627990138,0.003967633992230256,1.280294627990138,0.003967633992230256,1.2911345753132526,0.01857570757778124,1.246458923512748,0.0,0.0,0.0,2.52,0.0,1.4733333333333332,0.0,1.2941176470588236,0.0
0.9,Top30,1.280294627990138,0.003967633992230256,1.280294627990138,0.003967633992230256,1.2911345753132526,0.01857570757778124,1.246458923512748,0.0,0.0,0.0,2.52,0.0,1.4733333333333332,0.0,1.2941176470588236,0.0
0.9,Top40,1.280294627990138,0.003967633992230256,1.280294627990138,0.003967633992230256,1.2911345753132526,0.01857570757778124,1.246458923512748,0.0,0.0,0.0,2.52,0.0,1.4733333333333332,0.0,1.2941176470588236,0.0
0.9,Top50,1.280294627990138,0.003967633992230256,1.280294627990138,0.003967633992230256,1.2911345753132526,0.01857570757778124,1.246458923512748,0.0,0.0,0.0,2.52,0.0,1.4733333333333332,0.0,1.2941176470588236,0.0
0.9,Top60,1.280294627990138,0.003967633992230256,1.280294627990138,0.003967633992230256,1.2911345753132526,0.01857570757778124,1.246458923512748,0.0,0.0,0.0,2.52,0.0,1.4733333333333332,0.0,1.2941176470588236,0.0
0.9,Top70,1.280294627990138,0.003967633992230256,1.280294627990138,0.003967633992230256,1.2911345753132526,0.01857570757778124,1.246458923512748,0.0,0.0,0.0,2.52,0.0,1.4733333333333332,0.0,1.2941176470588236,0.0
0.9,Top80,1.280294627990138,0.003967633992230256,1.280294627990138,0.003967633992230256,1.225164993564203,0.1320784595359576,1.196600566572238,0.11148667536542856,0.0,0.0,2.52,0.0,1.4733333333333332,0.0,1.2941176470588236,0.0
0.9,Top90,1.280294627990138,0.003967633992230256,1.280294627990138,0.003967633992230256,1.225164993564203,0.1320784595359576,1.196600566572238,0.11148667536542856,0.0,0.0,2.52,0.0,1.4733333333333332,0.0,1.2941176470588236,0.0
0.95,Top10,1.280294627990138,0.003967633992230256,1.280294627990138,0.003967633992230256,1.2911345753132526,0.01857570757778124,1.246458923512748,0.0,0.0,0.0,2.52,0.0,1.4733333333333332,0.0,1.2941176470588236,0.0
0.95,Top100,1.280294627990138,0.003967633992230256,1.280294627990138,0.003967633992230256,1.2911345753132526,0.01857570757778124,1.196600566572238,0.11148667536542856,0.0,0.0,2.52,0.0,1.4733333333333332,0.0,1.2941176470588236,0.0
0.95,Top120,1.280294627990138,0.003967633992230256,1.280294627990138,0.003967633992230256,1.2911345753132526,0.01857570757778124,1.196600566572238,0.11148667536542856,0.0,0.0,2.52,0.0,1.4733333333333332,0.0,1.2941176470588236,0.0
0.95,Top130,1.280294627990138,0.003967633992230256,1.280294627990138,0.003967633992230256,1.2911345753132526,0.01857570757778124,1.196600566572238,0.11148667536542856,0.0,0.0,2.52,0.0,1.4733333333333332,0.0,1.2941176470588236,0.0
0.95,Top140,1.280294627990138,0.003967633992230256,1.280294627990138,0.003967633992230256,1.2911345753132526,0.01857570757778124,1.246458923512748,0.0,0.0,0.0,2.52,0.0,1.4733333333333332,0.0,1.2941176470588236,0.0
0.95,Top15,1.280294627990138,0.003967633992230256,1.280294627990138,0.003967633992230256,1.2911345753132526,0.01857570757778124,1.246458923512748,0.0,0.0,0.0,2.52,0.0,1.4733333333333332,0.0,1.2941176470588236,0.0
0.95,Top20,1.280294627990138,0.003967633992230256,1.280294627990138,0.003967633992230256,1.2911345753132526,0.01857570757778124,1.246458923512748,0.0,0.0,0.0,2.52,0.0,1.4733333333333332,0.0,1.2941176470588236,0.0
0.95,Top25,1.280294627990138,0.003967633992230256,1.280294627990138,0.003967633992230256,1.2911345753132526,0.01857570757778124,1.246458923512748,0.0,0.0,0.0,2.52,0.0,1.4733333333333332,0.0,1.2941176470588236,0.0
0.95,Top30,1.280294627990138,0.003967633992230256,1.280294627990138,0.003967633992230256,1.2911345753132526,0.01857570757778124,1.246458923512748,0.0,0.0,0.0,2.52,0.0,1.4733333333333332,0.0,1.2941176470588236,0.0
0.95,Top40,1.280294627990138,0.003967633992230256,1.280294627990138,0.003967633992230256,1.2911345753132526,0.01857570757778124,1.246458923512748,0.0,0.0,0.0,2.52,0.0,1.4733333333333332,0.0,1.2941176470588236,0.0
0.95,Top50,1.280294627990138,0.003967633992230256,1.280294627990138,0.003967633992230256,1.2911345753132526,0.01857570757778124,1.246458923512748,0.0,0.0,0.0,2.52,0.0,1.4733333333333332,0.0,1.2941176470588236,0.0
0.95,Top60,1.280294627990138,0.003967633992230256,1.280294627990138,0.003967633992230256,1.2911345753132526,0.01857570757778124,1.246458923512748,0.0,0.0,0.0,2.52,0.0,1.4733333333333332,0.0,1.2941176470588236,0.0
0.95,Top70,1.280294627990138,0.003967633992230256,1.280294627990138,0.003967633992230256,1.2911345753132526,0.01857570757778124,1.246458923512748,0.0,0.0,0.0,2.52,0.0,1.4733333333333332,0.0,1.2941176470588236,0.0
0.95,Top80,1.280294627990138,0.003967633992230256,1.280294627990138,0.003967633992230256,1.225164993564203,0.1320784595359576,1.196600566572238,0.11148667536542856,0.0,0.0,2.52,0.0,1.4733333333333332,0.0,1.2941176470588236,0.0
0.95,Top90,1.280294627990138,0.003967633992230256,1.280294627990138,0.003967633992230256,1.225164993564203,0.1320784595359576,1.196600566572238,0.11148667536542856,0.0,0.0,2.52,0.0,1.4733333333333332,0.0,1.2941176470588236,0.0
