threshold,topN,train_MCC,train_MCC_std,val_MCC,val_MCC_std,test_MCC,test_MCC_std,ext_MCC,ext_MCC_std,rmSim_0.6,rmSim_0.6_std,rmSim_0.7,rmSim_0.7_std,rmSim_0.8,rmSim_0.8_std,rmSim_0.9,rmSim_0.9_std
0.9,Top15,0.9660740289461476,0.0047453567796368,0.9660740289461476,0.0047453567796368,0.7444893250158721,0.0384644463528523,0.6945903704635279,0.0448275378447269,-0.2245503962305758,0.0460750973127502,0.4526830051950813,0.0311335140083004,0.6296038379626331,0.0537783133089835,0.6888145842727544,0.0448318227475399
0.9,Top20,0.973449213355524,0.0029220865690094,0.973449213355524,0.0029220865690094,0.7437925170906557,0.0574296831898899,0.6903215464919675,0.0158076240770915,-0.3023517610515239,0.1180675397684769,0.4470128706845058,0.0359968906202657,0.6240475445212195,0.036413910332114,0.6878632643266617,0.0239775358184458
0.9,Top25,0.9852072917936644,0.0059582729668882,0.9852072917936644,0.0059582729668882,0.7361476612059407,0.0624907780894114,0.6726127837623525,0.0121819270675367,-0.3642127766703915,0.0871723296135467,0.4572130489747605,0.0520264597648603,0.5947601734272439,0.0192510496903406,0.6692637496434948,0.0109578552766239
0.85,Top10,0.9706605319416148,0.0054275833101705,0.9706605319416148,0.0054275833101705,0.7520689910212881,0.0520699643463249,0.6715330609821171,0.0403210481964134,-0.087622346815126,0.1933199482540774,0.4906031415360496,0.0697125583524341,0.610226277852918,0.0576986993026642,0.6716205475557718,0.0431238034714828
0.9,Top10,0.9654307431410316,0.0030454028293902,0.9654307431410316,0.0030454028293902,0.741916872728591,0.0557495395689695,0.6694807232127591,0.054297924990452,-0.1740776559556978,0.0,0.4075732867348584,0.0723742274216934,0.5908380534276946,0.0671612635103733,0.662061770649957,0.0545840298064901
0.9,Top30,0.9867114859659722,0.0033537491877552,0.9867114859659722,0.0033537491877552,0.7342243633191528,0.065589645759144,0.6666719562817335,0.0285710131708527,-0.3970758146395692,0.1184255373494845,0.4468252249630299,0.0637187371680086,0.5844825455391267,0.0286158284416891,0.662528311261587,0.0266353886132523
0.95,Top20,0.9334370464288412,0.0040957630114026,0.9334370464288412,0.0040957630114026,0.7380677310529334,0.0474438420875837,0.6596239354634001,0.0397114293854051,-0.1740776559556978,0.0,0.4873656844711389,0.0457546375471615,0.5385747261518352,0.0588173169702305,0.6456343590277952,0.041479254806826
0.95,Top15,0.9212515784092064,0.0156145213048602,0.9212515784092064,0.0156145213048602,0.726478977407776,0.0481059762402471,0.6583714614416508,0.0406626417443728,-0.1392621247645582,0.0778498944161522,0.4430127129687456,0.0784162695932991,0.5508043818016259,0.062943681973234,0.6470869265080077,0.0469643441918329
0.95,Top100,0.984437013953014,0.002727343270583,0.984437013953014,0.002727343270583,0.7551991932852532,0.0346590071959317,0.6545175428372298,0.0304399365392865,-0.4560693380701052,0.0436544441624454,0.3908112371245787,0.0460349381947459,0.5612675638194536,0.0363128303168901,0.6462977303291281,0.0303995109641151
0.95,Top25,0.961930770667794,0.0027333448153526,0.961930770667794,0.0027333448153526,0.7454887047138042,0.0484433763635016,0.6543521920773356,0.0415707073602743,-0.1740776559556978,0.0,0.4448336250354183,0.0590761712167253,0.5434431995791084,0.0595377903625179,0.6428854798966201,0.0406228700416935
0.95,Top130,0.9822060669886348,0.0035859882696097,0.9822060669886348,0.0035859882696097,0.7580117527818614,0.0319930368768468,0.6539235876417917,0.0237866053173739,-0.4280430525588844,0.1051346590067007,0.3719896040558746,0.1079312860808578,0.565666608968074,0.0391382696443676,0.6497033002624499,0.0263636724760547
0.85,Top15,0.9614863082993702,0.0060408065273396,0.9614863082993702,0.0060408065273396,0.7420696622764356,0.031401811186928,0.6523660769027663,0.0263190968227073,-0.246176973069227,0.1181724888952841,0.4688402180967566,0.0476557384765573,0.5977770094963589,0.0355104643764788,0.6530720056126946,0.027735824633017
0.85,Top20,0.9732708848368796,0.0041247644489587,0.9732708848368796,0.0041247644489587,0.7293534249990452,0.0452849871679302,0.6516935268764293,0.0304806633532439,-0.3658674986339539,0.190388143999556,0.4174632314567674,0.0925113166826638,0.5945526603444743,0.0383991038276312,0.651356358920234,0.0307896526619368
0.95,Top120,0.9836237761651224,0.0033419358015612,0.9836237761651224,0.0033419358015612,0.7633347477105108,0.0333358688231484,0.6396420553799264,0.0240324539339818,-0.4580090354110963,0.0751118979216295,0.3439041755673105,0.0939872617870285,0.5400876338004151,0.0367533483802514,0.6306537324804082,0.025314268696278
0.9,Top40,0.992599538294991,0.0018648323878583,0.992599538294991,0.0018648323878583,0.7403406804578672,0.0591034071299989,0.6375858365700109,0.0276016718039347,-0.4898897338152577,0.059845546613332,0.3436562714981027,0.059044468651483,0.5483968287034842,0.0320536929476407,0.6332316780722941,0.0264664888842999
0.95,Top10,0.9216332628549626,0.0224058417967085,0.9216332628549626,0.0224058417967085,0.7150727101359011,0.0467224133764488,0.6369158464248275,0.0173288953516418,-0.1044465935734186,0.0953462589245592,0.4228460646386285,0.0708973944601714,0.5316964070177215,0.02289981657248,0.6235563747881981,0.0160155581612672
0.8,Top10,0.9687643987255684,0.0094057650975403,0.9687643987255684,0.0094057650975403,0.7313466983947996,0.0549020828113439,0.6367670941777569,0.037555066584981,-0.1798248447086233,0.1132498776098791,0.45491943522451,0.061060575580633,0.5708092975601176,0.0425793335754216,0.6353137053513414,0.0402158356613251
0.95,Top30,0.9614348706872564,0.0043144862422479,0.9614348706872564,0.0043144862422479,0.7513913785625707,0.0349478923681676,0.6352976920588632,0.0258623774502783,-0.2209117828573308,0.1047242914189031,0.4103660814045503,0.0624751765101416,0.5176215772835067,0.0340194171871018,0.6231252343513184,0.0255814693796993
0.95,Top40,0.9716935372923826,0.0044395641733587,0.9716935372923826,0.0044395641733587,0.7553495072259651,0.0414482834427051,0.6304633752282378,0.0133183591135002,-0.3041491190925822,0.1027478363980672,0.4600853207995021,0.0441305914188397,0.5118334546807395,0.0170974226550821,0.6183405941340613,0.0122903410140172
0.95,Top140,0.9832045356202944,0.0026175684069563,0.9832045356202944,0.0026175684069563,0.7576539087563356,0.040620380919273,0.627162109802414,0.0299071884091199,-0.4580090354110963,0.0751118979216295,0.3147331013190378,0.1146974730465802,0.5323625170965414,0.0412856460502507,0.6201500628392546,0.0322725361456
0.95,Top50,0.978689200935058,0.0036685933584047,0.978689200935058,0.0036685933584047,0.7646833899347162,0.0365082627499077,0.6233229239632053,0.0256914673148915,-0.3173786497687584,0.1158027640451169,0.4240830318958829,0.0673321767409174,0.5154206546369299,0.0389459258207587,0.6152537881200006,0.0310786813407961
0.95,Top60,0.9763001230815792,0.0052174158830461,0.9763001230815792,0.0052174158830461,0.7540693175704029,0.0379820691025448,0.6223688875323602,0.0350712977298209,-0.3314777436386524,0.1569396183797984,0.4125369527369324,0.0679880975873356,0.5102716928448559,0.0481832104489661,0.6121218885230394,0.0348523518531579
0.85,Top30,0.9864514904566848,0.003173973644994,0.9864514904566848,0.003173973644994,0.7270657610221278,0.0516083758840353,0.6157392519736373,0.0450475206194586,-0.5269860393922079,0.0872871560943969,0.2946674023261474,0.0977526987157813,0.5368561605106451,0.050271970157629,0.6139146331984637,0.0456987575925789
0.95,Top70,0.977333427721935,0.0070198691556979,0.977333427721935,0.0070198691556979,0.7538172060530226,0.0270712355037884,0.6131346924964994,0.0177781403003987,-0.3483019903969451,0.1393735104843421,0.4024772468477943,0.0744963873779374,0.4906043854691884,0.0194208899764363,0.6001148870484176,0.0144382174787751
0.8,Top15,0.949027467005715,0.0143320031675741,0.949027467005715,0.0143320031675741,0.737771189582524,0.0401101729110036,0.6065693438653522,0.031337997266423,-0.3015246690020497,0.2055574495024315,0.3889925657030527,0.0205431802649582,0.5490403115621479,0.0369997674231247,0.6050146865345106,0.0318026593510429
0.95,Top90,0.9844159593337596,0.0015233861006186,0.9844159593337596,0.0015233861006186,0.7595902840559039,0.0335746959585158,0.6064283428511655,0.0347321624054584,-0.4430260439849903,0.0928878862232084,0.3116372314206321,0.1213904824319527,0.4857894927158103,0.049218655898838,0.5934609281408461,0.0349508886838509
0.85,Top25,0.983709982843445,0.005402208042483,0.983709982843445,0.005402208042483,0.7395408790961453,0.0454665976450024,0.6062668942376306,0.0538266069254812,-0.3832711615927678,0.1763679456632103,0.334099148649367,0.0949902097007799,0.5288358837161576,0.0629039179538279,0.6047232486674953,0.0544496384363036
0.9,Top60,0.9882553212441304,0.00281358956317,0.9882553212441304,0.00281358956317,0.733337904663758,0.0620594197705597,0.6052551469196336,0.0496379927768768,-0.4917687668174567,0.2043329856537276,0.3072048634075405,0.188011621321738,0.5036660349821858,0.0556543837016849,0.5992099306082292,0.046120817067586
0.95,Top80,0.981995096570371,0.0030207270958617,0.981995096570371,0.0030207270958617,0.7567506686696169,0.0236981039120938,0.6048598979272743,0.0292487972639176,-0.3783118705402855,0.1310266454894153,0.3950073152129028,0.0863186762490584,0.4796657787758557,0.0411721428235049,0.5912371707487938,0.0284832028378415
0.9,Top50,0.988491966440656,0.0040180526662549,0.988491966440656,0.0040180526662549,0.7276026161874585,0.055892645458435,0.5996854828845015,0.0438627366954558,-0.5227360047367717,0.1773406600463359,0.2761461957344197,0.1813003009435035,0.5003710551516951,0.0594366107674714,0.5975140347182845,0.0449059753009383
0.9,Top70,0.9889494523803034,0.0043358806966043,0.9889494523803034,0.0043358806966043,0.7403445856682117,0.0486360202318902,0.5851521069516604,0.0381064914258817,-0.5536593453649585,0.1469304814341183,0.270914503667511,0.1451937452860979,0.4765475095830509,0.0342909653667912,0.5800936715725412,0.0272214439558106
0.9,Top80,0.9881026252394356,0.0021403505134781,0.9881026252394356,0.0021403505134781,0.7392610971468473,0.0506941000349606,0.5840458902538754,0.0309234886256198,-0.5110456901901272,0.1022014680784114,0.3100595415558833,0.0924807113946176,0.4685176818664358,0.0385767980808406,0.5769352805537005,0.0284210334151323
0.9,Top120,0.9895457545698376,0.0026322683384235,0.9895457545698376,0.0026322683384235,0.7383490602321605,0.0411022112876868,0.581502190496292,0.0521080751802421,-0.5536593453649585,0.1469304814341183,0.2521021077424405,0.1546319859820176,0.4831559516857898,0.0606242504074523,0.5796176419760225,0.0512948528438631
0.9,Top100,0.9899664685956092,0.0021199073813368,0.9899664685956092,0.0021199073813368,0.735092554873958,0.0402738383142133,0.5792890693020505,0.0455912903206688,-0.5269860393922079,0.0872871560943969,0.2704539409308759,0.0942796103103108,0.4833040129241602,0.0400326193855567,0.5755829670191837,0.0403361123032057
0.9,Top90,0.989768235422307,0.0029504630522431,0.989768235422307,0.0029504630522431,0.726941735851663,0.0433102918881036,0.5757087965277711,0.0362114408884814,-0.5715393919080303,0.1423019077285235,0.235907703607239,0.1347721769262481,0.4665376083848997,0.0416170816022337,0.5689086468384904,0.03300413697079
0.9,Top130,0.9885170637617704,0.0027001043230457,0.9885170637617704,0.0027001043230457,0.7422115469284496,0.0422783427929168,0.5754838986825858,0.0593255647835526,-0.5377189961628778,0.1596170835523118,0.2611872829970676,0.165795525921395,0.4793639389530357,0.0768924332939996,0.5730104200265421,0.0609603662042596
0.85,Top40,0.9889959602794732,0.0021029739555366,0.9889959602794732,0.0021029739555366,0.7279122182695902,0.0601243421641157,0.5736187991428026,0.0569472441550606,-0.3832711615927678,0.1763679456632103,0.2476974623249153,0.1173110235192484,0.4927727145332108,0.0691296671115632,0.573675254865547,0.0589860797441153
0.7,Top10,0.9458168075661494,0.0429966467688117,0.9458168075661494,0.0429966467688117,0.7224508908022969,0.040966821146775,0.569712085172225,0.077075123750134,-0.2897079570288252,0.2560022688570049,0.379827935313389,0.0519042817118792,0.4958181156319002,0.071272475253499,0.5669659270417193,0.0776480459370322
0.85,Top50,0.9875801851210492,0.0025417247213557,0.9875801851210492,0.0025417247213557,0.7180497378568887,0.0491157069911905,0.5692612062503247,0.0621542786823842,-0.3673308123906871,0.1679421965190776,0.2511789682274103,0.1839004525583449,0.4845937029524255,0.0785845764012658,0.5658663378940423,0.0624307664522187
0.8,Top20,0.9537375769587731,0.006763923575052,0.9537375769587731,0.006763923575052,0.7361489319022552,0.04232148261773,0.5689333364460653,0.0516424516606899,-0.3832711615927678,0.1763679456632103,0.3303565204610565,0.0741698374964082,0.511633348067823,0.0622225971830622,0.5695692651680826,0.0541411490063099
0.8,Top30,0.9714011080117118,0.0065244196004112,0.9714011080117118,0.0065244196004112,0.7220171103558636,0.0436898276413877,0.5586884258699844,0.0570019991319418,-0.3832711615927678,0.1763679456632103,0.2614486341182168,0.1283012955946247,0.4925271545611823,0.0650293066506803,0.5570305222513532,0.0578769236335748
0.85,Top80,0.9893322778631992,0.0026488040939224,0.9893322778631992,0.0026488040939224,0.7274501543672335,0.0463589013188176,0.5515231787093671,0.0307195829640713,-0.5715393919080303,0.1423019077285235,0.1898570122639898,0.1230457721288773,0.4416962269100691,0.0435671640911388,0.5464501440387295,0.0302025895933053
0.9,Top140,0.9887123600060524,0.0017015799092657,0.9887123600060524,0.0017015799092657,0.7358144304171822,0.0425054912767307,0.5502068765002165,0.0520257687615869,-0.5715393919080303,0.1423019077285235,0.1936040161608928,0.1363444337780023,0.4424729835632914,0.0564398390503659,0.5458299084798532,0.0492918159012469
0.8,Top25,0.9641884255148032,0.0105553389019484,0.9641884255148032,0.0105553389019484,0.7256370888933732,0.0423199043597676,0.5487724608721198,0.0655586135884707,-0.3832711615927678,0.1763679456632103,0.2615331767351847,0.1282251087989986,0.4813056507961978,0.0737052150728816,0.5492435662369062,0.0665553333556975
0.85,Top60,0.9892681428612488,0.0022418427829759,0.9892681428612488,0.0022418427829759,0.7130474267764948,0.0569886480469967,0.5469310230535056,0.0550591758716286,-0.5169319414477733,0.0694370727128193,0.1990570162643971,0.1657402795334313,0.4474206237780539,0.0631654953154784,0.542689158664828,0.0548972768817695
0.85,Top90,0.9930813881368552,0.0045070515234863,0.9930813881368552,0.0045070515234863,0.7256980784471307,0.050046924347669,0.5360406711392149,0.0416033303426013,-0.5894194384511021,0.1345803081841345,0.1196387465201394,0.1394925279796472,0.4359781355244871,0.0526796754275766,0.5350041187632579,0.0413576277706785
0.85,Top130,0.9914098633235922,0.0026664267690043,0.9914098633235922,0.0026664267690043,0.7299364766398189,0.0432433507737686,0.5355797924570151,0.0641317136961087,-0.5536593453649585,0.1469304814341183,0.1845188960082761,0.1758920425577466,0.4389575080464722,0.0817309633447656,0.5340438081564935,0.0635031454654375
0.85,Top70,0.9909770752782237,0.0035620715141566,0.9909770752782237,0.0035620715141566,0.7117577201931578,0.0540329619907426,0.532782271963814,0.0453169141620474,-0.6317313512008411,0.1420985360060702,0.1375168173336857,0.1376327737453602,0.4168510368284462,0.0496695308351731,0.5253131180212878,0.0412993521366106
0.85,Top120,0.9922267237162418,0.0029804403834651,0.9922267237162418,0.0029804403834651,0.7307825784505533,0.0514810626074966,0.5269948240322824,0.0428895805991365,-0.5715393919080303,0.1423019077285235,0.1602213178930124,0.1600129293711714,0.4281656515246246,0.0515869753450519,0.5256430275458287,0.0373518349975113
0.85,Top100,0.993476343172098,0.0030223500758341,0.993476343172098,0.0030223500758341,0.7344081571344059,0.0460253766888536,0.5267826696193992,0.0424085666206642,-0.5926953482828998,0.1509802704313614,0.1535388859099772,0.1106105562700753,0.4266367976812675,0.0464115957549578,0.5224821528933485,0.041925034927503
0.8,Top80,0.994536385769387,0.0019791440385466,0.994536385769387,0.0019791440385466,0.7176409261897356,0.0480646364070592,0.5074691557510422,0.035242423770918,-0.6762847037166635,0.1454506523042218,0.0827974062238533,0.1364587683104242,0.3963717300690638,0.0471419086774671,0.5032204859362418,0.0349818773095889
0.85,Top140,0.9909731843334044,0.003808655795918,0.9909731843334044,0.003808655795918,0.7379473178919642,0.0454573010442236,0.504006476595636,0.0660566567554901,-0.6372487007987222,0.1676511329434176,0.1102319334406475,0.1508388727494945,0.3892990496278949,0.0768062508996338,0.4978823241719422,0.0620480820230525
0.8,Top90,0.9951605847341572,0.0035102671415461,0.9951605847341572,0.0035102671415461,0.7150290115020992,0.0585535313946564,0.5011780061141207,0.0482762167177637,-0.6941647502597353,0.1197321637560923,0.0485224258320378,0.1375518737376818,0.3997263788475783,0.0637878502991333,0.4991383468531675,0.0483053014491613
0.8,Top50,0.982852177266934,0.0102086589443738,0.982852177266934,0.0102086589443738,0.7059145920033105,0.0586836184813894,0.4940823387489767,0.0648980400039669,-0.4759562411888408,0.1078389944419406,0.1480853329969243,0.1661070012413943,0.4063057255720541,0.0666602474207578,0.4924311238815262,0.0629228646870703
0.7,Top15,0.9011485727068984,0.0481627377746324,0.9011485727068984,0.0481627377746324,0.7161510807154736,0.0437085452780614,0.4919827601235288,0.1080384257599269,0.0219076839161592,0.3949198842298295,0.3431327732695784,0.1800539271899376,0.4303299458596886,0.1183932707878401,0.4899233544134288,0.1083372350845428
0.8,Top130,0.9932729046400924,0.0029893323191095,0.9932729046400924,0.0029893323191095,0.7020893764895867,0.0519674211182457,0.4855240392273584,0.0453421261047825,-0.5014711402905243,0.0302341072639842,0.1531529253496737,0.1209757428678376,0.38567309966105,0.0461866485411505,0.4802179047116712,0.0446552745964062
0.8,Top120,0.9943162614731575,0.0026209947120185,0.9943162614731575,0.0026209947120185,0.7050984238235121,0.0637622689962019,0.4833079146040213,0.0471766654413164,-0.6886474006618543,0.0848878492605944,0.0912812767056171,0.123888803604259,0.3853100087139366,0.0430453108947264,0.4801106305834824,0.0433236156983188
0.8,Top40,0.9775418102396152,0.0089729971647243,0.9775418102396152,0.0089729971647243,0.7143146975605849,0.0498554572868141,0.4832221793361074,0.0343654907276581,-0.4962637478591135,0.2018463052839082,0.1366050977933885,0.058509372147626,0.4048644712192991,0.0370976412813105,0.4789427272104511,0.033638314085679
0.8,Top70,0.9930385546032016,0.0030590716733257,0.9930385546032016,0.0030590716733257,0.7252107575799487,0.0563338485211468,0.4784200390279182,0.0516688201847298,-0.6452524550170989,0.1274593659523631,0.059787387718088,0.1306901137607961,0.367776568458067,0.0678821034198894,0.4730180370711979,0.0510775189527673
0.8,Top60,0.9856620134378656,0.0056584001698102,0.9856620134378656,0.0056584001698102,0.7160251840626429,0.0577462551267829,0.4769187183822415,0.0718915943912682,-0.5675493508409813,0.0709339525328567,0.0766733686355976,0.167165054804292,0.3723091562064887,0.0779691772074631,0.472802543855851,0.0706883428036056
0.6,Top10,0.9062502135023192,0.0959837352240436,0.9062502135023192,0.0959837352240436,0.6844601218017637,0.0672493511010574,0.4767837053121641,0.1569018644909355,-0.1435106737116401,0.3310730939189627,0.3114738373220255,0.0708200257094353,0.3979286824699357,0.1350435708225307,0.4711868761287097,0.1540223754453175
0.8,Top100,0.9962003251136248,0.0019243466991617,0.9962003251136248,0.0019243466991617,0.7148226502393666,0.0604941431229307,0.4700189758480201,0.0655964671821949,-0.7153207066346049,0.1019576300465638,0.0773253358342712,0.0979384045170888,0.3677905121361838,0.0710072879871417,0.4674516276420585,0.0663580633962132
0.8,Top140,0.9940966497803204,0.0019112024437562,0.9940966497803204,0.0019112024437562,0.7116055697897001,0.0458170523781347,0.462159745117381,0.0487354783672083,-0.6686498511580519,0.1352579554409071,0.0781032095412851,0.1237344328347476,0.353924795000322,0.0573153845104163,0.458559844280307,0.0456242810124329
0.7,Top20,0.8876248036073282,0.0176925169648834,0.8876248036073282,0.0176925169648834,0.7006069779733413,0.0349838873072172,0.426904759693789,0.11124748055055,-0.0021118963471211,0.2781642990180913,0.266712708308282,0.1299648475178364,0.3653256060597661,0.1287106032584047,0.4250392553887884,0.1121527434562338
0.7,Top90,0.9930199416992294,0.0014426119195726,0.9930199416992294,0.0014426119195726,0.6976493164964952,0.0499860427943311,0.4200266509846942,0.027143278363528,-0.669959343546128,0.192590876321283,-0.0160800716045294,0.0941434076560615,0.3332986976342712,0.0341703408879879,0.4194008492333646,0.0259159322023434
0.7,Top80,0.9923971508217876,0.0015149326899027,0.9923971508217876,0.0015149326899027,0.7069781303857634,0.0544642441826313,0.414740215852339,0.0382568855299149,-0.7898232749549755,0.0596433253397214,-0.0261730960583586,0.100793453463186,0.3109344215077297,0.0363904776536939,0.4095711918359045,0.0382855549108921
0.7,Top30,0.9158806202326928,0.0146577091594503,0.9158806202326928,0.0146577091594503,0.6950959438701958,0.0518884698834537,0.3999577130933252,0.0615481990110472,0.1740776559556978,0.0,0.2242261670758874,0.0511210606948242,0.3378347938169735,0.0786408007173335,0.3956233714939886,0.0646420847170434
0.7,Top60,0.9635262504939834,0.0248655352020881,0.9635262504939834,0.0248655352020881,0.7020585757368634,0.0610148829207781,0.3953743161863073,0.0965702224894094,-0.314414254053146,0.458471187564157,0.0583043902791201,0.1203308917790454,0.3029790952377177,0.1026899574129807,0.3921709315772533,0.0961766225356958
0.7,Top120,0.9934458884112892,0.0025415963952953,0.9934458884112892,0.0025415963952953,0.7057214084594594,0.0505894146713856,0.3944398489963843,0.0515674638761584,-0.6010792430922972,0.3368606207813857,0.035492472699388,0.1112367896838273,0.2995234188713335,0.0581983646875448,0.3900159795458906,0.0524947532860718
0.7,Top25,0.9034361522185276,0.0145943624952409,0.9034361522185276,0.0145943624952409,0.6892344617329662,0.0593280054181643,0.3932944295331547,0.0850051186154842,0.0528068156239864,0.1894946956342241,0.2154237767712191,0.0807204474094638,0.3305538484206474,0.1029621037125861,0.3915330648842081,0.0852444513871855
0.7,Top130,0.99365674429105,0.0026118970708623,0.99365674429105,0.0026118970708623,0.7027262225527272,0.0562701696713792,0.3851692583115803,0.0655524335845242,-0.6382229482917904,0.145017696160268,0.0545926116469394,0.1190857072485847,0.2927841769192236,0.0676478291481057,0.3846973134786536,0.0587906817936084
0.7,Top70,0.9875013388197196,0.0085363268207323,0.9875013388197196,0.0085363268207323,0.6961940134519898,0.0579938987823347,0.3843252384283808,0.078473419583175,-0.652648837617179,0.2477680950808813,-0.042686102347083,0.0552034745642181,0.2874604458824539,0.0684600486783547,0.3804961643468522,0.0785625203268666
0.7,Top100,0.9932219994567052,0.0022261745735698,0.9932219994567052,0.0022261745735698,0.699135731876656,0.0462715867561875,0.3727979705476904,0.0705301297502457,-0.3710254656578283,0.3100112062064172,0.1046519164006563,0.0516629910369036,0.2950915895837345,0.0690861629895529,0.3731230476176292,0.0708790933375572
0.7,Top50,0.9530399947628728,0.0403580833882046,0.9530399947628728,0.0403580833882046,0.6810917687208222,0.0667845245831265,0.3665689111744204,0.095574047072932,-0.3428830828078684,0.402653571319223,0.0581751356073622,0.0835279608574904,0.2910457190831306,0.0763761078045231,0.3629371028834007,0.0934437363847921
0.7,Top140,0.994072726807378,0.00341511516374,0.994072726807378,0.00341511516374,0.7087836204744735,0.0652166564743436,0.3590022141635805,0.0442828123969837,-0.437779926906752,0.2451514208814589,0.025423403994561,0.1519817224864202,0.2590710575673346,0.0521383839799031,0.3575977264986453,0.0397112956764444
0.6,Top120,0.9902678640852788,0.0023203906596752,0.9902678640852788,0.0023203906596752,0.7021368209551726,0.0558046039686023,0.3503335396466268,0.0569526823344456,0.0,0.0,0.0976056651212573,0.1015655685699119,0.2863660213396579,0.0713997050196649,0.350567683426302,0.0561976327467713
0.6,Top80,0.9885904866884831,0.0028043650208015,0.9885904866884831,0.0028043650208015,0.6874128212960329,0.0440899108821254,0.3401054142153182,0.0587080782051529,-0.5560863715228509,0.4453183345727773,-0.0811211606821012,0.1415194857771408,0.2510172864030201,0.0778132544584707,0.3374880017365866,0.0603533535749475
0.7,Top40,0.9314865395635902,0.0186764992715417,0.9314865395635902,0.0186764992715417,0.694856543799977,0.049358679006418,0.3311125036349321,0.055071059249415,0.1392621247645582,0.0778498944161522,0.151897115641364,0.0323173672263367,0.261239982842994,0.0639324036614168,0.3295979577070154,0.0550671241602417
0.6,Top130,0.991540536925093,0.0019952196676643,0.991540536925093,0.0019952196676643,0.702201397951145,0.0536634215976248,0.3262617670303404,0.054157112383586,-0.46475800154489,0.4242640687119285,0.0458347412413546,0.0604473693651583,0.2459841945174064,0.0724900242284388,0.3225837508511071,0.0562587590477214
0.5,Top10,0.8173838554636715,0.2173467710385168,0.8173838554636715,0.2173467710385168,0.5640609268684271,0.1966695523876612,0.3208462857795515,0.2937270756248887,-0.3008826841743146,0.3013391227891401,0.1569802743833535,0.1653468042905241,0.2702169771518815,0.2474246112525547,0.3169037509270415,0.290198451639766
0.6,Top15,0.8152490003037384,0.0896160547253709,0.8152490003037384,0.0896160547253709,0.6434500799311615,0.0590178241846805,0.3168841374839767,0.1392123735224865,0.037779926906752,0.2207281062952814,0.2038254660845833,0.1449664031376702,0.2457794980536975,0.1336545184173625,0.314840305539381,0.1378578992575921
0.6,Top90,0.9892191187738746,0.0022897278278834,0.9892191187738746,0.0022897278278834,0.6835996075515783,0.0481705641842125,0.3129017345407868,0.0415796014030775,-0.363812520995134,0.3477271895072238,-0.0407857553310696,0.1487003950232495,0.2338610729620687,0.0588907688088459,0.3118029276246056,0.0437202672011083
0.6,Top140,0.990478454329698,0.0037676936854984,0.990478454329698,0.0037676936854984,0.7019582844703123,0.0563111403388064,0.310346496018863,0.041570724589737,-0.414285261270012,0.3919712630408835,-0.0145027086585314,0.1342427385723631,0.221853408396656,0.0668879917279426,0.3060217198830137,0.0406265653803948
0.6,Top100,0.9898517728275396,0.0020614317081536,0.9898517728275396,0.0020614317081536,0.6930579983398522,0.0420949555297328,0.3080206820751504,0.085996378728796,-0.1044465935734187,0.2335496832484569,0.0717123351895642,0.0858730202149627,0.2317665614270228,0.0913224990214278,0.307948160922709,0.0880160787579759
0.4,Top10,0.5816274169607194,0.5309520511816342,0.5816274169607194,0.5309520511816342,0.4245266459042237,0.3883652562477712,0.3007588767150519,0.2746676285623424,-0.2017893341315202,0.2041908993590059,0.1613766640790794,0.1632589508282315,0.2536887289057226,0.2316001901658577,0.2963494587397385,0.2706257181356214
0.6,Top70,0.9712882694513956,0.0257348137995854,0.9712882694513956,0.0257348137995854,0.6757941057070925,0.0606506003722027,0.2899567294969532,0.1143018742790882,-0.4744104272966563,0.4609724434107554,-0.0843077280522824,0.1392515265474257,0.1913388479987495,0.1297332319600675,0.2874334251054677,0.1144219551664448
0.3,Top10,0.5702564833054471,0.5207026451939416,0.5702564833054471,0.5207026451939416,0.4147250150264411,0.3796850599094149,0.2785140389423489,0.2575313437627261,-0.0992022581141723,0.096455058202856,0.1832254935524546,0.1695541207923842,0.2364779022575786,0.2193192840520119,0.2755803642183779,0.2547174922047386
0.5,Top120,0.9870977419297264,0.0032377276328693,0.9870977419297264,0.0032377276328693,0.6836833241977958,0.0435841339453706,0.2733325032950276,0.0644460170570976,0.0,0.0,0.0705779569438187,0.066870191555695,0.2056415025556712,0.079014397860424,0.2738052869927553,0.0657468990885746
0.5,Top140,0.9873143359263624,0.0038890374029279,0.9873143359263624,0.0038890374029279,0.6847812340861216,0.0508140215996915,0.2623100510932364,0.0663792327022373,0.0,0.0,0.0499758158580605,0.0701669684044209,0.1899404034079215,0.0809801475048057,0.2628370532779138,0.0676731288670759
0.5,Top130,0.9887977051978328,0.0036948122994158,0.9887977051978328,0.0036948122994158,0.6758139390677275,0.0468087168064876,0.262152619382564,0.0606925040877937,-0.1044465935734187,0.2335496832484568,0.0676102332581547,0.0495479650335383,0.1846957756901274,0.0701857545168985,0.2623778085238356,0.0626199294688532
0.6,Top60,0.9165583392380572,0.0676321874538314,0.9165583392380572,0.0676321874538314,0.6522163296852179,0.0779487131338226,0.2572123555152416,0.1210748077952985,-0.3549193338482966,0.4924838404210352,-0.0052631578947368,0.0397359707119512,0.1666374811415407,0.1144551349348156,0.2522287115650067,0.1189869614319503
0.6,Top50,0.8910052033642106,0.0978584804466959,0.8910052033642106,0.0978584804466959,0.6307978906689387,0.0673999381744996,0.2488744523544885,0.1013041831299825,-0.3111111111111111,0.4540625942600566,-0.0155704183578945,0.0241313653856164,0.1504724386794418,0.0721343690735636,0.2431503405855155,0.0956743101516604
0.6,Top20,0.7734508242451661,0.0223554028737633,0.7734508242451661,0.0223554028737633,0.6187838200083919,0.0326435511304471,0.2414017276038681,0.0463122400832398,0.1392621247645582,0.0778498944161522,0.1284884886731123,0.0823602390636845,0.1651783051248893,0.0484741047449854,0.2400177486077373,0.0461690177744993
0.5,Top100,0.9871053858606832,0.0031183378310355,0.9871053858606832,0.0031183378310355,0.6761325926867447,0.0398477414723757,0.2285199296477838,0.0782995267065354,0.0,0.0,0.0412042821715164,0.0564212870278687,0.1154052148973543,0.1237981499752384,0.2291729288083031,0.0804623144643413
0.5,Top80,0.9845701594080618,0.0027067986827756,0.9845701594080618,0.0027067986827756,0.6581864242791878,0.0479150374022793,0.2281102890676792,0.0581177145612252,-0.1044465935734187,0.2335496832484568,-0.0107131133645942,0.0929428325307847,0.150584715120736,0.0448505530822658,0.2284946282146588,0.0589153303295814
0.6,Top25,0.7855589331536468,0.0161176486941609,0.7855589331536468,0.0161176486941609,0.6220697292379143,0.0588203258020399,0.2271613970162329,0.0304985104032409,0.1392621247645582,0.0778498944161522,0.0911800980295769,0.0543941268799305,0.1424085587761411,0.035450522400835,0.2258116771738758,0.0303925686845618
0.6,Top30,0.8139921337284106,0.0118959228855414,0.8139921337284106,0.0118959228855414,0.633913634383432,0.0483869097374177,0.2137761559356642,0.0351719145480851,0.1044465935734186,0.0953462589245592,0.0705779569438187,0.066870191555695,0.1453092264801893,0.0522115810451746,0.2124826384365154,0.0350475130389908
0.5,Top90,0.9849794203943424,0.0040082356961165,0.9849794203943424,0.0040082356961165,0.6683680394727387,0.0489232834374145,0.210893511778816,0.0608083248795881,-0.1044465935734187,0.2335496832484568,-0.0313152544503525,0.070023037683691,0.1165389562409285,0.0797391290323472,0.2109530354912484,0.0614326295027853
0.4,Top120,0.9807468890478134,0.0031381143042564,0.9807468890478134,0.0031381143042564,0.6669735783666813,0.0576420364131377,0.1941732100564078,0.0560035223848148,0.0,0.0,0.0,0.0,0.0979297150891022,0.099536412368066,0.1949762117983189,0.0568753010251716
0.6,Top40,0.8306217890151142,0.0305875339566773,0.8306217890151142,0.0305875339566773,0.6241519944213721,0.0466177580181343,0.1923327339352509,0.0173652877041723,0.0,0.0,0.0,0.0,0.0979952702091007,0.0,0.1911225556251634,0.0172832005639466
0.2,Top10,0.5244251023727894,0.4841667172984751,0.5244251023727894,0.4841667172984751,0.3681696802084275,0.3456889948084373,0.189965988727025,0.1917667054947318,-0.1332894360422048,0.1900677277519044,0.0550584156191063,0.124695966749411,0.1401291236463652,0.1511839700975223,0.1867935164312258,0.1887036304519604
0.4,Top140,0.9818176446206042,0.0040187096125015,0.9818176446206042,0.0040187096125015,0.6702940665790957,0.0484231112528087,0.1891548531968612,0.0264221105577875,0.0,0.0,0.0,0.0,0.0928990821365529,0.0606867888260446,0.1901017598212246,0.0284667507700977
0.4,Top130,0.9826603590226874,0.0034565552805256,0.9826603590226874,0.0034565552805256,0.6605873077427109,0.0558513602274431,0.183026523946191,0.0367407325913899,0.0,0.0,0.0,0.0,0.0733000280947327,0.0731696642816202,0.1839799675913009,0.0370067057968116
0.5,Top70,0.9232354109727772,0.0834166814497097,0.9232354109727772,0.0834166814497097,0.603504500719189,0.1233770819446225,0.1723860573849908,0.1418511461033074,-0.1044465935734187,0.2335496832484569,-0.0107131133645942,0.0929428325307847,0.0875279816514266,0.1430529113428916,0.1729244064480492,0.1437834040356937
0.4,Top100,0.979269001433868,0.0026496897957,0.979269001433868,0.0026496897957,0.6413376955251829,0.0463233023640905,0.1457597930387791,0.0234550950581599,0.0,0.0,0.0,0.0,0.0195990540418201,0.0438248171322018,0.1465056711794016,0.025275867383803
0.3,Top140,0.9699438449511686,0.0070896511132604,0.9699438449511686,0.0070896511132604,0.644105218517265,0.0581581332648239,0.1436256956928868,0.034085175846413,0.0,0.0,0.0,0.0,0.0195990540418201,0.0438248171322018,0.1446818681547067,0.0362637030475697
0.3,Top130,0.9739653457603632,0.0051591207668341,0.9739653457603632,0.0051591207668341,0.638898471937839,0.0620864340615589,0.1326607105205518,0.023588648134428,0.0,0.0,0.0,0.0,0.0,0.0,0.1333781566226161,0.0249929455749509
0.3,Top120,0.9658536150320612,0.0138577672292278,0.9658536150320612,0.0138577672292278,0.6387970203432588,0.0584593001974539,0.1326607105205518,0.023588648134428,0.0,0.0,0.0,0.0,0.0,0.0,0.1333781566226161,0.0249929455749509
0.5,Top15,0.6335355970184862,0.1974365941401975,0.6335355970184862,0.1974365941401975,0.4398126229870099,0.1816591867268191,0.1300009990322438,0.2225471843419366,-0.0816496580927726,0.1825741858350553,0.0767173398863284,0.1715451870387865,0.1057157737225465,0.1864981126773081,0.1291373027211504,0.2210722930130274
0.4,Top80,0.9803301559246552,0.0024286714326712,0.9803301559246552,0.0024286714326712,0.6110066727665354,0.0498177795957202,0.126799444798238,0.0172194676690917,0.0,0.0,0.0,0.0,0.0,0.0,0.1272563643926924,0.0177668911110268
0.5,Top60,0.8116140058157836,0.1627738478655204,0.8116140058157836,0.1627738478655204,0.5301856854988027,0.1718336885375669,0.125654869597968,0.1289122629502716,-0.3549193338482966,0.4924838404210352,-0.0555172338024664,0.1230780377633198,0.0614979547112215,0.1054686012493604,0.123714336266044,0.1270470802695538
0.4,Top90,0.9811592249076464,0.0075443962890252,0.9811592249076464,0.0075443962890252,0.622733631021901,0.0686650382346252,0.1214583129270503,0.0509291899635286,0.0,0.0,0.0,0.0,0.0195990540418201,0.0438248171322018,0.1306144806701644,0.0395150184762073
0.5,Top50,0.7551196150647765,0.2379934131140853,0.7551196150647765,0.2379934131140853,0.4752113699825532,0.2162330317046951,0.1199381497435649,0.1642320752999574,-0.3549193338482966,0.4924838404210352,-0.0583321961802153,0.0968301095488228,0.0795867748173112,0.1099888135403179,0.1183252605415497,0.1620240657105409
0.4,Top70,0.6608645595405978,0.4409286546409666,0.6608645595405978,0.4409286546409666,0.3883163442661159,0.3564020468381453,0.100066878385709,0.0995593962354281,0.0,0.0,0.0,0.0,0.047379511391087,0.0664695940795957,0.1072917606681952,0.1044629173681837
0.4,Top15,0.1936476791454494,0.4330093742542933,0.1936476791454494,0.4330093742542933,0.1476047276355915,0.3300542047935245,0.0979902572350786,0.2191128763103263,-0.1154700538379251,0.2581988897471611,0.0569048864450496,0.1272431943430373,0.084132912445583,0.1881269113733617,0.0978122115977801,0.2187147541622296
0.3,Top15,0.1919505884169734,0.4292145640214364,0.1919505884169734,0.4292145640214364,0.1438086934069709,0.3215660142134129,0.0924417238390746,0.2067059784614337,-0.0816496580927726,0.1825741858350553,0.0556221314792725,0.1243748670410843,0.075971861736371,0.1698782472197409,0.091093573953854,0.2036914236742219
0.2,Top140,0.9365144365371734,0.0172582315503012,0.9365144365371734,0.0172582315503012,0.5621270479341882,0.0758152587096108,0.0845288439427022,0.0497891401413234,0.0,0.0,0.0,0.0,0.0,0.0,0.084324781953993,0.0501798518793951
0.3,Top80,0.9292008479830588,0.0260055006316891,0.9292008479830588,0.0260055006316891,0.4787476997554843,0.0599392354617118,0.0762180899673855,0.0521309183150364,0.0,0.0,0.0,0.0,0.0,0.0,0.0922703772086116,0.0552733892495515
0.2,Top15,0.1872713500789004,0.418751469014582,0.1872713500789004,0.418751469014582,0.1359522946973029,0.3039985726402535,0.0752350088323508,0.1682305940369336,-0.1111111111111111,0.2484519974999766,0.0359074890704185,0.0802915864627866,0.0670597324539762,0.1499501203200397,0.0738413694307754,0.1651143215988889
0.4,Top60,0.3944908525445195,0.5401920086720746,0.3944908525445195,0.5401920086720746,0.2683161505835619,0.3676350767458297,0.069952118661181,0.0962098503165296,-0.1044465935734187,0.2335496832484569,-0.0313152544503525,0.0700230376836909,0.0451345455326895,0.0644928652606221,0.0701613722628528,0.0967627650714339
0.3,Top90,0.9412846524555616,0.0309689454580683,0.9412846524555616,0.0309689454580683,0.5050820137625012,0.1099184527906145,0.0669642306778886,0.0514996869748967,0.0,0.0,0.0,0.0,0.0,0.0,0.084324781953993,0.0501798518793951
0.3,Top100,0.956331281707688,0.0089815584497717,0.956331281707688,0.0089815584497717,0.5791535082027831,0.0410912528338406,0.0619086334104212,0.0689064804533048,0.0,0.0,0.0,0.0,0.0,0.0,0.0713517775090731,0.0711836422390797
0.4,Top50,0.3945496510347084,0.540263732116689,0.3945496510347084,0.540263732116689,0.2737214599211946,0.3766278974505403,0.0615988973345954,0.0878438554025561,-0.3044465935734187,0.4498023541053839,-0.0864514494587133,0.1256451983410982,0.0300612377738498,0.0540327891227628,0.064199218250879,0.0940006542799587
0.3,Top50,0.3899386303790717,0.533986224909088,0.3899386303790717,0.533986224909088,0.2560258989622471,0.3530943722186702,0.0606023112463337,0.0836937261852445,0.0,0.0,0.0,0.0,0.0195990540418201,0.0438248171322018,0.060202576088848,0.083143070230373
0.1,Top10,0.1604524943682619,0.26640101210259,0.1604524943682619,0.26640101210259,0.0600785400859021,0.1506175037671015,0.0605173138378233,0.1353208275570617,-0.1549193338482966,0.3464101615137754,0.0242790791466753,0.0542896714030637,0.0579230443327182,0.129519864591692,0.0592968659520169,0.1325918231214027
0.2,Top130,0.9379932372668052,0.0162183116141093,0.9379932372668052,0.0162183116141093,0.5287339206524827,0.057792089300872,0.0489951099340815,0.0484423542322549,0.0,0.0,0.0,0.0,0.0,0.0,0.0381895933496872,0.0522932543489324
0.1,Top15,0.1104019286564226,0.246866217322843,0.1104019286564226,0.246866217322843,0.0405163866337583,0.0905973947157475,0.0461205696543603,0.1031287289081638,-0.1044465935734187,0.2335496832484569,0.0156283783145339,0.0349461162893814,0.0446374762190154,0.0998124311697487,0.045304400313687,0.1013037187812669
0.3,Top60,0.3889696021469532,0.5326620633486256,0.3889696021469532,0.5326620633486256,0.2414832077215038,0.3350796095922752,0.0436361480527732,0.0723947235877934,0.0,0.0,0.0,0.0,0.0195990540418201,0.0438248171322018,0.0522569808342294,0.0757538492872159
0.3,Top70,0.563431166105298,0.5144129714101254,0.563431166105298,0.5144129714101254,0.3039371902344399,0.2780414064944341,0.0297674929689836,0.0439209550764532,0.0,0.0,0.0,0.0,0.0,0.0,0.0461351886043058,0.0647158660145239
0.2,Top120,0.9231311462697817,0.0224113298470689,0.9231311462697817,0.0224113298470689,0.5395281453404079,0.0566887075590195,0.0147718583503068,0.0473999813513766,0.0,0.0,0.0,0.0,0.0,0.0,0.0190947966748436,0.0426972633814872
0.5,Top40,0.6049855788615539,0.0756917806088396,0.6049855788615539,0.0756917806088396,0.3608241625617988,0.0930648044924259,0.0,0.0,0.0,0.0,0.0,0.0,0.0,0.0,0.0,0.0
0.5,Top30,0.6026046530540474,0.0275525024790155,0.6026046530540474,0.0275525024790155,0.3589444410692461,0.1110093417840551,0.0,0.0,0.0,0.0,0.0,0.0,0.0,0.0,0.0,0.0
0.5,Top20,0.520530731897835,0.0587609110199304,0.520530731897835,0.0587609110199304,0.3198706149724576,0.0666243220570489,0.0,0.0,0.0,0.0,0.0,0.0,0.0,0.0,0.0,0.0
0.5,Top25,0.4945339935308914,0.076979799019474,0.4945339935308914,0.076979799019474,0.2978427934667388,0.1067928314622629,0.0,0.0,0.0,0.0,0.0,0.0,0.0,0.0,0.0,0.0
0.2,Top90,0.6669111208858922,0.1700382303161655,0.6669111208858922,0.1700382303161655,0.2592801891505542,0.1855201553311066,0.0,0.0,0.0,0.0,0.0,0.0,0.0,0.0,0.0,0.0
0.2,Top80,0.6401099735046223,0.053846809751764,0.6401099735046223,0.053846809751764,0.1818443559466873,0.0652993074437372,0.0,0.0,0.0,0.0,0.0,0.0,0.0,0.0,0.0,0.0
0.2,Top50,0.3167856898212138,0.4495291697788379,0.3167856898212138,0.4495291697788379,0.1772282207236577,0.2559461265143623,0.0,0.0,0.0,0.0,0.0,0.0,0.0,0.0,0.0,0.0
0.2,Top60,0.3214107447568725,0.4523529573914748,0.3214107447568725,0.4523529573914748,0.1401851180699846,0.219847357757551,0.0,0.0,0.0,0.0,0.0,0.0,0.0,0.0,0.0,0.0
0.1,Top100,0.4411238195855092,0.0588267420987694,0.4411238195855092,0.0588267420987694,0.1165902713490996,0.0737425498921292,0.0,0.0,0.0,0.0,0.0,0.0,0.0,0.0,0.0,0.0
0.2,Top70,0.3871175082114424,0.3535386754948431,0.3871175082114424,0.3535386754948431,0.1163840329907409,0.1260114838522384,0.0,0.0,0.0,0.0,0.0,0.0,0.0,0.0,0.0,0.0
0.1,Top60,0.1720515116074326,0.3247145993351349,0.1720515116074326,0.3247145993351349,0.056222444931531,0.1257172087281419,0.0,0.0,0.0,0.0,0.0,0.0,0.0,0.0,0.0,0.0
0.1,Top90,0.2672861982966932,0.3116526812914617,0.2672861982966932,0.3116526812914617,0.056222444931531,0.1257172087281419,0.0,0.0,0.0,0.0,0.0,0.0,0.0,0.0,0.0,0.0
0.1,Top50,0.1539346161399517,0.3168868220860263,0.1539346161399517,0.3168868220860263,0.0523856595401251,0.1171378957778802,0.0,0.0,0.0,0.0,0.0,0.0,0.0,0.0,0.0,0.0
0.1,Top80,0.1785467856979094,0.0632659983027878,0.1785467856979094,0.0632659983027878,0.034130724921653,0.0607303856204425,0.0,0.0,0.0,0.0,0.0,0.0,0.0,0.0,0.0,0.0
0.1,Top70,0.0979033060416397,0.0987942615796057,0.0979033060416397,0.0987942615796057,0.0201339258926062,0.0450208269498106,0.0,0.0,0.0,0.0,0.0,0.0,0.0,0.0,0.0,0.0
0.1,Top20,0.0,0.0,0.0,0.0,0.0,0.0,0.0,0.0,0.0,0.0,0.0,0.0,0.0,0.0,0.0,0.0
0.1,Top25,0.0,0.0,0.0,0.0,0.0,0.0,0.0,0.0,0.0,0.0,0.0,0.0,0.0,0.0,0.0,0.0
0.1,Top30,0.0,0.0,0.0,0.0,0.0,0.0,0.0,0.0,0.0,0.0,0.0,0.0,0.0,0.0,0.0,0.0
0.1,Top40,0.0,0.0,0.0,0.0,0.0,0.0,0.0,0.0,0.0,0.0,0.0,0.0,0.0,0.0,0.0,0.0
0.2,Top20,0.0,0.0,0.0,0.0,0.0,0.0,0.0,0.0,0.0,0.0,0.0,0.0,0.0,0.0,0.0,0.0
0.2,Top25,0.0,0.0,0.0,0.0,0.0,0.0,0.0,0.0,0.0,0.0,0.0,0.0,0.0,0.0,0.0,0.0
0.2,Top30,0.0,0.0,0.0,0.0,0.0,0.0,0.0,0.0,0.0,0.0,0.0,0.0,0.0,0.0,0.0,0.0
0.2,Top40,0.0,0.0,0.0,0.0,0.0,0.0,0.0,0.0,0.0,0.0,0.0,0.0,0.0,0.0,0.0,0.0
0.3,Top20,0.0,0.0,0.0,0.0,0.0,0.0,0.0,0.0,0.0,0.0,0.0,0.0,0.0,0.0,0.0,0.0
0.3,Top25,0.0,0.0,0.0,0.0,0.0,0.0,0.0,0.0,0.0,0.0,0.0,0.0,0.0,0.0,0.0,0.0
0.3,Top30,0.0,0.0,0.0,0.0,0.0,0.0,0.0,0.0,0.0,0.0,0.0,0.0,0.0,0.0,0.0,0.0
0.3,Top40,0.0,0.0,0.0,0.0,0.0,0.0,0.0,0.0,0.0,0.0,0.0,0.0,0.0,0.0,0.0,0.0
0.4,Top20,0.0,0.0,0.0,0.0,0.0,0.0,0.0,0.0,0.0,0.0,0.0,0.0,0.0,0.0,0.0,0.0
0.4,Top25,0.0,0.0,0.0,0.0,0.0,0.0,0.0,0.0,0.0,0.0,0.0,0.0,0.0,0.0,0.0,0.0
0.4,Top30,0.0,0.0,0.0,0.0,0.0,0.0,0.0,0.0,0.0,0.0,0.0,0.0,0.0,0.0,0.0,0.0
0.4,Top40,0.0,0.0,0.0,0.0,0.0,0.0,0.0,0.0,0.0,0.0,0.0,0.0,0.0,0.0,0.0,0.0
0.1,Top120,0.6991023458139003,0.1001301783040987,0.6991023458139003,0.1001301783040987,0.3058561532495656,0.11685048560947,-0.0047388177789334,0.0105963186866797,0.0,0.0,0.0,0.0,0.0,0.0,0.0,0.0
0.2,Top100,0.8561763181774271,0.0332365038253572,0.8561763181774271,0.0332365038253572,0.4039337673453896,0.0506568002059537,-0.0094776355578669,0.0129777869671419,0.0,0.0,0.0,0.0,0.0,0.0,0.0,0.0
0.1,Top140,0.7735662745839947,0.0613078584952771,0.7735662745839947,0.0613078584952771,0.3653096981203088,0.0520410829682306,-0.0094776355578669,0.0129777869671419,0.0,0.0,0.0,0.0,0.0,0.0,0.0,0.0
0.1,Top130,0.7403657823036696,0.0784723480688204,0.7403657823036696,0.0784723480688204,0.3163943643275334,0.107154333763754,-0.0094776355578669,0.0129777869671419,0.0,0.0,0.0,0.0,0.0,0.0,0.0,0.0
