threshold,topN,train_SE,train_SE_std,val_SE,val_SE_std,test_SE,test_SE_std,ext_SE,ext_SE_std,rmSim_0.6,rmSim_0.6_std,rmSim_0.7,rmSim_0.7_std,rmSim_0.8,rmSim_0.8_std,rmSim_0.9,rmSim_0.9_std
0.1,Top20,1.0,0.0,1.0,0.0,1.0,0.0,1.0,0.0,1.0,0.0,1.0,0.0,1.0,0.0,1.0,0.0
0.1,Top25,1.0,0.0,1.0,0.0,1.0,0.0,1.0,0.0,1.0,0.0,1.0,0.0,1.0,0.0,1.0,0.0
0.1,Top30,1.0,0.0,1.0,0.0,1.0,0.0,1.0,0.0,1.0,0.0,1.0,0.0,1.0,0.0,1.0,0.0
0.1,Top40,1.0,0.0,1.0,0.0,1.0,0.0,1.0,0.0,1.0,0.0,1.0,0.0,1.0,0.0,1.0,0.0
0.1,Top70,1.0,0.0,1.0,0.0,1.0,0.0,1.0,0.0,1.0,0.0,1.0,0.0,1.0,0.0,1.0,0.0
0.2,Top20,1.0,0.0,1.0,0.0,1.0,0.0,1.0,0.0,1.0,0.0,1.0,0.0,1.0,0.0,1.0,0.0
0.2,Top25,1.0,0.0,1.0,0.0,1.0,0.0,1.0,0.0,1.0,0.0,1.0,0.0,1.0,0.0,1.0,0.0
0.2,Top30,1.0,0.0,1.0,0.0,1.0,0.0,1.0,0.0,1.0,0.0,1.0,0.0,1.0,0.0,1.0,0.0
0.2,Top40,1.0,0.0,1.0,0.0,1.0,0.0,1.0,0.0,1.0,0.0,1.0,0.0,1.0,0.0,1.0,0.0
0.3,Top20,1.0,0.0,1.0,0.0,1.0,0.0,1.0,0.0,1.0,0.0,1.0,0.0,1.0,0.0,1.0,0.0
0.3,Top25,1.0,0.0,1.0,0.0,1.0,0.0,1.0,0.0,1.0,0.0,1.0,0.0,1.0,0.0,1.0,0.0
0.3,Top30,1.0,0.0,1.0,0.0,1.0,0.0,1.0,0.0,1.0,0.0,1.0,0.0,1.0,0.0,1.0,0.0
0.3,Top40,1.0,0.0,1.0,0.0,1.0,0.0,1.0,0.0,1.0,0.0,1.0,0.0,1.0,0.0,1.0,0.0
0.4,Top20,1.0,0.0,1.0,0.0,1.0,0.0,1.0,0.0,1.0,0.0,1.0,0.0,1.0,0.0,1.0,0.0
0.4,Top25,1.0,0.0,1.0,0.0,1.0,0.0,1.0,0.0,1.0,0.0,1.0,0.0,1.0,0.0,1.0,0.0
0.4,Top30,1.0,0.0,1.0,0.0,1.0,0.0,1.0,0.0,1.0,0.0,1.0,0.0,1.0,0.0,1.0,0.0
0.4,Top40,1.0,0.0,1.0,0.0,1.0,0.0,1.0,0.0,1.0,0.0,1.0,0.0,1.0,0.0,1.0,0.0
0.5,Top20,1.0,0.0,1.0,0.0,1.0,0.0,1.0,0.0,1.0,0.0,1.0,0.0,1.0,0.0,1.0,0.0
0.5,Top25,1.0,0.0,1.0,0.0,1.0,0.0,1.0,0.0,1.0,0.0,1.0,0.0,1.0,0.0,1.0,0.0
0.5,Top30,1.0,0.0,1.0,0.0,1.0,0.0,1.0,0.0,1.0,0.0,1.0,0.0,1.0,0.0,1.0,0.0
0.5,Top40,1.0,0.0,1.0,0.0,1.0,0.0,1.0,0.0,1.0,0.0,1.0,0.0,1.0,0.0,1.0,0.0
0.1,Top100,1.0,0.0,1.0,0.0,0.9992647058823528,0.0016441676305144,1.0,0.0,1.0,0.0,1.0,0.0,1.0,0.0,1.0,0.0
0.1,Top80,1.0,0.0,1.0,0.0,0.9992647058823528,0.0016441676305144,1.0,0.0,1.0,0.0,1.0,0.0,1.0,0.0,1.0,0.0
0.1,Top50,1.0,0.0,1.0,0.0,0.9992592592592592,0.0016563466499998,1.0,0.0,1.0,0.0,1.0,0.0,1.0,0.0,1.0,0.0
0.1,Top60,1.0,0.0,1.0,0.0,0.9992592592592592,0.0016563466499998,1.0,0.0,1.0,0.0,1.0,0.0,1.0,0.0,1.0,0.0
0.1,Top90,1.0,0.0,1.0,0.0,0.9992592592592592,0.0016563466499998,1.0,0.0,1.0,0.0,1.0,0.0,1.0,0.0,1.0,0.0
0.2,Top70,1.0,0.0,1.0,0.0,0.9977886710239652,0.0020186885529898,1.0,0.0,1.0,0.0,1.0,0.0,1.0,0.0,1.0,0.0
0.2,Top50,1.0,0.0,1.0,0.0,0.9977777777777778,0.0049690399499995,1.0,0.0,1.0,0.0,1.0,0.0,1.0,0.0,1.0,0.0
0.6,Top40,1.0,0.0,1.0,0.0,0.997763508867848,0.0020421641582949,1.0,0.0,1.0,0.0,1.0,0.0,1.0,0.0,1.0,0.0
0.2,Top60,1.0,0.0,1.0,0.0,0.9970424836601308,0.0048280097246859,1.0,0.0,1.0,0.0,1.0,0.0,1.0,0.0,1.0,0.0
0.6,Top20,1.0,0.0,1.0,0.0,0.9970030525940836,0.0031683892900252,1.0,0.0,1.0,0.0,1.0,0.0,1.0,0.0,1.0,0.0
0.6,Top25,1.0,0.0,1.0,0.0,0.9970030525940836,0.0031683892900252,1.0,0.0,1.0,0.0,1.0,0.0,1.0,0.0,1.0,0.0
0.6,Top30,1.0,0.0,1.0,0.0,0.9970030525940836,0.0031683892900252,1.0,0.0,1.0,0.0,1.0,0.0,1.0,0.0,1.0,0.0
0.3,Top50,1.0,0.0,1.0,0.0,0.9963071895424837,0.0052282475240845,1.0,0.0,1.0,0.0,1.0,0.0,1.0,0.0,1.0,0.0
0.2,Top90,1.0,0.0,1.0,0.0,0.9962820273863664,0.0045363522773991,1.0,0.0,1.0,0.0,1.0,0.0,1.0,0.0,1.0,0.0
0.2,Top80,1.0,0.0,1.0,0.0,0.9962677584764368,0.0026894020514249,1.0,0.0,1.0,0.0,1.0,0.0,1.0,0.0,1.0,0.0
0.7,Top40,1.0,0.0,1.0,0.0,0.9925217474001083,0.0046950895085297,1.0,0.0,1.0,0.0,1.0,0.0,1.0,0.0,1.0,0.0
0.3,Top60,0.9999074502545116,0.0002069475222119,0.9999074502545116,0.0002069475222119,0.9970424836601308,0.0048280097246859,0.9994334277620396,0.0012668940382434,1.0,0.0,1.0,0.0,1.0,0.0,1.0,0.0
0.1,Top120,1.0,0.0,1.0,0.0,0.9962874740094602,0.0026194299917705,0.9994334277620396,0.0012668940382434,1.0,0.0,1.0,0.0,1.0,0.0,1.0,0.0
0.7,Top30,1.0,0.0,1.0,0.0,0.9910205503856032,0.0063903715251388,0.9994334277620396,0.0012668940382434,1.0,0.0,1.0,0.0,0.9986666666666666,0.0029814239699997,0.9993079584775086,0.0015474518875431
0.1,Top15,0.9999074502545116,0.0002069475222119,0.9999074502545116,0.0002069475222119,0.9970370370370368,0.0066253865999993,0.9988668555240792,0.002533788076487,0.9333333333333332,0.1490711984999859,0.992,0.0178885438199983,0.9973333333333332,0.0059628479399993,0.9986159169550174,0.0030949037750862
0.3,Top70,1.0,0.0,1.0,0.0,0.9963126361655774,0.0036901424157161,0.9988668555240792,0.0015516219759352,1.0,0.0,1.0,0.0,1.0,0.0,1.0,0.0
0.1,Top130,0.999907063197026,0.0002078130090613,0.999907063197026,0.0002078130090613,0.9962874740094602,0.0026194299917705,0.9988668555240792,0.0015516219759352,1.0,0.0,1.0,0.0,1.0,0.0,1.0,0.0
0.1,Top140,1.0,0.0,1.0,0.0,0.9955521798918132,0.0030819510648222,0.9988668555240792,0.0015516219759352,1.0,0.0,1.0,0.0,1.0,0.0,1.0,0.0
0.2,Top100,1.0,0.0,1.0,0.0,0.9947917236180488,0.0033410523980813,0.9988668555240792,0.0015516219759352,1.0,0.0,1.0,0.0,1.0,0.0,1.0,0.0
0.3,Top80,1.0,0.0,1.0,0.0,0.9940115518112612,0.0057729875331698,0.9988668555240792,0.0015516219759352,1.0,0.0,1.0,0.0,1.0,0.0,1.0,0.0
0.4,Top60,0.9999074502545116,0.0002069475222119,0.9999074502545116,0.0002069475222119,0.9933496732026142,0.00992900865909,0.9988668555240792,0.0015516219759352,0.9333333333333332,0.1490711984999859,0.992,0.0178885438199983,0.9986666666666666,0.0029814239699997,0.9993079584775086,0.0015474518875431
0.4,Top70,0.999907063197026,0.0002078130090613,0.999907063197026,0.0002078130090613,0.9926307189542484,0.0068890524406674,0.9988668555240792,0.0015516219759352,1.0,0.0,1.0,0.0,1.0,0.0,1.0,0.0
0.2,Top120,0.999907063197026,0.0002078130090613,0.999907063197026,0.0002078130090613,0.9925552324858968,0.0052823864341551,0.9988668555240792,0.0015516219759352,1.0,0.0,1.0,0.0,1.0,0.0,1.0,0.0
0.2,Top140,0.999907063197026,0.0002078130090613,0.999907063197026,0.0002078130090613,0.9925552324858968,0.0052823864341551,0.9988668555240792,0.0015516219759352,1.0,0.0,1.0,0.0,1.0,0.0,1.0,0.0
0.3,Top90,1.0,0.0,1.0,0.0,0.9925300703297796,0.0059865938017169,0.9988668555240792,0.0015516219759352,1.0,0.0,1.0,0.0,1.0,0.0,1.0,0.0
0.2,Top130,0.999907063197026,0.0002078130090613,0.999907063197026,0.0002078130090613,0.9917947762121326,0.0061909240155061,0.9988668555240792,0.0015516219759352,1.0,0.0,1.0,0.0,1.0,0.0,1.0,0.0
0.3,Top100,0.999907063197026,0.0002078130090613,0.999907063197026,0.0002078130090613,0.9917947762121326,0.0061909240155061,0.9988668555240792,0.0015516219759352,1.0,0.0,1.0,0.0,1.0,0.0,1.0,0.0
0.3,Top120,0.999907063197026,0.0002078130090613,0.999907063197026,0.0002078130090613,0.9910594820944856,0.0067987020363633,0.9988668555240792,0.0015516219759352,1.0,0.0,1.0,0.0,1.0,0.0,1.0,0.0
0.3,Top130,0.999907063197026,0.0002078130090613,0.999907063197026,0.0002078130090613,0.9910594820944856,0.0067987020363633,0.9988668555240792,0.0015516219759352,1.0,0.0,1.0,0.0,1.0,0.0,1.0,0.0
0.3,Top140,0.999907063197026,0.0002078130090613,0.999907063197026,0.0002078130090613,0.988814668032662,0.0054003560421277,0.9988668555240792,0.0015516219759352,1.0,0.0,1.0,0.0,1.0,0.0,1.0,0.0
0.4,Top100,0.999907063197026,0.0002078130090613,0.999907063197026,0.0002078130090613,0.9888122910832496,0.0027798600531902,0.9988668555240792,0.0015516219759352,1.0,0.0,1.0,0.0,1.0,0.0,1.0,0.0
0.4,Top90,0.9998145134515376,0.0002539888383974,0.9998145134515376,0.0002539888383974,0.9880881962018512,0.0071664214739154,0.9988668555240792,0.0015516219759352,1.0,0.0,1.0,0.0,1.0,0.0,1.0,0.0
0.4,Top80,0.999907063197026,0.0002078130090613,0.999907063197026,0.0002078130090613,0.9880739272919214,0.0062071008989496,0.9988668555240792,0.0015516219759352,1.0,0.0,1.0,0.0,1.0,0.0,1.0,0.0
0.4,Top120,0.9998145134515376,0.0002539888383974,0.9998145134515376,0.0002539888383974,0.9865727302774164,0.0078469447281059,0.9988668555240792,0.0015516219759352,1.0,0.0,1.0,0.0,1.0,0.0,1.0,0.0
0.4,Top130,0.9998145134515376,0.0002539888383974,0.9998145134515376,0.0002539888383974,0.9843476317486166,0.0067699503113578,0.9988668555240792,0.0015516219759352,1.0,0.0,1.0,0.0,1.0,0.0,1.0,0.0
0.4,Top140,0.9998145134515376,0.0002539888383974,0.9998145134515376,0.0002539888383974,0.9843476317486166,0.0067699503113578,0.9988668555240792,0.0015516219759352,1.0,0.0,1.0,0.0,1.0,0.0,1.0,0.0
0.5,Top100,0.999907063197026,0.0002078130090613,0.999907063197026,0.0002078130090613,0.9835902451485335,0.0044539050045336,0.9988668555240792,0.0015516219759352,1.0,0.0,1.0,0.0,1.0,0.0,1.0,0.0
0.5,Top120,0.9998145134515376,0.0002539888383974,0.9998145134515376,0.0002539888383974,0.9821170865967233,0.0081170183657344,0.9988668555240792,0.0015516219759352,1.0,0.0,1.0,0.0,1.0,0.0,1.0,0.0
0.5,Top140,0.9997221773481212,0.0002536185072075,0.9997221773481212,0.0002536185072075,0.979883665138252,0.0062899894878658,0.9988668555240792,0.0015516219759352,1.0,0.0,1.0,0.0,1.0,0.0,1.0,0.0
0.7,Top25,1.0,0.0,1.0,0.0,0.9925414629331316,0.0037760295348576,0.9983002832861192,0.0025337880764869,0.8666666666666666,0.1825741858350554,0.984,0.0219089023002066,0.996,0.0059628479399994,0.997923875432526,0.0030949037750862
0.5,Top70,0.999907063197026,0.0002078130090613,0.999907063197026,0.0002078130090613,0.9896534870813556,0.008391961144146,0.9983002832861192,0.0015516219759352,0.9333333333333332,0.1490711984999859,0.992,0.0178885438199983,0.9986666666666666,0.0029814239699997,0.9993079584775086,0.0015474518875431
0.5,Top90,0.9998145134515376,0.0002539888383974,0.9998145134515376,0.0002539888383974,0.9828661502671352,0.0090077165032379,0.9983002832861192,0.0015516219759352,0.9333333333333332,0.149071198499986,0.992,0.0178885438199983,0.9986666666666666,0.0029814239699997,0.9993079584775086,0.0015474518875431
0.5,Top80,0.9998145134515376,0.0002539888383974,0.9998145134515376,0.0002539888383974,0.982843558427534,0.006431046518725,0.9983002832861192,0.0015516219759352,0.9333333333333332,0.149071198499986,0.992,0.0178885438199983,0.9986666666666666,0.0029814239699997,0.9993079584775086,0.0015474518875431
0.5,Top130,0.9998145134515376,0.0002539888383974,0.9998145134515376,0.0002539888383974,0.9806327288086644,0.006706113989515,0.9983002832861192,0.0015516219759352,0.9333333333333332,0.149071198499986,0.992,0.0178885438199983,0.9986666666666666,0.0029814239699997,0.9993079584775086,0.0015474518875431
0.6,Top100,0.999629841244705,0.0003865151023016,0.999629841244705,0.0003865151023016,0.9806244058789928,0.0056078924242887,0.9983002832861192,0.0015516219759352,0.9333333333333332,0.1490711984999859,0.992,0.0178885438199983,0.9986666666666666,0.0029814239699997,0.9993079584775086,0.0015474518875431
0.1,Top10,0.9999074502545116,0.0002069475222119,0.9999074502545116,0.0002069475222119,0.9970424836601308,0.0048280097246859,0.9971671388101984,0.0063344701912174,0.8666666666666666,0.2981423969999719,0.968,0.0715541752799932,0.9933333333333334,0.0149071198499985,0.9965397923875432,0.0077372594377155
0.4,Top50,0.9999074502545116,0.0002069475222119,0.9999074502545116,0.0002069475222119,0.9940904139433552,0.0085142148080678,0.9971671388101984,0.0040062707149379,0.7333333333333333,0.4346134936801766,0.968,0.0521536192416211,0.9946666666666666,0.0086922698736035,0.9972318339100346,0.0045115587579257
0.7,Top20,1.0,0.0,1.0,0.0,0.9902912022482148,0.0050789832879915,0.9971671388101984,0.0020031353574689,0.7333333333333333,0.1490711984999859,0.968,0.0178885438199983,0.9933333333333334,0.0047140452079102,0.9965397923875432,0.0024467362670815
0.6,Top120,0.9996299689571576,0.0002068582479894,0.9996299689571576,0.0002068582479894,0.9761628162180408,0.0068246924837589,0.9971671388101984,0.0034695322135739,1.0,0.0,1.0,0.0,0.9973333333333332,0.0059628479399993,0.9986159169550174,0.0030949037750862
0.5,Top60,0.9999074502545116,0.0002069475222119,0.9999074502545116,0.0002069475222119,0.9926089324618736,0.0114090113750743,0.996600566572238,0.0046548659278059,0.6666666666666666,0.4714045207910317,0.96,0.0565685424949238,0.9933333333333334,0.0094280904158206,0.9965397923875432,0.004893472534163
0.5,Top50,0.9998145134515376,0.0002539888383974,0.9998145134515376,0.0002539888383974,0.9918736383442266,0.0118134228961489,0.996600566572238,0.004654865927806,0.6666666666666666,0.4714045207910317,0.96,0.0565685424949237,0.9933333333333334,0.0094280904158206,0.9965397923875432,0.004893472534163
0.6,Top90,0.9998145134515376,0.0002539888383974,0.9998145134515376,0.0002539888383974,0.9791369784172528,0.0077890084937739,0.996600566572238,0.0023701417182268,0.7333333333333333,0.2788866755113585,0.968,0.033466401061363,0.9946666666666666,0.0055777335102271,0.9972318339100346,0.0028950173928515
0.6,Top60,0.9999074502545116,0.0002069475222119,0.9999074502545116,0.0002069475222119,0.9896371472120746,0.012095537584584,0.9960339943342776,0.0055222630848775,0.6666666666666666,0.4714045207910317,0.96,0.0565685424949238,0.992,0.0119256958799988,0.995847750865052,0.0061898075501724
0.2,Top15,0.9998149005090236,0.0004138950444238,0.9998149005090236,0.0004138950444238,0.9948148148148148,0.0115944265499989,0.9954674220963172,0.010135152305948,0.8666666666666666,0.2981423969999719,0.96,0.0894427190999915,0.9893333333333334,0.0238513917599977,0.9944636678200692,0.0123796151003448
0.6,Top70,0.9998145134515376,0.0002539888383974,0.9998145134515376,0.0002539888383974,0.9851553426609344,0.0094316720508706,0.9943342776203966,0.0052997979982634,0.4666666666666666,0.5055250296034367,0.936,0.0606630035524124,0.9893333333333334,0.0101105005920687,0.9944636678200692,0.0052476646671637
0.6,Top80,0.9998145134515376,0.0002539888383974,0.9998145134515376,0.0002539888383974,0.9791172628842292,0.0079002887777302,0.9943342776203966,0.0044791468274339,0.4666666666666666,0.4472135954999579,0.936,0.0536656314599949,0.9893333333333332,0.0089442719099991,0.9944636678200692,0.0046423556626294
0.3,Top15,0.9997223507635354,0.0006208425666357,0.9997223507635354,0.0006208425666357,0.994074074074074,0.0132507731999987,0.9937677053824364,0.0139358344206786,0.8666666666666666,0.2981423969999719,0.96,0.0894427190999915,0.9853333333333334,0.0327956636699969,0.9923875432525952,0.0170219707629741
0.6,Top50,0.9998145134515376,0.0002539888383974,0.9998145134515376,0.0002539888383974,0.9881665589767804,0.0146161385689623,0.9937677053824364,0.0085924934210215,0.6666666666666666,0.4714045207910317,0.96,0.0565685424949237,0.9866666666666668,0.0188561808316412,0.9930795847750864,0.0097869450683258
0.6,Top130,0.999445210820706,0.000386299508679,0.999445210820706,0.000386299508679,0.9761514236146888,0.0078445527949344,0.9926345609065156,0.0051461479106473,0.6,0.3651483716701107,0.952,0.0438178046004132,0.9866666666666668,0.0094280904158206,0.9930795847750864,0.0048934725341629
0.8,Top40,0.999907063197026,0.0002078130090613,0.999907063197026,0.0002078130090613,0.9761400310113364,0.0095257357569693,0.9926345609065156,0.0015516219759354,0.2666666666666666,0.1490711984999859,0.912,0.0178885438199983,0.984,0.0036514837167011,0.9916955017301036,0.0018952337629936
0.7,Top100,0.9994454244627778,0.0003857239368445,0.9994454244627778,0.0003857239368445,0.9724611834736884,0.0067486662068255,0.9926345609065156,0.0047402834364536,0.6,0.3651483716701107,0.952,0.0438178046004133,0.9866666666666668,0.0094280904158205,0.9930795847750864,0.004893472534163
0.4,Top15,0.9996298010180472,0.0008277900888476,0.9996298010180472,0.0008277900888476,0.994074074074074,0.0132507731999987,0.9920679886685552,0.0177365165354091,0.8,0.4472135954999579,0.952,0.1073312629199898,0.984,0.0357770876399966,0.991695501730104,0.0185694226505172
0.6,Top140,0.9995376328537412,0.0003264605689216,0.9995376328537412,0.0003264605689216,0.9754078065673704,0.0063808333495686,0.9920679886685552,0.0078608707793266,0.6666666666666666,0.3333333333333333,0.96,0.04,0.984,0.0153478192442951,0.991695501730104,0.0079659961475579
0.7,Top60,0.9994447015270708,0.0012416851332715,0.9994447015270708,0.0012416851332715,0.9851361264850758,0.0101311749507465,0.991501416430595,0.0105995959965267,0.5333333333333333,0.5055250296034367,0.944,0.0606630035524124,0.9826666666666666,0.0213957420478415,0.9910034602076124,0.0111050564262153
0.2,Top10,0.9998149005090236,0.0004138950444238,0.9998149005090236,0.0004138950444238,0.9896677559912854,0.012634134668888,0.9903682719546744,0.0135267267833578,0.8,0.2981423969999719,0.928,0.0995991967839098,0.9773333333333334,0.0318328970301688,0.9882352941176472,0.0165222648945512
0.7,Top50,0.9992592149786086,0.0014110990261805,0.9992592149786086,0.0014110990261805,0.9822032729441588,0.0150640980327152,0.9903682719546744,0.0121185550346784,0.5333333333333333,0.5055250296034367,0.944,0.0606630035524124,0.98,0.0249443825784928,0.9896193771626296,0.0129469113729201
0.7,Top90,0.9996299689571576,0.0002068582479894,0.9996299689571576,0.0002068582479894,0.9716952805768304,0.0093952417656368,0.9903682719546744,0.0032299587113289,0.2,0.1825741858350553,0.904,0.0219089023002066,0.9813333333333334,0.0055777335102272,0.9903114186851212,0.0028950173928514
0.7,Top70,0.999721576648564,0.0004154104916603,0.999721576648564,0.0004154104916603,0.9754880469345472,0.0123658285767997,0.9898016997167138,0.0065217362227883,0.2,0.2981423969999719,0.904,0.0357770876399966,0.9786666666666668,0.0128235893744475,0.9889273356401383,0.0066558422358723
0.5,Top15,0.9994447015270708,0.0012416851332715,0.9994447015270708,0.0012416851332715,0.994074074074074,0.0132507731999987,0.9892351274787536,0.0240709867266266,0.8,0.4472135954999579,0.952,0.1073312629199898,0.9773333333333334,0.0506842074899952,0.9882352941176472,0.0263066820882328
0.8,Top25,0.999907063197026,0.0002078130090613,0.999907063197026,0.0002078130090613,0.9798860420876648,0.0078084703323805,0.9892351274787534,0.0070537674776139,0.2,0.1825741858350553,0.904,0.0219089023002066,0.9760000000000002,0.017384539747207,0.9875432525951556,0.0090231175158513
0.8,Top20,0.9997223909901932,0.0004132774556695,0.9997223909901932,0.0004132774556695,0.979175910126135,0.0067252324805885,0.9892351274787534,0.0070537674776139,0.2,0.1825741858350553,0.904,0.0219089023002066,0.9760000000000002,0.017384539747207,0.9875432525951556,0.0090231175158513
0.7,Top130,0.998797744183471,0.0007015734045178,0.998797744183471,0.0007015734045178,0.9679433235202436,0.0129632705320892,0.9881019830028328,0.0042018121739918,0.3999999999999999,0.2788866755113585,0.928,0.033466401061363,0.9773333333333334,0.0101105005920686,0.9882352941176472,0.0052476646671636
0.8,Top30,0.999907063197026,0.0002078130090613,0.999907063197026,0.0002078130090613,0.9776298354224892,0.0093395255958133,0.9875354107648724,0.0073871981928641,0.2,0.1825741858350553,0.904,0.0219089023002066,0.972,0.0184992492340155,0.9854671280276814,0.0096016864536412
0.7,Top140,0.999167988868385,0.0003866294467667,0.999167988868385,0.0003866294467667,0.970196653878842,0.0080521686410437,0.9875354107648724,0.0051461479106473,0.5333333333333333,0.2981423969999719,0.944,0.0357770876399966,0.976,0.0121106014163898,0.9875432525951556,0.0062857792818632
0.7,Top120,0.9991677752263132,0.0006859222543006,0.9991677752263132,0.0006859222543006,0.9701660450996308,0.0101064672570061,0.9875354107648724,0.0042962467105107,0.3333333333333333,0.3333333333333333,0.92,0.04,0.9746666666666668,0.0086922698736035,0.9868512110726644,0.0045115587579256
0.3,Top10,0.9998149005090236,0.0004138950444238,0.9998149005090236,0.0004138950444238,0.9881917211328975,0.0134294000463451,0.9869688385269122,0.0154644125370608,0.6666666666666666,0.3333333333333333,0.912,0.1035374328443582,0.9693333333333334,0.0363929175038832,0.9840830449826988,0.018889057527967
0.6,Top15,0.999074502545118,0.0020694752221191,0.999074502545118,0.0020694752221191,0.9881250569513822,0.016432803689771,0.9869688385269122,0.0291385628796007,0.8,0.4472135954999579,0.944,0.1252198067399882,0.972,0.0626099033699941,0.9854671280276815,0.0324964896384052
0.85,Top40,0.9996299689571576,0.0002068582479894,0.9996299689571576,0.0002068582479894,0.9701995301854194,0.0088722238761423,0.9858356940509916,0.0066436483850189,0.2,0.1825741858350553,0.904,0.0219089023002066,0.9693333333333334,0.0138242942355517,0.9840830449826988,0.0071752392226046
0.7,Top80,0.9994446960507674,0.0003876868010389,0.9994446960507674,0.0003876868010389,0.9724300753373128,0.010508774864104,0.9841359773371104,0.002533788076487,0.0,0.0,0.8800000000000001,0.0,0.9653333333333334,0.0029814239699997,0.9820069204152247,0.001547451887543
0.7,Top15,0.9985192040721887,0.0033111603553907,0.9985192040721887,0.0033111603553907,0.9843821155487348,0.0144199819763598,0.9824362606232296,0.0330608373051449,0.6,0.4346134936801766,0.92,0.116619037896906,0.9626666666666668,0.0688960569747404,0.9799307958477508,0.0372996899050847
0.85,Top25,0.9997225187026458,0.0002533083426009,0.9997225187026458,0.0002533083426009,0.9709569167855026,0.0107717344866091,0.9824362606232296,0.0098947587515993,0.2,0.1825741858350553,0.904,0.0219089023002066,0.9613333333333334,0.0218072363117281,0.9799307958477508,0.0113186347638727
0.8,Top50,0.9986105926452196,0.002404514323062,0.9986105926452196,0.002404514323062,0.9709737560119484,0.0115391693104033,0.9818696883852692,0.0142490383455629,0.2,0.1825741858350553,0.904,0.0219089023002066,0.9613333333333334,0.0314112506383727,0.9799307958477508,0.0163034172863525
0.8,Top60,0.99842690819543,0.0025470684731072,0.99842690819543,0.0025470684731072,0.9709706863382674,0.0122444554280871,0.9818696883852692,0.0150701825249522,0.2,0.1825741858350553,0.904,0.0219089023002066,0.9613333333333334,0.0331327297061045,0.9799307958477508,0.0171969185325801
0.85,Top20,0.9973176641588872,0.0008283185341843,0.9973176641588872,0.0008283185341843,0.962715331605269,0.0138271349441348,0.9818696883852692,0.0093097318556119,0.0666666666666666,0.1490711984999859,0.8880000000000001,0.0178885438199983,0.9586666666666668,0.0223109340409087,0.9785467128027682,0.0115800695714057
0.8,Top100,0.9990746650079252,0.0005672920851227,0.9990746650079252,0.0005672920851227,0.9635040197088316,0.0107522124911005,0.9813031161473088,0.002533788076487,0.0,0.0,0.8800000000000001,0.0,0.9613333333333334,0.0055777335102271,0.979930795847751,0.0028950173928514
0.8,Top90,0.9986120896958984,0.0016031321977596,0.9986120896958984,0.0016031321977596,0.9612789211800316,0.0052819493116784,0.9807365439093484,0.0050675761529739,0.0,0.0,0.8800000000000001,0.0,0.96,0.0124721912892464,0.9792387543252594,0.00647345568646
0.85,Top30,0.9994448237632202,0.0003873453518142,0.9994448237632202,0.0003873453518142,0.9664870041948792,0.0096328370903094,0.979603399433428,0.0085924934210216,0.0,0.0,0.8800000000000001,0.0,0.9546666666666668,0.0184992492340154,0.9764705882352942,0.0096016864536412
0.8,Top70,0.998795345305368,0.001252749359014,0.998795345305368,0.001252749359014,0.9657877654795368,0.0070781058931344,0.9790368271954676,0.0126054365219756,0.0666666666666666,0.1490711984999859,0.8880000000000001,0.0178885438199983,0.9546666666666668,0.0264154836748787,0.9764705882352942,0.0137104586547812
0.4,Top10,0.999259642262752,0.0009593342165639,0.999259642262752,0.0009593342165639,0.9837745098039216,0.0153596509515959,0.9784702549575072,0.021350077825968,0.5333333333333333,0.4472135954999579,0.8560000000000001,0.1344618905117728,0.952,0.0483965104343508,0.9750865051903114,0.0251192960731924
0.8,Top130,0.997871640552728,0.0015222102168574,0.997871640552728,0.0015222102168574,0.9582819737741154,0.0117763154147754,0.9779036827195468,0.0061414967106738,0.0666666666666666,0.1490711984999859,0.8880000000000001,0.0178885438199983,0.9533333333333334,0.0133333333333333,0.9757785467128028,0.0069204152249135
0.85,Top100,0.9976881642687068,0.0009793984774796,0.9976881642687068,0.0009793984774796,0.956816832161915,0.0087550357890908,0.9779036827195468,0.0076013642294609,0.0,0.0,0.8800000000000001,0.0,0.9533333333333334,0.0169967317119759,0.9757785467128028,0.0088218330684995
0.8,Top120,0.9983342213410584,0.0012514309125916,0.9983342213410584,0.0012514309125916,0.958997552358739,0.0139529569265001,0.9773371104815866,0.0040062707149378,0.0,0.0,0.8800000000000001,0.0,0.9520000000000002,0.0086922698736035,0.9750865051903114,0.0045115587579256
0.85,Top50,0.9976835414840912,0.0026417197975022,0.9976835414840912,0.0026417197975022,0.9635014493923152,0.0152255081449616,0.9773371104815864,0.0157727035774221,0.2,0.1825741858350553,0.904,0.0219089023002066,0.9506666666666668,0.0345124776147861,0.97439446366782,0.0179130506651138
0.8,Top140,0.9982426995792716,0.0008284409252564,0.9982426995792716,0.0008284409252564,0.9575215175003512,0.0110866286053875,0.9773371104815864,0.0056657223796034,0.0666666666666666,0.1490711984999859,0.8880000000000001,0.0178885438199983,0.952,0.0128235893744476,0.9750865051903114,0.0066558422358724
0.85,Top60,0.9977808108964208,0.0024129164199149,0.9977808108964208,0.0024129164199149,0.9590699691534096,0.0108818475301941,0.975070821529745,0.0190455935569083,0.1333333333333333,0.1825741858350553,0.8960000000000001,0.0219089023002066,0.9453333333333334,0.0422689799577263,0.9716262975778548,0.0219389169330759
0.8,Top15,0.996669312123138,0.004170083336908,0.996669312123138,0.004170083336908,0.9739878486343722,0.0130403533554429,0.9739376770538244,0.0363556651040353,0.2,0.1825741858350553,0.8560000000000001,0.1219836054558152,0.9426666666666664,0.0766811580507232,0.9695501730103804,0.0413346385024718
0.85,Top90,0.9975013958678142,0.0019261056480811,0.9975013958678142,0.0019261056480811,0.9545857876528564,0.0091140723854772,0.9739376770538244,0.0064599174226579,0.0,0.0,0.8800000000000001,0.0,0.9453333333333334,0.0152023390013218,0.9716262975778548,0.0078904873709282
0.85,Top120,0.9974092734064696,0.0015227752505414,0.9974092734064696,0.0015227752505414,0.956786223382704,0.0135164912281704,0.9722379603399434,0.007332679379912,0.0,0.0,0.8800000000000001,0.0,0.9413333333333334,0.0172562388073931,0.9695501730103808,0.0089565253325569
0.85,Top130,0.996577561846545,0.0012525995468983,0.996577561846545,0.0012525995468983,0.9553047419012228,0.0122849491272431,0.9722379603399434,0.0054491172979238,0.0,0.0,0.8800000000000001,0.0,0.9426666666666664,0.0121106014163899,0.970242214532872,0.0062857792818633
0.85,Top140,0.9967625793280298,0.0014642325474585,0.9967625793280298,0.0014642325474585,0.956786223382704,0.0100795297114624,0.9716713881019832,0.0069390644271478,0.0,0.0,0.8800000000000001,0.0,0.94,0.0163299316185546,0.9688581314878894,0.008475743054613
0.5,Top10,0.9988900842070146,0.0013317280356131,0.9988900842070146,0.0013317280356131,0.9808278867102396,0.0177763626674174,0.971671388101983,0.0283993451214778,0.4,0.5477225575051661,0.8320000000000001,0.1559487095169434,0.9386666666666666,0.06171619632551,0.968166089965398,0.0320326278506106
0.8,Top80,0.9981488207222152,0.0011821442707831,0.9981488207222152,0.0011821442707831,0.9605267878359388,0.008000024997821,0.971671388101983,0.004479146827434,0.0,0.0,0.8800000000000001,0.0,0.9386666666666666,0.0086922698736035,0.968166089965398,0.0045115587579257
0.85,Top70,0.99731453842495,0.0020845123356314,0.99731453842495,0.0020845123356314,0.952369012053728,0.0086213503481802,0.9705382436260624,0.0127636037689164,0.0,0.0,0.8800000000000001,0.0,0.9346666666666668,0.0272437556556034,0.966089965397924,0.0141403576067145
0.9,Top40,0.9986126849191524,0.0003279940724804,0.9986126849191524,0.0003279940724804,0.9545917336331152,0.0057615131768346,0.9688385269121812,0.0080125414298758,0.0,0.0,0.8800000000000001,0.0,0.9293333333333332,0.017384539747207,0.9633217993079588,0.0090231175158514
0.6,Top10,0.9975941213926672,0.0024321634830361,0.9975941213926672,0.0024321634830361,0.9770956451866762,0.0181058380446195,0.9660056657223796,0.0326086811139414,0.4,0.5477225575051661,0.8320000000000001,0.1559487095169434,0.9253333333333332,0.0713987239226149,0.960553633217993,0.038030814294904
0.85,Top15,0.9934308068118988,0.0030654993954806,0.9934308068118988,0.0030654993954806,0.9590422366807762,0.0138534655675675,0.9654390934844193,0.037443095630084,0.1333333333333333,0.1825741858350553,0.8480000000000001,0.117983049630021,0.9253333333333332,0.080194208713043,0.9598615916955018,0.0431209067949463
0.9,Top140,0.9952832237953292,0.000764782461063,0.9952832237953292,0.000764782461063,0.9464399038311632,0.0065862693119743,0.9654390934844193,0.0085924934210215,0.0,0.0,0.8800000000000001,0.0,0.9266666666666664,0.0210818510677892,0.961937716262976,0.0109421372324165
0.9,Top100,0.9957448625295774,0.0010090092801216,0.9957448625295774,0.0010090092801216,0.944220251925457,0.0066289318077725,0.9648725212464588,0.0088682582677045,0.0,0.0,0.8800000000000001,0.0,0.9266666666666664,0.02,0.9612456747404844,0.0104953293343274
0.9,Top25,0.9963958837410694,0.0011885076817872,0.9963958837410694,0.0011885076817872,0.948620124670822,0.0099476737363101,0.9643059490084986,0.0201909684772866,0.0,0.0,0.8640000000000001,0.0219089023002066,0.9186666666666669,0.046523590192981,0.9577854671280278,0.0241471921416856
0.9,Top60,0.9962092926757178,0.0023220250346691,0.9962092926757178,0.0023220250346691,0.950121821042492,0.005905392800736,0.9637393767705384,0.0159497883968943,0.0,0.0,0.8720000000000001,0.0178885438199983,0.9186666666666669,0.0350871929785087,0.9577854671280278,0.0182113458365961
0.9,Top120,0.995652568208995,0.0011658808041482,0.995652568208995,0.0011658808041482,0.9486457861841042,0.0067409539348578,0.9637393767705384,0.0088228960353526,0.0,0.0,0.8800000000000001,0.0,0.9226666666666666,0.0213957420478416,0.9598615916955018,0.0111050564262153
0.9,Top130,0.995189472650726,0.0012585192350334,0.995189472650726,0.0012585192350334,0.9486457861841042,0.008901210587177,0.9637393767705384,0.0085924934210215,0.0,0.0,0.8800000000000001,0.0,0.9253333333333332,0.0202210011841374,0.960553633217993,0.0102646345842154
0.85,Top80,0.9957445211750529,0.001289186463236,0.9957445211750529,0.001289186463236,0.9546252187189036,0.0083679206450841,0.9614730878186968,0.005874345992444,0.0,0.0,0.8800000000000001,0.0,0.916,0.0138242942355517,0.956401384083045,0.0071752392226047
0.9,Top50,0.9966653153920036,0.0032346821985091,0.9966653153920036,0.0032346821985091,0.9508846542656688,0.0106541102275586,0.9603399433427764,0.0138781288542956,0.0,0.0,0.8640000000000001,0.0219089023002066,0.9133333333333332,0.0266666666666667,0.9550173010380624,0.0138408304498269
0.7,Top10,0.9963904544550786,0.0036172539071242,0.9963904544550786,0.0036172539071242,0.9718766689256412,0.0156552695929423,0.9592067988668556,0.0358667524884224,0.2,0.2981423969999719,0.8,0.132664991614216,0.9133333333333332,0.0757187779440036,0.9536332179930797,0.040985571265982
0.9,Top30,0.9964858209663828,0.0004152685601709,0.9964858209663828,0.0004152685601709,0.9485871389421988,0.0074025779402143,0.9592067988668556,0.0142490383455629,0.0,0.0,0.8720000000000001,0.0178885438199983,0.9066666666666666,0.0316227766016838,0.9515570934256056,0.0164132058486248
0.9,Top90,0.9955601043931256,0.0012536949838192,0.9955601043931256,0.0012536949838192,0.9449220609573156,0.0062504202743634,0.9569405099150142,0.0078608707793266,0.0,0.0,0.8800000000000001,0.0,0.908,0.017256238807393,0.950865051903114,0.0096016864536413
0.9,Top20,0.9913075700464472,0.0010006721354837,0.9913075700464472,0.0010006721354837,0.939646621036684,0.0116911772524054,0.9563739376770538,0.02383646908551,0.0,0.0,0.8,0.0748331477354788,0.904,0.0517687164221791,0.9494809688581316,0.0279613894129231
0.9,Top70,0.9954654568974014,0.0021872440254757,0.9954654568974014,0.0021872440254757,0.9449244379067284,0.0086200905816828,0.9546742209631728,0.0100156767873449,0.0,0.0,0.8720000000000001,0.0178885438199983,0.9013333333333332,0.0232856655954306,0.94878892733564,0.0120859856031646
0.95,Top140,0.9925091525503577,0.0012004000312972,0.9925091525503577,0.0012004000312972,0.9360294904146228,0.0044293657827887,0.95014164305949,0.0114371837043549,0.0,0.0,0.8480000000000001,0.0178885438199983,0.9013333333333332,0.0228035085019827,0.944636678200692,0.0144750869642573
0.95,Top130,0.9920441689637968,0.0016987691958491,0.9920441689637968,0.0016987691958491,0.9352635875177648,0.0042189680769548,0.9495750708215296,0.0098947587515994,0.0,0.0,0.8560000000000001,0.0219089023002066,0.9013333333333332,0.021291625896895,0.9439446366782008,0.0123311624091386
0.95,Top120,0.9926926651409091,0.0015590714837071,0.9926926651409091,0.0015590714837071,0.936024043791529,0.0036943328788155,0.9456090651558074,0.0088228960353526,0.0,0.0,0.8560000000000001,0.0219089023002066,0.8906666666666666,0.0180123414481417,0.9391003460207614,0.0111050564262153
0.8,Top10,0.9946330665485548,0.0043934573269004,0.9946330665485548,0.0043934573269004,0.957671797712786,0.0140121395564082,0.943342776203966,0.0425401059990968,0.1333333333333333,0.1825741858350553,0.768,0.1425482374496437,0.8786666666666667,0.0907254711264213,0.9349480968858132,0.0488980105244
0.95,Top100,0.9930625629949952,0.0012801359606589,0.9930625629949952,0.0012801359606589,0.931576223683342,0.0062887380316674,0.943342776203966,0.0137328041286581,0.0,0.0,0.8640000000000001,0.0219089023002066,0.8866666666666667,0.0286744175568087,0.9356401384083044,0.016340095436841
0.9,Top15,0.9886231419314016,0.0021518641303799,0.9886231419314016,0.0021518641303799,0.933728712050368,0.0107832186965183,0.9422096317280452,0.0340297266185728,0.0,0.0,0.72,0.0565685424949238,0.8733333333333334,0.0725718035235908,0.932871972318339,0.0394220771449858
0.9,Top80,0.9949138793816636,0.0008650789185804,0.9949138793816636,0.0008650789185804,0.9434149179625522,0.0088196692865598,0.9416430594900852,0.0055222630848776,0.0,0.0,0.8640000000000001,0.0219089023002066,0.8733333333333334,0.0156347191994114,0.9328719723183392,0.0071752392226047
0.85,Top10,0.9913985903548534,0.0026905501286448,0.9913985903548534,0.0026905501286448,0.9494390348193884,0.0139577778837631,0.9314447592067988,0.0396296929498323,0.0666666666666666,0.1490711984999859,0.712,0.1213260071048248,0.852,0.0858163413601654,0.921107266435986,0.0462556122227017
0.95,Top90,0.9930656082756169,0.0006404943236722,0.9930656082756169,0.0006404943236722,0.9314973615512482,0.0117452869625945,0.9172804532577904,0.0210472244997242,0.0,0.0,0.784,0.0920869154657706,0.8253333333333334,0.0458015040995138,0.9038062283737024,0.0254742731063058
0.95,Top50,0.9907546286687868,0.0015182042205414,0.9907546286687868,0.0015182042205414,0.9292914791983068,0.0132848067730535,0.9087818696883851,0.0149095720871849,0.0,0.0,0.776,0.0456070170039655,0.8039999999999999,0.0277288457907805,0.8941176470588236,0.0168807071524574
0.95,Top60,0.9895524950884074,0.0022642042767732,0.9895524950884074,0.0022642042767732,0.9246952564699328,0.0221840499826484,0.9070821529745045,0.0184026988882851,0.0,0.0,0.768,0.0657267069006199,0.7986666666666666,0.0414728827066554,0.8906574394463668,0.0225046540366908
0.9,Top10,0.9862219681181764,0.0023829728676949,0.9862219681181764,0.0023829728676949,0.9285211283926852,0.0067538328317436,0.9025495750708216,0.0408364580221923,0.0,0.0,0.584,0.1080740486888503,0.7866666666666667,0.0858939915115008,0.8858131487889274,0.0474439764733637
0.95,Top40,0.9875145497736808,0.0020786262137963,0.9875145497736808,0.0020786262137963,0.9240974717262856,0.0108268380003079,0.9025495750708216,0.019066650051517,0.0,0.0,0.784,0.0357770876399966,0.7853333333333333,0.0392711372667284,0.8851211072664359,0.0224780370503968
0.95,Top80,0.991952519489557,0.0014251804034273,0.991952519489557,0.0014251804034273,0.9270559867804848,0.0047275823743608,0.8974504249291785,0.0088228960353525,0.0,0.0,0.784,0.0536656314599949,0.78,0.0156347191994114,0.8802768166089965,0.0090231175158514
0.95,Top70,0.9898338360080124,0.0031473467825572,0.9898338360080124,0.0031473467825572,0.9217244699344636,0.0158205247644494,0.8940509915014164,0.0257774802630647,0.0,0.0,0.752,0.0867179335547152,0.7733333333333333,0.062893207547044,0.8761245674740484,0.0325884696968058
0.95,Top25,0.9833549120033184,0.0018177918170717,0.9833549120033184,0.0018177918170717,0.9159062108582866,0.0142016911262738,0.8844192634560907,0.0337217589574004,0.0,0.0,0.672,0.0657267069006198,0.74,0.0768837506311386,0.8643598615916955,0.0404563236070976
0.95,Top30,0.9827967818918394,0.0023282118296494,0.9827967818918394,0.0023282118296494,0.9158953176120992,0.0119412515040665,0.8753541076487252,0.0258862137145851,0.0,0.0,0.664,0.0219089023002066,0.724,0.0552971769422072,0.8525951557093425,0.0311994853393767
0.95,Top20,0.9691117270396477,0.0025940596432358,0.9691117270396477,0.0025940596432358,0.9017802017775256,0.016814730449964,0.8600566572237961,0.0313284222117829,0.0,0.0,0.624,0.0536656314599949,0.6839999999999999,0.0701743859570174,0.8346020761245674,0.0376987991694528
0.95,Top15,0.9629202907593262,0.0080727194677688,0.9629202907593262,0.0080727194677688,0.8935792397447722,0.0087322968360914,0.8560906515580736,0.0266800785903028,0.0,0.0,0.552,0.0438178046004133,0.6866666666666666,0.0648074069840786,0.8318339100346022,0.0354227927808158
0.95,Top10,0.9628478842375758,0.0111357365626981,0.9628478842375758,0.0111357365626981,0.8882427756328223,0.0145132562425145,0.8209631728045326,0.0191506445112244,0.0,0.0,0.4720000000000001,0.0657267069006199,0.6293333333333333,0.0544875113112067,0.7896193771626298,0.0247592302006896
