model,feat,train_cohen_kappa,train_cohen_kappa_std,val_cohen_kappa,val_cohen_kappa_std,test_cohen_kappa,test_cohen_kappa_std,ext_cohen_kappa,ext_cohen_kappa_std,rmSim_0.6,rmSim_0.6_std,rmSim_0.7,rmSim_0.7_std,rmSim_0.8,rmSim_0.8_std,rmSim_0.9,rmSim_0.9_std
DMPNN,,0.8465936202270339,0.0219603628454687,0.8465936202270339,0.0219603628454687,0.700624558432601,0.05907439098267823,0.3580544314735531,0.05791443082364405,0.13067226890756303,0.0927723813681713,0.09525689204712506,0.04629222257595911,0.23692377581348606,0.060980312523626665,0.3411535948131814,0.05912128637419963
DMPNN,AtomPairFP,0.9685356105342577,0.009243216275967298,0.9685356105342577,0.009243216275967298,0.7141810938617337,0.03996191149178764,0.5796678473384624,0.04002197790358877,-0.22857142857142856,0.045175395145262594,0.4825079299447557,0.15974301167057967,0.49803354987070564,0.04970994495464125,0.576755548251955,0.04414141795333003
DMPNN,Autocorr,0.9268369224505099,0.03902179649823732,0.9268369224505099,0.03902179649823732,0.6804154528762829,0.0716748746582488,0.43225186212196676,0.06626699302407746,0.03666666666666668,0.11568368964284773,0.06693094829254448,0.12130497328775926,0.3206917661894598,0.07134871707063421,0.4144365053715096,0.0607101307702027
DMPNN,AvalonFP,0.9363642815455593,0.049859050988273146,0.9363642815455593,0.049859050988273146,0.7043879157707538,0.044590056243381845,0.3011782852333933,0.04230984097086652,-0.17696078431372547,0.085052119574578,-0.12172526912916655,0.04402186443601457,0.09589425880289085,0.05775338884955974,0.2828884368707702,0.042356191379732976
DMPNN,Charge,0.8740651863548932,0.032391798191333046,0.8740651863548932,0.032391798191333046,0.6954658677942398,0.05079147227353679,0.48593389447884017,0.02174093261211696,-0.13115384615384612,0.06589460900518082,0.13780860334198525,0.06862081314366406,0.33358667149905635,0.03754331391081827,0.471705834255865,0.024468106554995817
DMPNN,Connectivity,0.8491430458917921,0.03094405722944658,0.8491430458917921,0.03094405722944658,0.6915349374101853,0.07394792682028473,0.5155636389868932,0.08080990791731785,-0.1637597696421226,0.2215057138698121,0.1832876903807302,0.14391908515253826,0.4235063504927602,0.09974588387821778,0.508172396373587,0.08139643056415916
DMPNN,Constitution,0.8779830344486204,0.06912693273627385,0.8779830344486204,0.06912693273627385,0.6933265062854393,0.04043999381067869,0.453548574898461,0.08201643354141236,-0.2000915750915751,0.16680916770277948,0.023360496153495842,0.12134441804544535,0.30425029391720815,0.1036777666233367,0.44269784885800956,0.08337147995389138
DMPNN,Estate,0.9051702492828477,0.030784778621530336,0.9051702492828477,0.030784778621530336,0.7035427303691769,0.027653016628116523,0.4862630274632361,0.024322328286386474,-0.20512820512820512,0.11593726466880798,0.16291884470354742,0.026726360011760042,0.3513893301374513,0.050304160966913446,0.476886761841675,0.02675083358627026
DMPNN,EstateFP,0.863480480493313,0.05598743275249356,0.863480480493313,0.05598743275249356,0.7119322780092778,0.061528904564150055,0.32297334523300353,0.0755855480980489,-0.2269607843137255,0.11212294000754974,0.043028141825002905,0.030691151438237564,0.1742954327514598,0.06641991735340352,0.3068537863528486,0.07007319830759197
DMPNN,Fragment,0.8665942762496994,0.021656557209288208,0.8665942762496994,0.021656557209288208,0.688084754678023,0.05371992867487437,0.30142705210633675,0.06255535501379324,0.035294117647058816,0.0886970488484984,0.0801956886199921,0.07385292569353374,0.1853189289913601,0.07857552389278594,0.29163651558626424,0.06369862521916918
DMPNN,InfoContent,0.8750705221197921,0.018813942105015375,0.8750705221197921,0.018813942105015375,0.6888530478175466,0.050381979586782824,0.5718444984622308,0.10228806251234611,0.1866744366744367,0.46426361743700895,0.37270005314948107,0.23244206998783698,0.4968751910944106,0.13085586626153276,0.5681637934536959,0.10309605847650412
DMPNN,Kappa,0.8530212923440169,0.030440144375867374,0.8530212923440169,0.030440144375867374,0.7038117651060422,0.060527135608177636,0.5973647881209755,0.04795191569561424,0.03181818181818184,0.12083273962046595,0.3953645440296817,0.05638697234719798,0.5114096977200198,0.04802815542651991,0.5851165682985435,0.04747747020736175
DMPNN,MACCSFP,0.9097232371260615,0.04796248843773434,0.9097232371260615,0.04796248843773434,0.6919877704343741,0.07140982335042599,0.3867209717521727,0.10303091753895857,-0.419047619047619,0.1324231975531061,-0.04502677350203936,0.14069961064981162,0.21967082085149353,0.12107960383378717,0.3682151010303839,0.10554691635698024
DMPNN,MAP4,0.9836966557876133,0.011786170488643692,0.9836966557876133,0.011786170488643692,0.7195029639703886,0.05554524457980552,0.47308809095064247,0.04660950629483723,-0.3818181818181817,0.06259367024173612,0.24756564832458303,0.10707793399678789,0.32789637495568486,0.06114868829933177,0.45949164445954443,0.04688529919586605
DMPNN,MHFP6,0.9767490575601341,0.046255888523612,0.9767490575601341,0.046255888523612,0.64858323049566,0.06849943088444906,0.31903994699615307,0.03842351183458696,-0.4,0.1464010504986687,0.1768444376742318,0.02683038603432547,0.1834888413542996,0.04802208067537979,0.30126797168394776,0.04146041248681224
DMPNN,MOE,0.8891197030710826,0.05098720010917108,0.8891197030710826,0.05098720010917108,0.7346726508122768,0.049984953390620715,0.4323047333599456,0.023852776550496408,-0.3333333333333332,0.0,-0.029639879842461258,0.05113701145084594,0.31416798675772656,0.033977273493436065,0.42323186715798977,0.024199846770345385
DMPNN,Matrix,0.8285260318628318,0.03905685624094079,0.8285260318628318,0.03905685624094079,0.6863513036202517,0.05280778908617514,0.5308701765909246,0.07180049445827885,-0.05279720279720278,0.2116773164491835,0.26807242340736553,0.18102014492417656,0.4411508497460649,0.06584856794136555,0.5220621264175432,0.06754396314047521
DMPNN,MorganFP,0.9675003901397835,0.015303174634950394,0.9675003901397835,0.015303174634950394,0.6703024418698632,0.06472657040265313,0.3693249814507106,0.02771989612794546,-0.18476190476190482,0.13220993102039746,-0.010875633097816018,0.06071356241168489,0.2608538918701586,0.04307379417233994,0.3553432819113844,0.03196146869182508
DMPNN,Path,0.8309816692010259,0.02993012740521631,0.8309816692010259,0.02993012740521631,0.6759949098700774,0.04944059412042085,0.521003705430885,0.08793988885425796,0.00046620046620049206,0.29624992618792284,0.2952569465341831,0.16830260553746956,0.444854615943633,0.10950410826606706,0.5193614032224236,0.08572909106561842
DMPNN,PharmacoErGFP,0.8372770443127362,0.027443835045758824,0.8372770443127362,0.027443835045758824,0.7053664047463328,0.04671314730357275,0.5497779777530674,0.0286217756105095,0.2123232323232323,0.11685083194759122,0.49828969561257946,0.08729914428885786,0.4427581600034145,0.04456649701465758,0.5401214682174776,0.03164373282874393
DMPNN,PharmacoPFP,0.8979168962992036,0.048205220521597696,0.8979168962992036,0.048205220521597696,0.7146924612603767,0.05666222363534836,0.3047431774907204,0.06396177472992556,-0.5582417582417583,0.017024102620691886,-0.0764798105668245,0.12580477967399886,0.17271280737693778,0.09846794645439132,0.2994891611785603,0.06732799579590001
DMPNN,Property,0.8677345044663027,0.03204668131366421,0.8677345044663027,0.03204668131366421,0.7054131667751506,0.04296963662045578,0.6078867499697707,0.08180947462121158,0.026897546897546903,0.23973383608491913,0.38585490043829107,0.19084990168239707,0.5196810548312067,0.11330034727683022,0.6053661398699045,0.08991012079567202
DMPNN,PubChemFP,0.9299258970086811,0.07036818428003634,0.9299258970086811,0.07036818428003634,0.6636395032278364,0.07330521890196637,0.23270510282686702,0.06949403146347746,-0.3333333333333332,0.0,-0.14986983653051753,0.12240884608939893,0.0011629835835928206,0.10067110052469182,0.20461836892013766,0.07363265489607904
DMPNN,RDkitFP,0.9548171559537197,0.02093162163077495,0.9548171559537197,0.02093162163077495,0.7205916577088582,0.048222407108842784,0.3804466275077572,0.03182354206769078,-0.5714285714285714,0.0,-0.10401483328339341,0.03280396382718095,0.19679283731523686,0.05432299883233908,0.35872355191675726,0.036959556690663815
DMPNN,Topology,0.8581943468552629,0.03708886254343611,0.8581943468552629,0.03708886254343611,0.695725267756312,0.07218601623436094,0.6327774604711769,0.021759719056035604,0.0905594405594406,0.20328024352300808,0.42350156126441785,0.05363276824482025,0.5626427048595085,0.02395187843423173,0.6251450439103892,0.02159294355688818
DMPNN,TorsionFP,0.8606002346036593,0.1287314870667657,0.8606002346036593,0.1287314870667657,0.6403287728995807,0.04824581651178631,0.18142412707737454,0.06897354551800333,-0.27990196078431373,0.1793325777363576,-0.1226333631728747,0.11740755734816724,0.015101608997610644,0.10371589368235641,0.15818465638636234,0.07254060255404843
fcnn,AtomPairFP,0.9062442780493892,0.019868737795747927,0.9062442780493892,0.019868737795747927,0.7190352993100408,0.05012745202819568,0.6156366362874814,0.039529733327764424,0.08181818181818183,0.1579504577626732,0.44679561555809233,0.055742334567133206,0.5565538892753998,0.055489171315739286,0.6126913432639202,0.04154825832068457
fcnn,Autocorr,0.7948367900799724,0.09213207644728533,0.7948367900799724,0.09213207644728533,0.6354757874955759,0.10136238820662631,0.36568436353721456,0.09609441716576861,-0.0014705882352941207,0.1159575375688495,-0.020134467206607942,0.14802505800375415,0.24245636855316338,0.1021431763841882,0.34219833504038244,0.09680907587966495
fcnn,AvalonFP,0.8793845184619112,0.011287237271058721,0.8793845184619112,0.011287237271058721,0.6976564968390304,0.06097114602991196,0.23527704301274177,0.08370163714101685,0.02352941176470588,0.03221897397089212,-0.07854535529517861,0.025300866473056283,0.04176901331453696,0.09482814372151128,0.22122204853235045,0.08456016590375388
fcnn,Charge,0.45188864917573374,0.07213413107824129,0.45188864917573374,0.07213413107824129,0.40662114677732414,0.08377854340717225,0.2054607820170121,0.027145075785395146,-0.4761904761904761,0.1304101327393253,-0.09987539137535824,0.036194503527894814,0.0676450097143536,0.03364167369154638,0.18317907022098714,0.028111451426107503
fcnn,Connectivity,0.4655629697832013,0.08853190657761092,0.4655629697832013,0.08853190657761092,0.4493379583657259,0.11780068823541565,0.35078395021632963,0.034450587539225405,-0.2506410256410256,0.08696476195842312,-0.022193703382641462,0.025276866439431674,0.20762790224761812,0.03394343205924066,0.3453659587673331,0.03672858904783816
fcnn,Constitution,0.6469681784839342,0.009546398448363141,0.6469681784839342,0.009546398448363141,0.5785164281245635,0.06487172879038383,0.30526248264641787,0.02872721293255608,-0.3333333333333332,0.0,-0.0459869214382891,0.018310628683606712,0.16618653000076383,0.021842065891294667,0.29418687868114096,0.02811669862558192
fcnn,Estate,0.6612372595248118,0.05071650647373861,0.6612372595248118,0.05071650647373861,0.5509036500717219,0.06880321094019567,0.3662603505137925,0.014700176047255608,-0.3333333333333332,0.0,-0.07151846987279394,0.04133345703942089,0.21393999463875063,0.009602722256047714,0.35312152236917216,0.016097343373168232
fcnn,EstateFP,0.41700171913358064,0.02335511074888169,0.41700171913358064,0.02335511074888169,0.3894540146375952,0.06461853914989157,0.27221244743764356,0.019219957922016306,0.02205882352941176,0.08220838152572757,-0.0287544380640049,0.014648912824338802,0.12517043422958857,0.03209289774236201,0.25414710877897867,0.02172645442866212
fcnn,Fragment,0.5633765953238448,0.021698292399669982,0.5633765953238448,0.021698292399669982,0.47747960253076877,0.0661239271591023,0.11148506147972162,0.026188061695309968,0.0588235294117647,0.0,-0.008191545975823639,0.04971940600784501,0.01559887881704656,0.04159043059677912,0.10251723580392384,0.028750639603013613
fcnn,InfoContent,0.43799596316388234,0.022473350482948927,0.43799596316388234,0.022473350482948927,0.4121696934473696,0.046839236198908674,0.2998684135664408,0.0381094026131345,-0.125,0.0,-0.04193036935695236,0.02944182913518867,0.1449977287952688,0.04242730378851834,0.28771837518902965,0.03967928777199389
fcnn,Kappa,0.16254727198318353,0.004606912839118853,0.16254727198318353,0.004606912839118853,0.17879189353004413,0.05466934291912197,0.18925921703482318,0.013453993749900013,-0.09313725490196076,0.16271814978872243,-0.004654480270697561,0.026882572839651103,0.05656535043134346,0.012927582883807614,0.18891825788984956,0.011170983833676311
fcnn,MACCSFP,0.6628230255733065,0.008645889474913149,0.6628230255733065,0.008645889474913149,0.5590189904379168,0.1067053184477296,0.3242025605074248,0.03333795500226187,-0.05147058823529412,0.10068429365903789,-0.053968685782731396,0.055770392597925454,0.1942723950038794,0.057875844559544254,0.3022865865589227,0.039113880695226755
fcnn,MAP4,0.903953693962716,0.028734327690253993,0.903953693962716,0.028734327690253993,0.6824412896350637,0.06661301630344821,0.35180820704737953,0.10567184015030025,-0.2333333333333333,0.09128709291752758,0.2017177077093387,0.14041644997746902,0.22428716127162854,0.11684405356766392,0.34133962339198737,0.10500667270616006
fcnn,MHFP6,0.19935559877793735,0.28084342199503864,0.19935559877793735,0.28084342199503864,0.15094646493141448,0.21640257783399416,0.01683217975724746,0.037637898146701224,0.0,0.0,0.008445945945945919,0.01888570926942384,0.00947085650028114,0.021177478939774383,0.016477857878475822,0.03684561033985241
fcnn,MOE,0.7109794477502811,0.012874239449407722,0.7109794477502811,0.012874239449407722,0.633958630792417,0.058287694720881814,0.31529759650837247,0.018510559020575162,-0.3333333333333332,0.0,-0.03585438716082552,0.037834501588805636,0.19097357989527997,0.0245951738797989,0.3086522203672766,0.01905660338186034
fcnn,Matrix,0.358012776159171,0.03248626455659008,0.358012776159171,0.03248626455659008,0.348348898640256,0.02625383477075785,0.18924281877201093,0.010311480426919697,-0.3333333333333332,0.0,-0.05070311926442232,0.009516908116750175,0.030668641131902617,0.015153412751073974,0.18696193670848138,0.011015628199263524
fcnn,MorganFP,0.9225567920989649,0.013389413201520643,0.9225567920989649,0.013389413201520643,0.6928826346777107,0.0679589683081916,0.22350600265414963,0.05333864573631294,-0.13529411764705884,0.023018346827203707,0.008028124784849081,0.015851813846116367,0.11580660111457033,0.047907231699408186,0.21477906072645933,0.055716102775293104
fcnn,Path,0.18806821942641577,0.10634094492957893,0.18806821942641577,0.10634094492957893,0.221389121215089,0.12714700581849378,0.1481888269041188,0.09947100983520582,-0.2583333333333333,0.12289901003127184,-0.03455457049406096,0.02314706013927097,0.05263213001796117,0.041766718284634435,0.14576982453281792,0.09906701681983215
fcnn,PharmacoErGFP,0.6923063303553249,0.00965075831655007,0.6923063303553249,0.00965075831655007,0.6346374162904416,0.04025631320377777,0.4316722351078134,0.08486834365562662,-0.460939060939061,0.11068326963394284,0.09396610034279532,0.19500418496394722,0.27898830677857883,0.11297027269788294,0.42273257343969084,0.08792962138974728
fcnn,PharmacoPFP,0.6804040050156417,0.03371939777453656,0.6804040050156417,0.03371939777453656,0.6359721636831066,0.06242367804027965,0.19767225963724444,0.026836914052302423,-0.5714285714285714,0.0,-0.07450373087002592,0.045666628007726924,0.1055450508493498,0.04079635196048525,0.19160531772553085,0.027959372330006425
fcnn,Property,0.40602997603358515,0.010889401518382802,0.40602997603358515,0.010889401518382802,0.3994531665230654,0.019559669524228666,0.310480117227805,0.011828173894386482,-0.3333333333333332,0.0,-0.2035458386297714,0.024705844993325017,0.14568742241568233,0.013452164022974776,0.29968780460923317,0.01161858247291314
fcnn,PubChemFP,0.7751444179854383,0.01860189824072696,0.7751444179854383,0.01860189824072696,0.6581931286721285,0.09183049692564423,0.1975853948596482,0.03563064672175194,-0.3333333333333332,0.0,-0.21405679596937097,0.07723260584015935,-0.06295730198205156,0.061880745376618695,0.1630913721789176,0.03707715579659913
fcnn,RDkitFP,0.8001021778443065,0.03806942381403448,0.8001021778443065,0.03806942381403448,0.6706933239719746,0.07614246588642822,0.3522836644265914,0.028579068673819888,-0.17156862745098034,0.16564529891277655,-0.02209094133663634,0.02962653120007403,0.19594725602112978,0.011915962714293998,0.33176845387521103,0.02766012765380936
fcnn,Topology,0.22777663922222482,0.08926248083150248,0.22777663922222482,0.08926248083150248,0.24592470525290383,0.10163592288544353,0.17333943590442719,0.01564701419298605,-0.24999999999999992,0.11410886614690953,-0.048594203011954364,0.050611171592813496,0.034893990861931,0.009851876994946057,0.1698567840335529,0.015137450549910843
fcnn,TorsionFP,0.8387520677102307,0.0464971898621249,0.8387520677102307,0.0464971898621249,0.6694726192776462,0.06698169216488656,0.1668575697689404,0.050988738324253435,-0.1764705882352941,0.0,-0.0024651685869708385,0.018845353113955833,0.029309391249748816,0.051629319603157864,0.15590502791195107,0.04850915250421457
log,AtomPairFP,0.9286136464763063,0.0041267131462041605,0.9286136464763063,0.0041267131462041605,0.6868588671726369,0.04363856547078995,0.5503694150903043,0.054168479662519184,0.2857142857142857,0.0798595706249925,0.47602837474083903,0.1095716712289346,0.4680912579121884,0.07923429270377094,0.5342098202818242,0.053434511350460207
log,Autocorr,0.7022393602599577,0.012026614119509558,0.7022393602599577,0.012026614119509558,0.6145199720180916,0.04571037402491249,0.37169207488078804,0.035928374635513044,0.09886779886779884,0.21689330656642178,0.19368829196193876,0.19971711343649717,0.2422965165230782,0.05653340597137651,0.35216291194320926,0.04051763590023072
log,AvalonFP,0.8673689236626527,0.005662776561373064,0.8673689236626527,0.005662776561373064,0.6675641407546354,0.06078598193705486,0.20226939647501352,0.02372302598042925,0.02205882352941176,0.08220838152572756,-0.2635095359865146,0.04401395729678939,-0.052496263882072604,0.01737885285220602,0.1663717825235907,0.022072938787617145
log,Charge,0.4101016237392738,0.014462275585942177,0.4101016237392738,0.014462275585942177,0.431666699610861,0.03410441701876087,0.35190596884579456,0.025315513485299136,-0.3575757575757575,0.05420770854544953,0.3054660275486015,0.05872586543098679,0.2057990072320032,0.03305558117616724,0.3315118480850591,0.022646812739222526
log,Connectivity,0.46641953315648826,0.0060023100842967955,0.46641953315648826,0.0060023100842967955,0.4781009217788631,0.050976418095925256,0.3215318356763749,0.018936512500580895,-0.3999999999999999,0.0,0.040071424939507064,0.018421341922988863,0.10718320911459737,0.02665647149045007,0.28630941627657824,0.01787727555875636
log,Constitution,0.4740669444256122,0.012995864781937323,0.4740669444256122,0.012995864781937323,0.4621660684370054,0.05581437449746896,0.18130167875180356,0.019125334922149004,-0.4285714285714285,0.13041013273932534,-0.40380082043403787,0.13124122745691327,-0.0796755234884989,0.02445808433222376,0.1410702440528226,0.02122401057091335
log,Estate,0.5460486771401202,0.015292634537358662,0.5460486771401202,0.015292634537358662,0.5262880495927836,0.04500700105764216,0.3506754616881286,0.025407574154056242,-0.0799019607843137,0.17994770215098452,-0.005334856263950579,0.04504724032950812,0.190298074723121,0.04141053409161239,0.3358966903164226,0.029991873340482703
log,EstateFP,0.37726256339838554,0.0181051398134065,0.37726256339838554,0.0181051398134065,0.40635025490110765,0.05769620534136332,0.16026070614223561,0.0064536868758351615,-0.16666666666666666,0.09316949906249117,-0.4372706183364795,0.06459520136985952,-0.051673166793922545,0.008373060499180013,0.12458609132292427,0.007183358821426282
log,Fragment,0.39749095706605386,0.008980747412526344,0.39749095706605386,0.008980747412526344,0.37836329420824744,0.08120310475359599,-0.09518639176522928,0.016030918781485978,0.0588235294117647,0.0,-0.6054597986083805,0.011410847598444298,-0.385644965325727,0.00656107789371139,-0.13562532864056612,0.016035737682190597
log,InfoContent,0.38470366622059443,0.009782168904927443,0.38470366622059443,0.009782168904927443,0.3916782251337339,0.04346856112456653,0.230535574029524,0.014157991762465282,-0.5714285714285714,0.0,-0.34808013121960285,0.027262802438366086,-0.02903337494834466,0.02052874950341362,0.19709055004288728,0.015156443956982148
log,Kappa,0.3321147609041881,0.009489584767218008,0.3321147609041881,0.009489584767218008,0.36584963966918277,0.035404224430228406,0.15708598936579451,0.013996209787054717,-0.5714285714285714,0.0,-0.3442594923628986,0.017051872021101377,-0.13722271087352111,0.02587005217412939,0.11871711249009187,0.015908347742970962
log,MACCSFP,0.5386645578991401,0.017644838005357787,0.5386645578991401,0.017644838005357787,0.5052596047757726,0.09446549645377394,0.17852186576114576,0.023973606104716987,-0.3128205128205127,0.04586806107691869,-0.4564082378236253,0.04528068888554811,-0.08318457246751494,0.031942987362591636,0.13318329838575418,0.02553455377075896
log,MAP4,0.9818101919428266,0.003194403637549914,0.9818101919428266,0.003194403637549914,0.6916823367730498,0.03533721264878592,0.483023490391372,0.01897817865132261,-0.12380952380952377,0.1371891456275041,0.42781217812858063,0.0848473751896811,0.3491614538130344,0.025476416374678967,0.4650550717093037,0.021880931170147045
log,MHFP6,1.0,0.0,1.0,0.0,0.6276575341347499,0.03463005171922462,0.3230751182415958,0.077825939547098,-0.3275391275391276,0.14393317773475156,0.09404280322598273,0.17672656949461224,0.1916911522447084,0.09878375960053955,0.30430311038629415,0.08506713761572664
log,MOE,0.5508898861079002,0.011939227388518697,0.5508898861079002,0.011939227388518697,0.5339531934038095,0.06010511315458789,0.4149092577922713,0.030895273242753575,-0.06433566433566432,0.1010241458169574,0.009999477495899916,0.11660817050363849,0.24105074694759976,0.04348176177204554,0.4018173697585986,0.031867359292566996
log,Matrix,0.40068696145886606,0.011608018187916297,0.40068696145886606,0.011608018187916297,0.41214869116717867,0.05528180470768529,0.21928461142283848,0.04114078905307208,-0.5714285714285714,0.0,-0.21330467214687018,0.07426386445300157,-0.03484683273767836,0.06092003484613281,0.18730674152595075,0.04527695840963534
log,MorganFP,0.8784112753536372,0.009623063562935559,0.8784112753536372,0.009623063562935559,0.6600059516110036,0.04424468697443884,0.3916396845047571,0.03587612089397746,-0.40805860805860805,0.1549021840777246,-0.0017201042774965202,0.09073000947760122,0.274149639631535,0.041418157256938044,0.37442114458351305,0.0407640759342548
log,Path,0.37900398594260165,0.012151265363948355,0.37900398594260165,0.012151265363948355,0.42208386396363656,0.04782652575793233,0.14049136063145362,0.035577834813698035,-0.5,0.0,-0.20731894170613044,0.07345940847464032,-0.12550807431297964,0.05215636839922643,0.09666309067939978,0.03899313031444752
log,PharmacoErGFP,0.6086184000446189,0.015713888176755227,0.6086184000446189,0.015713888176755227,0.5431042325238644,0.05418184288997145,0.3898847330184826,0.047013987698345826,-0.3688811188811189,0.11749760559123465,0.204607879068391,0.09566085564042177,0.25101162798699805,0.06102600081215228,0.3725739100389929,0.04781662425629392
log,PharmacoPFP,0.5962106594205646,0.01725607435741779,0.5962106594205646,0.01725607435741779,0.5164666297024035,0.0358463113760244,0.08031527898668106,0.051053257475717415,-0.5714285714285714,0.0,-0.31797582734250524,0.10069144978541081,-0.14463430644969047,0.06016494888678839,0.05063805968268278,0.05124827686651523
log,Property,0.39462000043259227,0.00970189886031148,0.39462000043259227,0.00970189886031148,0.39288995153835515,0.02216092362709226,0.10480877592231659,0.015679428563817495,-0.5714285714285714,0.0,-0.43408172374975323,0.04711014151659332,-0.13705543098982464,0.03255878921173254,0.07942903809658441,0.019361223799221314
log,PubChemFP,0.6592392016854005,0.010613085934584312,0.6592392016854005,0.010613085934584312,0.5793345429302873,0.0658461935578892,0.15316103121046393,0.010304227126763748,-0.5714285714285714,0.0,-0.4584914185744344,0.09219891925723221,-0.16116226208415158,0.015270276700043477,0.09891727120067018,0.011881528566095206
log,RDkitFP,0.9663816860059915,0.0027150220940112195,0.9663816860059915,0.0027150220940112195,0.6883671002814638,0.04304294743189118,0.28383042113866763,0.03938253455591515,-0.4761904761904761,0.1304101327393253,-0.13703567733302568,0.06012773676342513,0.17022911361792567,0.029049617968816437,0.26115575086794796,0.038090332083249384
log,Topology,0.4094694646288512,0.007221508639945932,0.4094694646288512,0.007221508639945932,0.4190533370992412,0.05473261922957079,0.18452970385503736,0.011077639772599504,-0.3333333333333332,0.0,-0.27040236400308687,0.037528828537191375,-0.05687799948896434,0.02246395168653679,0.1516386242130997,0.012005908968050425
log,TorsionFP,0.7557629400315863,0.010412223461591305,0.7557629400315863,0.010412223461591305,0.6513881794708809,0.04744265714228028,0.13997033820342886,0.06592738230070945,-0.5885714285714286,0.01564921592871907,-0.11624250969626895,0.07077194326004176,-0.057096180284183486,0.06717088522031296,0.10727951643897597,0.0681713942632959
rf,AtomPairFP,0.9811086445792021,0.003802805896818745,0.9811086445792021,0.003802805896818745,0.7312140577623716,0.06516153501304524,0.4186459498258571,0.02843615903178073,-0.5714285714285714,0.0,0.08465657512909008,0.057176390275243086,0.26326143652704326,0.03110212854745366,0.4052283390044278,0.02773221918317723
rf,Autocorr,0.9811190855894412,0.003550178333089026,0.9811190855894412,0.003550178333089026,0.6015804028565608,0.06157446857609543,0.4784204169624327,0.039443478972552945,0.2562087912087912,0.09824023710010499,0.3106267995642113,0.06778058346980446,0.4041900836458381,0.04470625332061691,0.4724630721445351,0.038279128888624614
rf,AvalonFP,0.9800697103782927,0.0032539569342499154,0.9800697103782927,0.0032539569342499154,0.6923012656794085,0.05361445930148,0.2013538778141976,0.017964773477856306,0.0,0.0,0.0,0.0,0.03178748642122526,0.027165571714049788,0.1909886646629821,0.022712297965289382
rf,Charge,0.98029518319901,0.002229268699862874,0.98029518319901,0.002229268699862874,0.6315012377200164,0.04572171511166516,0.28407900791517127,0.018707346479100113,-0.4761904761904761,0.13041013273932534,-0.0578010032131742,0.020872247294777005,0.12211392051947226,0.024764558117944466,0.2613293855898371,0.019357691341720322
rf,Connectivity,0.9823626403311894,0.002805074600618411,0.9823626403311894,0.002805074600618411,0.6060068625091202,0.06568033730387957,0.4103152140805097,0.021017106237896696,-0.08823529411764705,0.08220838152572756,-0.00458386778210386,0.014301582089595801,0.29699958212912636,0.010361769725728038,0.40024799958669044,0.019120500465076636
rf,Constitution,0.9231873496623189,0.003237684523943462,0.9231873496623189,0.003237684523943462,0.6334997063549622,0.048290047978225205,0.3623574126987227,0.04815913397348608,-0.4761904761904761,0.1304101327393253,-0.06534278742875596,0.020706961373791223,0.22592806378794544,0.06621125528104121,0.35199646222385716,0.05168119294323085
rf,Estate,0.9534884500325976,0.003999473943391837,0.9534884500325976,0.003999473943391837,0.6751504403058564,0.04313579914465713,0.26126412706731383,0.0475939640616772,-0.125,0.0,-0.0241331832593398,0.019066329356580817,0.11162642680098127,0.040544231183973704,0.24901877965723127,0.04454932146941299
rf,EstateFP,0.6044364393622276,0.013158797673715075,0.6044364393622276,0.013158797673715075,0.46925646701126666,0.0803183685463722,0.12155093457973407,0.06495041803265181,-0.13529411764705884,0.023018346827203714,-0.29568836041634905,0.06598013524950382,-0.09605259318042025,0.09973823369818932,0.07810885735880438,0.0701412196066474
rf,Fragment,0.8561288779299101,0.01086190497143211,0.8561288779299101,0.01086190497143211,0.5704697038788197,0.06602953464822511,0.14831521601755338,0.03613116331403426,-0.08823529411764705,0.08220838152572756,-0.14288731070234326,0.05177457486877278,-0.08142576393275458,0.03584971196977973,0.12162776488971745,0.036661534857251044
rf,InfoContent,0.970788275824907,0.0025850833569024865,0.970788275824907,0.0025850833569024865,0.5041772835539781,0.029773175544628085,0.415493501754018,0.026987353303794325,-0.05961538461538464,0.09357108173617583,0.049351856002042414,0.047404587528697646,0.35989379995095694,0.03264695513461029,0.41447854037156784,0.02475713054760445
rf,Kappa,0.9264900934736392,0.0058689293124353815,0.9264900934736392,0.0058689293124353815,0.49788494631629143,0.060655912457789014,0.1899300107359223,0.035270134660812594,-0.555,0.10062305898749059,-0.10651407664452676,0.020738063823454594,0.059643372945144844,0.03463173758093162,0.17409334699449378,0.03380219255665344
rf,MACCSFP,0.9497768561749085,0.00503720882814117,0.9497768561749085,0.00503720882814117,0.6522977209699178,0.053471823831746305,0.39325691000182267,0.05608902564074919,0.01176470588235294,0.026306682088232818,-0.0067455672232743,0.009467875192215392,0.30938627706402183,0.046485821752568116,0.3827498654442585,0.054218085702031044
rf,MAP4,0.9832330537831396,0.0027671117397226916,0.9832330537831396,0.0027671117397226916,0.6338102536240203,0.07502861480187947,0.2504449217456275,0.027818660571569707,-0.3809523809523808,0.10647942749999004,-0.04985036470543436,0.014620000063497564,0.11204255347826146,0.04014628634074349,0.23769523244978089,0.030033483952766334
rf,MHFP6,1.0,0.0,1.0,0.0,0.4258652232016411,0.06153863899543208,0.014652622840242721,0.008191065179862192,0.0,0.0,0.0,0.0,0.0,0.0,0.01445270988310296,0.008079310439425315
rf,MOE,0.9823626403311894,0.002805074600618411,0.9823626403311894,0.002805074600618411,0.6725342796351641,0.06126704168229419,0.37924780379742495,0.019146745889035772,-0.16666666666666666,0.09316949906249118,-0.026509734992017482,0.0166297268116083,0.27780495668487515,0.01824108528640365,0.36837502252109877,0.019760693069974102
rf,Matrix,0.9681472099053329,0.0046802712300441475,0.9681472099053329,0.0046802712300441475,0.5372241839523579,0.05228830975138158,0.28657529221362255,0.06604138519713558,-0.3116300366300366,0.055154135164734754,-0.08308158852122963,0.05377717586670193,0.1375341369073362,0.08754241740501918,0.27437825215943745,0.07131847618822988
rf,MorganFP,0.9821573090289807,0.0026764303205633858,0.9821573090289807,0.0026764303205633858,0.6931929797239277,0.07117906153515219,0.44836527574602514,0.03208274268690538,-0.5238095238095237,0.10647942749999004,-0.0074767914752340405,0.04120832038786947,0.3396464136239971,0.0334675302812046,0.43927368506427233,0.03055026628789943
rf,Path,0.9656178664003263,0.003897979315284854,0.9656178664003263,0.003897979315284854,0.5255587747109207,0.044288780013100854,0.31004049142047646,0.03652392785102231,-0.33529411764705885,0.08878505204778578,-0.05773522367390486,0.014431505616615244,0.22713726459437628,0.038251166918833845,0.2972469227071433,0.03601947553649739
rf,PharmacoErGFP,0.7822325711547368,0.007061349455109146,0.7822325711547368,0.007061349455109146,0.6268918465200481,0.03714558134610235,0.398443234809036,0.09032702989509006,-0.30539682539682533,0.2523699708103019,0.0845971454739975,0.22666001624494814,0.24572398728038128,0.11943124746080641,0.38500248585266234,0.09452622075359784
rf,PharmacoPFP,0.8440709648026428,0.01480793683526354,0.8440709648026428,0.01480793683526354,0.6002601857015729,0.03472032651919701,0.2585485165773481,0.02734353538705914,-0.5714285714285714,0.0,-0.126688728502026,0.020176263606027357,0.13384459544254718,0.044110111504748896,0.24332210214712569,0.02749493057292027
rf,Property,0.9629222644856968,0.003457813057294781,0.9629222644856968,0.003457813057294781,0.5636357309002855,0.07306096895883299,0.37424973987155,0.03620322491117707,-0.3333333333333332,0.0,-0.024143245458942104,0.057659339974045445,0.2166228265202818,0.04997473164198597,0.3595962059586399,0.04006126188364747
rf,PubChemFP,0.957876289315007,0.00392701893991198,0.957876289315007,0.00392701893991198,0.649592449270424,0.06791157954892806,0.3130776292625226,0.058787041863254674,-0.2186274509803921,0.10679920309091029,-0.028100604978776623,0.016306524144066654,0.15781988459010501,0.07684443193808718,0.2999964436848597,0.0598291066222326
rf,RDkitFP,0.9823626403311894,0.002805074600618411,0.9823626403311894,0.002805074600618411,0.6844382286331501,0.06988538285430342,0.29764020301805494,0.01968232079424557,-0.05147058823529412,0.10068429365903789,0.00181199416552208,0.017515789317018263,0.12520342797972456,0.02007415721575169,0.28429917794984394,0.01619182940730568
rf,Topology,0.9633115526422952,0.0030414356179877477,0.9633115526422952,0.0030414356179877477,0.556862372086923,0.04966651394162961,0.28804394030937513,0.035955393186208974,-0.5238095238095237,0.10647942749999001,-0.10492506067893674,0.0314593957098275,0.13432948392610033,0.034909260978842824,0.27271697523357835,0.036871190441115594
rf,TorsionFP,0.9767858421197888,0.0034239701139613596,0.9767858421197888,0.0034239701139613596,0.6979610643094033,0.05871744066971264,0.2680608581869958,0.049624847708670004,-0.51,0.12323757543866241,0.0012269962486560404,0.0336727631613876,0.13771178379640464,0.0564240492422093,0.2559692719648233,0.04917042348893877
svm,AtomPairFP,0.9707539845469807,0.0053263519840722725,0.9707539845469807,0.0053263519840722725,0.6234135148146355,0.035938759607056656,0.5102701089625593,0.03575593117761696,0.07142857142857147,0.3316240187259034,0.4561160111774428,0.1354413878572986,0.4098441051787046,0.05045970664568543,0.5017804081428066,0.04072373820061667
svm,Autocorr,0.766245751097412,0.016337220228315474,0.766245751097412,0.016337220228315474,0.6514160399843354,0.08016002912871238,0.3590678922105225,0.07144877323655366,-0.17367485455720755,0.14559376366914928,0.020515770737908896,0.0642276848784332,0.25883640412210657,0.08622066831603725,0.3510059348167299,0.07329863153601747
svm,AvalonFP,0.9116112830444749,0.006991441462330082,0.9116112830444749,0.006991441462330082,0.6612739294237064,0.030392662321176225,0.17826382774407298,0.09113288979930728,0.06029411764705882,0.04424002634262154,-0.22261723284758292,0.06877885449420768,-0.03021616185899244,0.09239898695762983,0.14915137826569264,0.09141521954821778
svm,Charge,0.3600861704594127,0.03652001335938078,0.3600861704594127,0.03652001335938078,0.3545442834849782,0.058438479217088085,0.16615938415458598,0.029421638412292263,-0.2916666666666666,0.09316949906249117,-0.09516150863792502,0.055395395097930726,0.04231428085341518,0.028382893711396243,0.14425168422290643,0.031140019446327074
svm,Connectivity,0.4394608760241271,0.024320439265377563,0.4394608760241271,0.024320439265377563,0.393327289885345,0.06569070950090572,0.3282331859772086,0.07318882588988695,-0.0027972027972028,0.0594611235509966,0.1086640702928791,0.10767271453164702,0.2031014499415738,0.08701652703330923,0.3122964912734376,0.07529237353016523
svm,Constitution,0.4921186402121035,0.019025212419083958,0.4921186402121035,0.019025212419083958,0.47972840725175797,0.04646379762286418,0.1702940330123372,0.029772411204655173,-0.125,0.0,-0.0882083401417393,0.042381975558516624,0.0031614117870107177,0.04600936385132591,0.14673947619372713,0.03213808367474625
svm,Estate,0.5584244255632005,0.010065355852765582,0.5584244255632005,0.010065355852765582,0.5250267723759401,0.06392569415808848,0.34527406137496064,0.014008438264730267,-0.014705882352941185,0.10068429365903789,0.01865574186257074,0.032924221070211576,0.1950939616021142,0.020700013917644113,0.3296871686225018,0.014663229556472868
svm,EstateFP,0.13638724721458412,0.045264491769535564,0.13638724721458412,0.045264491769535564,0.1089828347321347,0.031137712116781176,0.048167045688136664,0.00778455818471531,0.02352941176470588,0.03221897397089212,0.00839983200335996,0.01150194366873515,0.022790225428448,0.008422738477133696,0.045936084267594324,0.007712282609866329
svm,Fragment,0.2311781839173567,0.012469446756677553,0.2311781839173567,0.012469446756677553,0.21153440940437931,0.07491586021972615,0.06582681189520788,0.03250693468595715,0.0588235294117647,0.0,0.016629303513086197,0.035149446519229285,0.01962174865133498,0.04037783030133182,0.06543134660267298,0.03368307388882907
svm,InfoContent,0.30885158279835745,0.04147082502713257,0.30885158279835745,0.04147082502713257,0.30525112865739945,0.051803229170209374,0.24085656543121123,0.03737472086375987,-0.5238095238095237,0.10647942749999002,-0.056838629535751695,0.01184116378535393,0.1293445946320551,0.006294008075283814,0.23019628774361536,0.037232119473175326
svm,Kappa,0.0,0.0,0.0,0.0,0.0,0.0,0.0,0.0,0.0,0.0,0.0,0.0,0.0,0.0,0.0,0.0
svm,MACCSFP,0.5715547411150557,0.011703223241461204,0.5715547411150557,0.011703223241461204,0.5276002808246986,0.05203687361181546,0.21812047080037958,0.018511474089754856,-0.08823529411764705,0.08220838152572756,-0.21669255822911504,0.05303616584272983,0.03036018225262358,0.029584924011383826,0.17739923057729423,0.020962479008995234
svm,MAP4,0.9829959981083132,0.002871090591781764,0.9829959981083132,0.002871090591781764,0.6526211883693425,0.05782166990626647,0.43909796512087584,0.03895976095124538,-0.0952380952380952,0.14677176197545178,0.4060490552381192,0.0791395050485841,0.324758532518893,0.03377754046486973,0.4303368787313899,0.03940307838761414
svm,MHFP6,1.0,0.0,1.0,0.0,0.5809798593351415,0.06698149173855338,0.24411088009858678,0.04128789523023957,-0.20893772893772894,0.08301436358675673,0.0961593219196364,0.07543219078011913,0.13494207763069868,0.05399360255571183,0.22560826634770717,0.04854927131588428
svm,MOE,0.5523489104869341,0.015655416541459046,0.5523489104869341,0.015655416541459046,0.5152677539140308,0.05610617611398426,0.4284892233244821,0.04130174912138743,-0.2717948717948718,0.056176672564632324,0.1477765538214269,0.05582140818364177,0.3177095324872144,0.04444537307708586,0.42573827019695515,0.04186418417855451
svm,Matrix,0.4242310282484265,0.00906201017128364,0.4242310282484265,0.00906201017128364,0.4508282852236505,0.04353501990793387,0.21233643918704764,0.01915738584665597,-0.3333333333333332,0.0,-0.01793434360286278,0.009545553913743933,0.0602507786508251,0.01967238947738879,0.2082737338505542,0.019173842860322574
svm,MorganFP,0.9274545746939223,0.004614446627140989,0.9274545746939223,0.004614446627140989,0.6529501200437695,0.03998967515760852,0.3159428856482488,0.037526763568951564,-0.5428571428571429,0.03912303982179756,-0.009712569482478497,0.06440990774921336,0.2207096892419024,0.04482058539539191,0.30953609468432997,0.03612267221424159
svm,Path,0.08572908466879746,0.0935040716289526,0.08572908466879746,0.0935040716289526,0.11441303782720005,0.14098961401844054,0.08915437751543756,0.08499926726923429,0.03529411764705882,0.03221897397089212,0.01044991600167994,0.021206621467729583,0.024736831570313762,0.02462806961479286,0.08772974083215539,0.08351299010614917
svm,PharmacoErGFP,0.6423557302629456,0.020190279352185935,0.6423557302629456,0.020190279352185935,0.5604652840411994,0.07725406558149325,0.31579029730629693,0.007673738994266905,-0.3392857142857142,0.1580466434208542,-0.058143572908887074,0.040007809817978766,0.13518422798331206,0.00842773656809319,0.29892000890088316,0.009147514165145462
svm,PharmacoPFP,0.6268881024798343,0.0097591889852396,0.6268881024798343,0.0097591889852396,0.5906416379889157,0.07314856237921871,0.14113736445718458,0.056167808298493424,-0.5238095238095237,0.10647942749999002,-0.11247976516482856,0.0395008627790192,0.031384235735069224,0.07057020955440924,0.12965112194093026,0.05531276998735812
svm,Property,0.2356934894553025,0.02742360648286465,0.2356934894553025,0.02742360648286465,0.25867283182966283,0.05758953939048489,0.2657737674261329,0.0206257151213215,-0.3809523809523808,0.10647942749999004,-0.04985036470543436,0.014620000063497564,0.11242705668205617,0.024612720397082833,0.2597835499605795,0.02062187728204885
svm,PubChemFP,0.728377319120392,0.010769490276956561,0.728377319120392,0.010769490276956561,0.6439647211614694,0.06532925435746083,0.22977989740358645,0.039875126430817365,-0.5714285714285714,0.0,-0.25154844939240356,0.044779010830379384,-0.02014119639172588,0.051509658450822234,0.19707154357258516,0.04236351219613738
svm,RDkitFP,0.9801980595791662,0.0023848556107555364,0.9801980595791662,0.0023848556107555364,0.6303930562248095,0.06487403342913364,0.23524695172398785,0.05328564778364121,-0.3809523809523808,0.10647942749999004,-0.14762711213977564,0.10719060619966916,0.11791734923626358,0.08292135220588152,0.21496954314706035,0.04868725752145911
svm,Topology,0.3471151038325157,0.024775533779382648,0.3471151038325157,0.024775533779382648,0.3311125478588523,0.07588124178297048,0.18689065259186313,0.02546834810557071,-0.34166666666666656,0.018633899812498307,-0.04562859334120214,0.019283899909280793,0.051228108299645136,0.012197933982058267,0.18348803936694644,0.025498167695194012
svm,TorsionFP,0.7955230683940424,0.011792116112645391,0.7955230683940424,0.011792116112645391,0.6461941920502203,0.05787802536368437,0.1052866187168426,0.06589513752716425,-0.56,0.05477225575051667,-0.10838327094115882,0.08865674806774891,-0.029796486022052603,0.06865230513174402,0.0851396715914975,0.07032182386737677
xgb,AtomPairFP,0.9753267734843825,0.003482336017513748,0.9753267734843825,0.003482336017513748,0.7308160424157591,0.03840260813611374,0.5785747698823847,0.062214856996998,-0.3581818181818181,0.15555817917241777,0.2113734571553076,0.0813376932374394,0.4866323787179013,0.09010960217453656,0.5726967955817592,0.06566236521269414
xgb,Autocorr,0.9817810481400061,0.003011241636877667,0.9817810481400061,0.003011241636877667,0.6860401618241312,0.05404233229042137,0.48396427417462523,0.0756660750621707,-0.4014652014652015,0.1881702130767454,0.03515457188782033,0.13499475923571239,0.33729297260677105,0.10099238868411427,0.47346481600770335,0.0793362330432587
xgb,AvalonFP,0.9638432065663581,0.004479454272945065,0.9638432065663581,0.004479454272945065,0.7184099517353306,0.047829719968637795,0.3196403177613516,0.05431944967768117,-0.24999999999999992,0.11410886614690952,-0.07536083902636811,0.07584014190497418,0.12751293624425702,0.04500586439969035,0.30566536960383284,0.053236592911215075
xgb,Charge,0.9770554629251661,0.003965871619146846,0.9770554629251661,0.003965871619146846,0.6507129805292535,0.045051824064285526,0.3366841801735337,0.020520893729097767,-0.49010989010989015,0.14590990134900828,-0.07287037794457865,0.03550062350856041,0.14375308269584716,0.020105698641203554,0.308158372505944,0.021828618684500097
xgb,Connectivity,0.9823795674865338,0.0025828921175043438,0.9823795674865338,0.0025828921175043438,0.6152613630454422,0.058941468899868496,0.34543027263653714,0.049341748252251634,-0.37326007326007327,0.1561531200817628,0.014884561388969661,0.08914484088263187,0.18673952500079607,0.07164872729090689,0.33085520682835673,0.050551777337372435
xgb,Constitution,0.9138977812917956,0.005534525619725875,0.9138977812917956,0.005534525619725875,0.6332288064156855,0.03156478607827611,0.34508546312214805,0.026830965416950108,-0.39633699633699637,0.13118974875264894,-0.03580076593173766,0.029670011028687295,0.21349177918872178,0.027864346730457228,0.33791279959635184,0.02489417297787362
xgb,Estate,0.9174849977635737,0.007775996248737092,0.9174849977635737,0.007775996248737092,0.6555638231790852,0.03115994852362943,0.3819295972204476,0.017744223707587888,-0.21323529411764697,0.1768276616218407,-0.088284724946596,0.06012320467879827,0.23026953095027597,0.02961143833042429,0.3680419708166084,0.019509058965587855
xgb,EstateFP,0.5712649029593491,0.010787283547010158,0.5712649029593491,0.010787283547010158,0.5103174914994378,0.05168093413996376,0.31958916848531554,0.03222340559499306,-0.14019607843137252,0.14025733955661707,-0.07315629798233167,0.06649186742752747,0.1609456773686107,0.047695578707357716,0.3034199406531613,0.03370088790441494
xgb,Fragment,0.7424257713953978,0.01627890415248363,0.7424257713953978,0.01627890415248363,0.5638848838605893,0.08030685472951692,0.2710554331147551,0.014868451782318489,-0.16666666666666666,0.09316949906249117,-0.16493290096500296,0.061913439236838924,0.09524439682158861,0.024895851979267136,0.25743513007654567,0.017463807546063977
xgb,InfoContent,0.9713204012097328,0.0025783081080956037,0.9713204012097328,0.0025783081080956037,0.5596710696016395,0.053961305481969576,0.34967432685862887,0.02390579464747202,-0.258974358974359,0.1818525459127912,-0.1080115735515125,0.06701741973891207,0.23394297339572426,0.03851067265784588,0.34660396695693957,0.025457043174807313
xgb,Kappa,0.9043512749939658,0.0053827198593644566,0.9043512749939658,0.0053827198593644566,0.4685268447621456,0.034690772286809245,0.14959906915989665,0.052906980766566636,-0.5648351648351648,0.014743305346152407,-0.13756691398464635,0.050264629973651005,-0.037315780524182295,0.06030417621554373,0.12083325213823917,0.05186824878148266
xgb,MACCSFP,0.8937024270521178,0.0038542956088463568,0.8937024270521178,0.0038542956088463568,0.6715064588792217,0.03697279909122033,0.40818277630404065,0.03199257640181123,-0.2512820512820513,0.04586806107691869,0.09481944172636492,0.08463764989086595,0.3390501478489427,0.03512901199188396,0.40508242642794057,0.03453265047103673
xgb,MAP4,0.9830199053832862,0.0028429321330111154,0.9830199053832862,0.0028429321330111154,0.7000065469897888,0.06520905232806526,0.4686917961109881,0.04450564081769269,-0.3893939393939394,0.09395161210865154,0.1844707416396178,0.08207859744213475,0.33518838042996235,0.0523118285732973,0.4568960638059415,0.04364545193717391
xgb,MHFP6,1.0,0.0,1.0,0.0,0.6793730983719636,0.05747271716719707,0.301055119212781,0.056438298925742966,-0.0838235294117647,0.10751398074373081,0.14329626604914752,0.09784946760236947,0.17371013213596515,0.08376644427090953,0.28478723123969496,0.057945853028529566
xgb,MOE,0.9817393718662075,0.0028143399386379177,0.9817393718662075,0.0028143399386379177,0.6999046558777391,0.0559411682031437,0.437615532439014,0.04529390895164992,-0.26547619047619053,0.09557233017345855,0.08054189049733484,0.09668850814238444,0.3192523958319502,0.062201884237373564,0.42906336572522863,0.04446544734211824
xgb,Matrix,0.9677402095347002,0.004865831147514819,0.9677402095347002,0.004865831147514819,0.5858792983035688,0.03347782644056263,0.345518105191041,0.1102767687109673,-0.2836580086580086,0.1122887001374465,0.005874630229292266,0.176260664464679,0.20556266856202066,0.13927806235211695,0.3301587958741825,0.11388068776070655
xgb,MorganFP,0.9283855076356533,0.0005180732176280496,0.9283855076356533,0.0005180732176280496,0.6939106245579538,0.051481521704670664,0.5088730462252044,0.04940462046751765,-0.07666666666666663,0.051841103383319306,0.15722793189770642,0.12821708527115508,0.40325058469665354,0.06895599529422124,0.49972957746740276,0.05311629896155296
xgb,Path,0.9326658827556263,0.005239354954168712,0.9326658827556263,0.005239354954168712,0.5301141791223223,0.02312827572045689,0.1916671981684322,0.052603802539544824,-0.10439668174962294,0.11820488017424552,-0.047560569120940775,0.05546257325198645,0.06664721713340245,0.07133509025192199,0.1646391353287093,0.05188502452953906
xgb,PharmacoErGFP,0.7973394797552006,0.005292586781481773,0.7973394797552006,0.005292586781481773,0.6829768855772761,0.04128956200091213,0.36467665547551803,0.0440999901632346,-0.1088095238095238,0.10833856606933283,0.0607255418388967,0.11900294691906473,0.2057060961591708,0.0491016544471911,0.3512473848885628,0.04434616126980132
xgb,PharmacoPFP,0.8560778856601029,0.00911847017067298,0.8560778856601029,0.00911847017067298,0.643685733086395,0.06519607565916893,0.2915212458986734,0.08389194408844383,-0.5230769230769232,0.02106625221173719,0.0009150625586410999,0.15912605924217324,0.18440625002727615,0.09990133273917286,0.28503119242802344,0.09206287912076389
xgb,Property,0.9573819939783939,0.0028330997525497768,0.9573819939783939,0.0028330997525497768,0.5638176366297312,0.038370928409216604,0.3349977517504314,0.02597323896181724,-0.2711538461538461,0.09299291610525692,-0.15493276944906684,0.08723545659660706,0.17127097519356796,0.04649792087932502,0.32256674364391286,0.030812671138018846
xgb,PubChemFP,0.9134375530182506,0.007630409609184849,0.9134375530182506,0.007630409609184849,0.6897141863756087,0.05745075494505938,0.4028390652454602,0.035046985306119924,-0.3333333333333332,0.0,-0.036134308735021374,0.052589064411894024,0.2447654297966359,0.05549781103586873,0.39029533680624307,0.03899417571208049
xgb,RDkitFP,0.9800181933907709,0.002348061545689796,0.9800181933907709,0.002348061545689796,0.7245643818514929,0.04263056352832792,0.35823959996015964,0.020342546235797693,-0.5238095238095237,0.10647942749999004,-0.08145816323579473,0.01481336521355841,0.1783992053908876,0.030105025220538095,0.3416361642278877,0.026210605558625318
xgb,Topology,0.9214609725214084,0.004859344085584187,0.9214609725214084,0.004859344085584187,0.5720793736601062,0.0201616067145789,0.36985407176411866,0.05526450460125912,-0.27818181818181814,0.21871147830829926,0.13303052971495033,0.12166710294334279,0.2098548949675038,0.06162708852790155,0.3480951010911571,0.05554181514925218
xgb,TorsionFP,0.8972705598785614,0.0033261324519137984,0.8972705598785614,0.0033261324519137984,0.7050305654717557,0.0689307091219265,0.4209308422162004,0.0587915381357752,-0.4303113553113553,0.16510216978856243,0.059406694274314886,0.12985672283876276,0.28786956938752184,0.07792510874623748,0.40645521132813195,0.05980003376891862
