model,feat,train_f1,train_f1_std,val_f1,val_f1_std,test_f1,test_f1_std,ext_f1,ext_f1_std,rmSim_0.6,rmSim_0.6_std,rmSim_0.7,rmSim_0.7_std,rmSim_0.8,rmSim_0.8_std,rmSim_0.9,rmSim_0.9_std
DMPNN,,0.9674523147329991,0.004408766155199461,0.9674523147329991,0.004408766155199461,0.9351596364969097,0.01332819068716543,0.9129552644970517,0.005653932514468274,0.4651348651348651,0.047830139742031375,0.5934026705111043,0.015971604810627503,0.8320559590364244,0.010140910801451391,0.8968747379963261,0.00674027227202461
DMPNN,AtomPairFP,0.9931101414249373,0.002015531781639025,0.9931101414249373,0.002015531781639025,0.9376710443174241,0.0073631145979230605,0.9171969909898732,0.015231107970861564,0.0,0.0,0.6871415023032273,0.10318752951255925,0.8351424896118272,0.034031688277093,0.9040047555199194,0.018243407045585837
DMPNN,Autocorr,0.9844536936685678,0.008098129236567086,0.9844536936685678,0.008098129236567086,0.930842020289776,0.01492339860206901,0.8809393942019093,0.013992797900096695,0.40512820512820513,0.07332516440864006,0.5213600612725521,0.05516509998186077,0.7742971017099354,0.025911277937190846,0.8591800344719843,0.015765174493217876
DMPNN,AvalonFP,0.9864055942443777,0.010469696413462303,0.9864055942443777,0.010469696413462303,0.9359414970647186,0.00976178763674256,0.8773021063198861,0.014884564685321582,0.275091575091575,0.05784505365627313,0.48434860603666763,0.02349155397112353,0.7423857955871984,0.04081537889220808,0.8557158791287751,0.01850451194562718
DMPNN,Charge,0.9736484919751154,0.006318223438998791,0.9736484919751154,0.006318223438998791,0.9346548426306057,0.010472683025977455,0.9114288850360863,0.012064612100149676,0.2793162393162393,0.05998460312778292,0.5923097941597548,0.019881904435203292,0.8118494785221253,0.03473507548047855,0.8945694136468421,0.015270431310545418
DMPNN,Connectivity,0.9687567179774442,0.005614907013407661,0.9687567179774442,0.005614907013407661,0.9338481630038741,0.01455174431406407,0.926431855676612,0.006528612881407568,0.24349206349206348,0.16626086483916386,0.6165874228773714,0.051883289748203235,0.8578455149744035,0.014509340011421474,0.9136366244739467,0.00807493737445296
DMPNN,Constitution,0.9749068065636962,0.013314847144589031,0.9749068065636962,0.013314847144589031,0.9343186755489213,0.008973016918353076,0.9072206965557459,0.01446272982827601,0.2445687645687645,0.09912793080412557,0.5338838796647016,0.05549516333874975,0.8059075324223285,0.03255945240440645,0.8901542991248202,0.01756378716019061
DMPNN,Estate,0.9800604886494468,0.005829162527021586,0.9800604886494468,0.005829162527021586,0.9358177559186801,0.010787556728302509,0.9040093928410566,0.011189512658075263,0.22606060606060602,0.07377472417812493,0.5822902163941504,0.03510964639701791,0.7950611392260631,0.03564937098251749,0.8864364886080569,0.01436632891410869
DMPNN,EstateFP,0.97189794182969,0.010609111491312877,0.97189794182969,0.010609111491312877,0.9388962406142781,0.011396569667001127,0.8983335474164938,0.009934085959249087,0.24432234432234426,0.07297053079833944,0.5678854988091936,0.008276126736045804,0.800157127298311,0.03004417884276554,0.8792648575150446,0.012973755911529265
DMPNN,Fragment,0.9723512147599779,0.004105447321345942,0.9723512147599779,0.004105447321345942,0.9342084146049776,0.01038234115384254,0.8995438935190581,0.005621508327878893,0.41098901098901097,0.05608105262711984,0.5872571278863162,0.028538088858411807,0.8073510740362033,0.011545830312206566,0.8819636933288931,0.007262277805098368
DMPNN,InfoContent,0.9740107314454989,0.0034743261028906177,0.9740107314454989,0.0034743261028906177,0.9341440832072184,0.008454565474511452,0.9305453693594089,0.011922556557895208,0.45,0.28631330503833613,0.6841479280680732,0.0975068971053379,0.8658748155378232,0.02847861350838275,0.9186443360132749,0.014484441870033398
DMPNN,Kappa,0.9688264671761653,0.006411830920827683,0.9688264671761653,0.006411830920827683,0.9349447524278356,0.013939940036798255,0.9287813631436824,0.006751119495996254,0.30142857142857143,0.053958916092248746,0.6777000900471424,0.027858364395068724,0.8578389021438149,0.010978458808416492,0.9153923939580594,0.007667610612716479
DMPNN,MACCSFP,0.9807100117902735,0.010332924474255652,0.9807100117902735,0.010332924474255652,0.9344394881868684,0.015160921790693636,0.8903942908117752,0.01770017048995716,0.103030303030303,0.08886592908251623,0.48314488165234437,0.06665246029621519,0.7694589891229002,0.034869609471023535,0.8691244107580591,0.02126870312010209
DMPNN,MAP4,0.9964431702849261,0.002556696885402564,0.9964431702849261,0.002556696885402564,0.939743363290838,0.010125701201621018,0.8926973004149522,0.009297372069294475,0.0,0.0,0.6093729998814744,0.04520514586380073,0.770894352720783,0.021459443384179173,0.8732020512667737,0.011315327870003344
DMPNN,MHFP6,0.9949158165713798,0.010116122152089834,0.9949158165713798,0.010116122152089834,0.9258712268910253,0.013609612398476752,0.8946030959820319,0.009478519999096819,0.08,0.10327955589886445,0.6039426074733811,0.01098166829651092,0.7968160581190428,0.020165773809279506,0.8755471427285102,0.011934143372615275
DMPNN,MOE,0.9766746346117848,0.01028733553968666,0.9766746346117848,0.01028733553968666,0.9436138318185145,0.010555541599794998,0.9116594878658131,0.003531930421910485,0.1666666666666666,0.0,0.5277714403682742,0.01881056554215637,0.8255921231393689,0.008617156589508516,0.8963709214679543,0.0034728688767009445
DMPNN,Matrix,0.9646311064113053,0.006696924867261935,0.9646311064113053,0.006696924867261935,0.9329303199866018,0.009233139293108221,0.9208870845035719,0.005649947699441562,0.2877777777777778,0.10064265377350398,0.6340145343490686,0.07269991589113385,0.8435339028279583,0.014246491669603824,0.9064571590692753,0.006523646439859558
DMPNN,MorganFP,0.9929412630263699,0.003326651967728886,0.9929412630263699,0.003326651967728886,0.931124360594351,0.009456672595398202,0.8976316974449061,0.007408780588166657,0.24848484848484845,0.08665701248293824,0.52173853621527,0.023121108114068166,0.8076413693362369,0.015035674472481116,0.8805486970607073,0.008940895032062425
DMPNN,Path,0.9656498312290877,0.005066476072947763,0.9656498312290877,0.005066476072947763,0.932609401301313,0.009723781638558712,0.926604545907009,0.010660156921152983,0.3433333333333333,0.18311434732846815,0.6580291213199809,0.06571570033086968,0.8603171735786275,0.021925577012825673,0.9147704064350357,0.012262486738870563
DMPNN,PharmacoErGFP,0.9654823692129492,0.005466357410542152,0.9654823692129492,0.005466357410542152,0.9362306473135155,0.010456279487948701,0.9017829850300204,0.006118582030789699,0.43650793650793657,0.09841838750126075,0.7309069283377937,0.036731752248717615,0.8001358902361206,0.017429318747527945,0.8843423280136442,0.008077997730063863
DMPNN,PharmacoPFP,0.9784980735375217,0.009876000708131464,0.9784980735375217,0.009876000708131464,0.938104760992885,0.013973861965423173,0.894758811875166,0.015593226940342606,0.0,0.0,0.4989584871569913,0.06299854829525903,0.7944579131026127,0.03573114749173768,0.8777187612791527,0.017995600106860656
DMPNN,Property,0.9720068128616137,0.00649377452059045,0.9720068128616137,0.00649377452059045,0.9353771421764302,0.007969161929963596,0.9323455597821619,0.015280069052669312,0.32445887445887445,0.14020970134552407,0.6827223230490018,0.07361621738071296,0.8643971870891543,0.034737453515259496,0.9214670167216201,0.018647702273326565
DMPNN,PubChemFP,0.9848382375193175,0.01528193628305957,0.9848382375193175,0.01528193628305957,0.926589126138721,0.015194476897440268,0.8459378529397006,0.025439834769392055,0.1666666666666666,0.0,0.458214336570501,0.05937031126012854,0.6675220387590027,0.06587312403351532,0.8150322881608514,0.03223127512735103
DMPNN,RDkitFP,0.9901038790461337,0.004533135420121803,0.9901038790461337,0.004533135420121803,0.9375802076613688,0.009667398692106428,0.8918450081682264,0.010489845124338858,0.0,0.0,0.502347184582957,0.016838679660350533,0.7728096017229972,0.027105042570560556,0.8726879461653976,0.013176177432958493
DMPNN,Topology,0.9698678793354153,0.00740327400380868,0.9698678793354153,0.00740327400380868,0.9330972823297964,0.015218680050400918,0.9369080670325752,0.0017069737253066985,0.3571428571428571,0.14053671012736862,0.7007339021132124,0.02305238763090429,0.8778645993960564,0.007604413831878355,0.9256726240199766,0.0021179122513179643
DMPNN,TorsionFP,0.9725709134714003,0.02343690564044215,0.9725709134714003,0.02343690564044215,0.9244227895310226,0.00840291958510899,0.8755022030386235,0.021108503936133356,0.21135531135531133,0.11460252676562217,0.4888841628375557,0.07008017438980717,0.7616664652485122,0.04242382355699939,0.8525274677296828,0.0255748796323692
fcnn,AtomPairFP,0.9801677911218165,0.003983060760209952,0.9801677911218165,0.003983060760209952,0.940828533783123,0.008622674266048059,0.931055637491642,0.0078060225694394835,0.3242857142857143,0.07063848751472068,0.701617189525538,0.033600912818776967,0.8656431934775851,0.019507609306081496,0.9192975861667018,0.009578903360929144
fcnn,Autocorr,0.9586691574429516,0.01649121166158665,0.9586691574429516,0.01649121166158665,0.9253893987748387,0.019800260775265133,0.869877007218248,0.016483690525023683,0.3868131868131867,0.07347039406789796,0.4958661058086052,0.06132697270775229,0.7525329093383246,0.024910721748467767,0.8445049624137126,0.019390895742500875
fcnn,AvalonFP,0.9747414107058192,0.0022895459377505847,0.9747414107058192,0.0022895459377505847,0.9364583095205242,0.010148913317155098,0.8869996377329648,0.00856355209000682,0.41142857142857137,0.015649215928718978,0.5212949063612898,0.01564242841947964,0.7702731368054245,0.017260445220144475,0.8666789987148344,0.010406404911673987
fcnn,Charge,0.9048259062280417,0.010963913959525288,0.9048259062280417,0.010963913959525288,0.8926423574311577,0.014025065593850073,0.8609710880047805,0.00605777629206967,0.06666666666666664,0.09128709291752765,0.5034611959323463,0.020168085035386033,0.7297833637233585,0.011395181403072024,0.8340200726197431,0.007543672064008878
fcnn,Connectivity,0.9061360462159792,0.012149610844717463,0.9061360462159792,0.012149610844717463,0.8996971893253056,0.013801269231727161,0.9086847588732854,0.006909961787184144,0.20820512820512818,0.058058665834662314,0.5475740444678852,0.011677323960224462,0.8194357424555895,0.012463312954226905,0.8930151854856492,0.008426790657043073
fcnn,Constitution,0.9315088401907531,0.0019735858222135983,0.9315088401907531,0.0019735858222135983,0.9162330269789475,0.013208541329531595,0.8917370046937473,0.008329596981012722,0.1666666666666666,0.0,0.5212102896588849,0.014831677949142086,0.7853844803806889,0.016352220313622826,0.8724541222551382,0.009795477998528226
fcnn,Estate,0.9329597989848132,0.010070794329123433,0.9329597989848132,0.010070794329123433,0.9108377640628185,0.016373891523736975,0.8925539180322115,0.005896093524174169,0.1666666666666666,0.0,0.5138350357862553,0.01592094055261341,0.780306484885716,0.01125773024592302,0.8726544407227743,0.0073822900612293945
fcnn,EstateFP,0.8997973286605223,0.0026601029165691024,0.8997973286605223,0.0026601029165691024,0.893143472789208,0.009202619301295577,0.8753248300652163,0.007755379850765615,0.4043956043956043,0.05405878626922569,0.5441193344807803,0.007825596478914974,0.7460904416732511,0.018482466454806973,0.851637593684968,0.00965711013314785
fcnn,Fragment,0.921631604731419,0.0027502540703557912,0.921631604731419,0.0027502540703557912,0.9046997597540389,0.008666116936681357,0.8667759655941045,0.007195293760206581,0.4285714285714285,0.0,0.5440946845711319,0.02755847299766551,0.753254586225293,0.017507055128947367,0.8458087976495756,0.008815893897695909
fcnn,InfoContent,0.9001945922363616,0.003653377310154869,0.9001945922363616,0.003653377310154869,0.891805311004925,0.009811085960272706,0.8916894968381778,0.005783855726737676,0.3076923076923076,0.0,0.5370345493472147,0.01581847252930623,0.7834281786089015,0.011456527963525844,0.8720785781429873,0.0070023597416785715
fcnn,Kappa,0.876124589191315,0.002336326741432251,0.876124589191315,0.002336326741432251,0.8753982786525132,0.008477285832670281,0.9012557270412251,0.0016352145795160236,0.32783882783882773,0.10849233127926657,0.5613761655423998,0.014006271188417421,0.812664733860801,0.00281039186946177,0.8852646246968108,0.0014854941990459641
fcnn,MACCSFP,0.9345450741422432,0.002348882808128323,0.9345450741422432,0.002348882808128323,0.913215121581827,0.018601249369436655,0.8861545017991823,0.010026510886563578,0.35604395604395594,0.06620822123688822,0.5252966860409289,0.030519321818481993,0.7745256890826239,0.027400888081182687,0.8640506520991105,0.012626832462329731
fcnn,MAP4,0.9797821464080931,0.005833789591534692,0.9797821464080931,0.005833789591534692,0.933681559053975,0.012798865089050789,0.9089336359415248,0.009216044138952014,0.19999999999999996,0.03042903097250926,0.6230998653782748,0.04899764999639617,0.8215759843950888,0.016261731657505257,0.8927429848024481,0.010666435081320412
fcnn,MHFP6,0.8935401628758918,0.022911332830481954,0.8935401628758918,0.022911332830481954,0.8813729554698446,0.017635890480803735,0.891139272958591,0.0018989474741262595,0.4,0.0,0.5708245243128964,0.005909270553646363,0.8092980897052667,0.0015043209437560312,0.8727783631893221,0.0021991536132769094
fcnn,MOE,0.9419624890773827,0.00253879839361316,0.9419624890773827,0.00253879839361316,0.9254774215791531,0.012858248232981824,0.9017353552467867,0.0038222396702822002,0.1666666666666666,0.0,0.5344221692551597,0.01446649728971933,0.8085985829350649,0.007744800155227417,0.8849112817843467,0.0044692427020868375
fcnn,Matrix,0.8894841935131803,0.0032009431172821475,0.8894841935131803,0.0032009431172821475,0.8858441899379816,0.005517230746223292,0.8928170111540057,0.002152939976727793,0.1666666666666666,0.0,0.5314134587129004,0.002891183985012991,0.7948420734018027,0.0049990413245853856,0.8758943418961248,0.0026223998305222977
fcnn,MorganFP,0.9836604634936785,0.0026068919854189744,0.9836604634936785,0.0026068919854189744,0.9378448540308313,0.010815577008607025,0.8991034669131615,0.00510540048817134,0.3032967032967032,0.00982887023076827,0.5626393476976108,0.006651655307192625,0.8090290469448261,0.007906723305169814,0.8814898482493525,0.006203445691724816
fcnn,Path,0.881259803333197,0.004002228480928732,0.881259803333197,0.004002228480928732,0.8810097156785167,0.011274478192529693,0.8985320066858424,0.007156649344505429,0.22051282051282045,0.07975554366664506,0.546703146374829,0.010751384475885523,0.811393821007133,0.005416334280179934,0.8813820316382455,0.008430007914220685
fcnn,PharmacoErGFP,0.9408814057712334,0.001891542355168947,0.9408814057712334,0.001891542355168947,0.9283470731020229,0.007217849543709874,0.8919269001993781,0.011250850747404501,0.03636363636363636,0.08131156281817416,0.5677722330412204,0.06847882485831941,0.7748933708380712,0.02312109891371809,0.8731778766138861,0.013490375895146456
fcnn,PharmacoPFP,0.9383631484476431,0.005816155043194642,0.9383631484476431,0.005816155043194642,0.9287491748525225,0.009306647786562611,0.8867711212585018,0.004688858967520328,0.0,0.0,0.5077334958081128,0.017757436563500182,0.7890213465788175,0.010759785030713346,0.8683622163701831,0.005717738306979172
fcnn,Property,0.8948426665084593,0.0025359457541887184,0.8948426665084593,0.0025359457541887184,0.8902004921636262,0.007904000845660128,0.8952946659749659,0.001809826757017109,0.1666666666666666,0.0,0.4414532835585467,0.014314626700445348,0.7873420597480439,0.004870803284091745,0.8765282048693186,0.0022633158512338244
fcnn,PubChemFP,0.9544609406916408,0.003578913113422157,0.9544609406916408,0.003578913113422157,0.9290733187533574,0.018896727911519227,0.8319446691693658,0.019369323059908208,0.1666666666666666,0.0,0.4398236397748593,0.044649857299657605,0.6241550022584633,0.05468284577072933,0.7962216245939092,0.024615925116924016
fcnn,RDkitFP,0.9595294706817405,0.00685047444114744,0.9595294706817405,0.00685047444114744,0.9325594912990519,0.013494332444896973,0.9039677050176019,0.004587022301887806,0.27545787545787537,0.11089739808773019,0.550353635739375,0.01699308932193726,0.8055226783113809,0.015098306763013068,0.8856772613605999,0.005825300874271429
fcnn,Topology,0.884104407355981,0.004953966474728639,0.884104407355981,0.004953966474728639,0.880659973939659,0.008252536411390541,0.8988598935584836,0.0029308260569129493,0.223076923076923,0.07724292477636957,0.535928933834352,0.031849223728391975,0.8065108275392759,0.007505198779437806,0.8816844411106761,0.0036184048211311414
fcnn,TorsionFP,0.9666912754096766,0.009622332289668863,0.9666912754096766,0.009622332289668863,0.9326951585740904,0.010613009184156065,0.8909099163568319,0.0054555058429559145,0.2857142857142857,0.0,0.5607962639747158,0.005814142843219833,0.7895897670216518,0.011774705337915586,0.8716001654945357,0.006488815526546243
log,AtomPairFP,0.9835234953926614,0.0011361807671570266,0.9835234953926614,0.0011361807671570266,0.9259793987022794,0.006810658523480228,0.9025342449386505,0.013564816812904267,0.42000000000000004,0.04472135954999578,0.6837559023609444,0.06168588054217069,0.8107083852299185,0.03631339194628224,0.8844999009363377,0.016128762814845096
log,Autocorr,0.9250947289645437,0.003321153103346528,0.9250947289645437,0.003321153103346528,0.9019280327162669,0.007632080806249296,0.8166420619237276,0.010316635115546816,0.3951226551226551,0.14669237834657328,0.5268729294500619,0.09322811337019721,0.6572600209514483,0.04072174791722091,0.7861372007602236,0.016562248361126578
log,AvalonFP,0.9684616525329345,0.0014015338242202456,0.9684616525329345,0.0014015338242202456,0.9175196460176609,0.014465994481570993,0.7904632941321615,0.010851439177546976,0.4043956043956043,0.05405878626922569,0.3975407462256777,0.025557546266993022,0.5484649549256032,0.03222837156067869,0.7488928048943366,0.012744154815377452
log,Charge,0.8340199308516476,0.005425915172335602,0.8340199308516476,0.005425915172335602,0.8420218862608426,0.01411317717999251,0.8086423732584723,0.011847530083170325,0.0,0.0,0.5969530664267506,0.022200859103218996,0.6068925036586748,0.04043941533216871,0.7726527945797741,0.015818838183658472
log,Connectivity,0.8501367120345826,0.002208826383105695,0.8501367120345826,0.002208826383105695,0.8505290902929209,0.017244983083758575,0.7727317655717132,0.01119475776720633,0.0,0.0,0.37090909090909085,0.016262312563634817,0.4501677345338252,0.03552943366943217,0.716873233644753,0.014189461437030324
log,Constitution,0.8448297890271356,0.004397035089693702,0.8448297890271356,0.004397035089693702,0.8390081017418736,0.024853511147117865,0.7622841822300381,0.01648659373150635,0.09999999999999995,0.09128709291752765,0.2596465786155173,0.09557893185251633,0.473417448118955,0.038816364943156184,0.7125899189330772,0.020702605870687733
log,Estate,0.8745804614232998,0.004606201720498059,0.8745804614232998,0.004606201720498059,0.8670341636127052,0.018511082248617427,0.8529624803496028,0.0101736327720589,0.33443223443223435,0.11682627479956434,0.5174141291561603,0.026834463278051827,0.7120125683741553,0.02482556062165242,0.8265906917562276,0.013484225794536415
log,EstateFP,0.81391636732668,0.00761051153138812,0.81391636732668,0.00761051153138812,0.8200854265383244,0.02034463130754591,0.7693190645878942,0.003413281345330741,0.2794871794871794,0.06306858398076329,0.2819011005578169,0.04571348059841746,0.5622293525693334,0.010817835713095728,0.7258631003164406,0.004369938180078793
log,Fragment,0.8139132448978899,0.003230386436678553,0.8139132448978899,0.003230386436678553,0.8063719457159365,0.02413574648820402,0.654075343059844,0.020009571442515625,0.4285714285714285,0.0,0.13423728813559319,0.001237791090407137,0.35301724325959905,0.005668250974184485,0.5985314169087378,0.020944131244176368
log,InfoContent,0.8078334994824659,0.0063364539012712474,0.8078334994824659,0.0063364539012712474,0.8068650062886336,0.024950401627332322,0.7956953122784463,0.0042707059695373546,0.0,0.0,0.2904147465437788,0.005832725283796043,0.5401810163844823,0.015170168519485657,0.7509519690572086,0.005389203695614689
log,Kappa,0.7917641959240559,0.005457658727700996,0.7917641959240559,0.005457658727700996,0.7992372767757174,0.026130827209958372,0.7554585388163415,0.010367966290939324,0.0,0.0,0.3232926277702397,0.011326983875168572,0.4127282071251427,0.03605318306476641,0.7013912834640234,0.013567408129024952
log,MACCSFP,0.8722496435216153,0.0053995112129976465,0.8722496435216153,0.0053995112129976465,0.8602948820341769,0.02858644176330555,0.751435371021487,0.0076701546741183195,0.17333333333333328,0.01490711984999862,0.2491645330989593,0.019416474203709,0.47816676932660007,0.009074241952281051,0.6963406000154819,0.008824351123963204
log,MAP4,0.9959613765461217,0.0007074115520523713,0.9959613765461217,0.0007074115520523713,0.9292791347197614,0.009403677112944143,0.8896197401547326,0.005674264513029577,0.0,0.0,0.679518250059942,0.040231180699899956,0.7743885878790204,0.009620322722173981,0.8695264895595234,0.006019873597501212
log,MHFP6,1.0,0.0,1.0,0.0,0.9168310605177183,0.007439506889177625,0.8636122613401479,0.02139226411225778,0.12080808080808081,0.1112065705639658,0.5183151714186197,0.10454355409889596,0.7406967283508568,0.04425555984994412,0.8412828357279855,0.02543967874053799
log,MOE,0.8784128793378152,0.004446646120182696,0.8784128793378152,0.004446646120182696,0.8696180972747907,0.022799370409088995,0.8610820465922849,0.007225589338832052,0.26142857142857145,0.037661218075611604,0.37187176918775616,0.04599488666757263,0.6942381433738334,0.016641336259472197,0.8357521288798797,0.009247205848596394
log,Matrix,0.8172834749653557,0.0037618420194118745,0.8172834749653557,0.0037618420194118745,0.8165388858306921,0.026635576385074987,0.801174772929443,0.020969716765642285,0.0,0.0,0.3975748718459715,0.03693861073097782,0.5478509246509562,0.05413958211046512,0.7588858839647246,0.02654307066081203
log,MorganFP,0.9712580597508096,0.0026326016917176164,0.9712580597508096,0.0026326016917176164,0.9173769998172776,0.007754523637860885,0.8951907445989928,0.007775477612329023,0.10666666666666665,0.0983192080250175,0.5279668366377227,0.04039072432140324,0.7983719425205693,0.013674949693295198,0.87612056802943,0.009472330119905755
log,Path,0.8074676342710555,0.004618803218673328,0.8074676342710555,0.004618803218673328,0.8231876111698456,0.015098509437188795,0.7482370416046455,0.023686644515116626,0.0,0.0,0.3963328742868385,0.03706739012024395,0.45612409839612367,0.060978067756451135,0.694841791423096,0.03026112063322847
log,PharmacoErGFP,0.8933044510654717,0.0061278299394579875,0.8933044510654717,0.0061278299394579875,0.8709518239762926,0.014593197906436007,0.83360063575312,0.019100104311757526,0.04,0.08944271909999159,0.5278022387151926,0.06311708043211128,0.6731763785697712,0.03987143724117736,0.8064430270994951,0.02250198792624825
log,PharmacoPFP,0.8923008456770003,0.004666819490684906,0.8923008456770003,0.004666819490684906,0.8667551051670852,0.015211993497126809,0.7901811977478007,0.021575508054433905,0.0,0.0,0.36204752837054094,0.05712912703650003,0.6191233121242286,0.03703534347740613,0.7598996416366018,0.02363292183172851
log,Property,0.8188131471763544,0.004518479871468791,0.8188131471763544,0.004518479871468791,0.8170737565845473,0.01689393787251845,0.7553791381006352,0.012920009559326498,0.0,0.0,0.2899974535268653,0.034178329461553275,0.5105530871179221,0.041681726470837885,0.7144559566796678,0.01749614674317973
log,PubChemFP,0.9114310542863902,0.003134568323564076,0.9114310542863902,0.003134568323564076,0.8855130440056189,0.0197159476498156,0.7446744253065574,0.008361055772828009,0.0,0.0,0.2509155874513518,0.06483083605149217,0.3821608883702748,0.026401270549908814,0.6816180482458838,0.010754057962135306
log,RDkitFP,0.9924573946063043,0.0006073895600316634,0.9924573946063043,0.0006073895600316634,0.9295749509489631,0.007812272817212708,0.892288493368666,0.008409460706579582,0.06666666666666664,0.09128709291752765,0.4872586078020474,0.03140436128114345,0.8050354372117055,0.011080766786977144,0.8743918000891613,0.009370136336209778
log,Topology,0.8227802537424319,0.002862296574663499,0.8227802537424319,0.002862296574663499,0.8217702838753072,0.02463818212480614,0.7702026944819317,0.012359034173424576,0.1666666666666666,0.0,0.3534424903454754,0.02321694725102549,0.5157983528271044,0.03799300617724568,0.7255876361838252,0.015316943183047618
log,TorsionFP,0.9389422348846536,0.0025483789011900826,0.9389422348846536,0.0025483789011900826,0.9116942629720013,0.008449702188842181,0.8517041100168876,0.02302646937871413,0.0,0.0,0.4834524486916834,0.04080678589093989,0.7259262590730912,0.03433164893367898,0.8251849164020832,0.027645976994569187
rf,AtomPairFP,0.9958285310855818,0.0008563968738149177,0.9958285310855818,0.0008563968738149177,0.9433885045722766,0.011073086491017186,0.8934468510583656,0.006373259718026901,0.0,0.0,0.5665427073877778,0.01882174624057698,0.7767953114787912,0.013142767147234493,0.8751840165927385,0.007474791523482823
rf,Autocorr,0.9958276835283263,0.0007868544902350529,0.9958276835283263,0.0007868544902350529,0.9229071170584877,0.009539736986285047,0.9245976045166007,0.003034477913009971,0.5304895104895104,0.05235329525525882,0.6726878030323911,0.026960845579071406,0.8595258859780539,0.005807349795142394,0.9123545263631334,0.0036486762490132623
rf,AvalonFP,0.9955959340488809,0.000712784799375859,0.9955959340488809,0.000712784799375859,0.9354144776372115,0.00926458129545462,0.8962667378445011,0.001743450316941139,0.4,0.0,0.5681818181818182,0.0,0.7991234502552531,0.0033723150444763877,0.8797055016811137,0.002076872200283082
rf,Charge,0.9956408505367094,0.0005070223518563969,0.9956408505367094,0.0005070223518563969,0.9251295318815359,0.01191754474549156,0.8779419378278224,0.0029590181075721026,0.06666666666666664,0.09128709291752765,0.5244838976502215,0.009553569136673792,0.7492103550147714,0.006875235291401003,0.855246149700997,0.003566919133332387
rf,Connectivity,0.9961071351527775,0.0006230572406877271,0.9961071351527775,0.0006230572406877271,0.9210321322652334,0.01450677347832262,0.9131968804948061,0.002031365790253084,0.33186813186813174,0.05405878626922569,0.5614541566426089,0.00741171957257347,0.834675201442319,0.003980601952497013,0.8985624556465283,0.002541165513763461
rf,Constitution,0.9823822525175927,0.0007047626152456331,0.9823822525175927,0.0007047626152456331,0.921449164404555,0.010732346096822066,0.908292239634999,0.003997987986465767,0.06666666666666664,0.09128709291752765,0.5284334221493475,0.012561984636894067,0.8204847448139352,0.008724574125127534,0.8930890626228412,0.005015371608099883
rf,Estate,0.9895732673898671,0.0008698833249438121,0.9895732673898671,0.0008698833249438121,0.9307570233694534,0.009895623720389738,0.8992532965330626,0.00237183361201318,0.3076923076923076,0.0,0.5484656782298238,0.007642669031669687,0.8041027333859356,0.004361311044998915,0.8824045706049551,0.0031579745078348445
rf,EstateFP,0.8955836359550393,0.0049109095183214385,0.8955836359550393,0.0049109095183214385,0.8553916229007253,0.02829030016192365,0.7861531153660353,0.023037294907723632,0.3032967032967032,0.00982887023076827,0.37960383590681734,0.020162168649831908,0.5861688240387222,0.049264443336750514,0.7419466738071211,0.02838326328335055
rf,Fragment,0.9663553256637556,0.0027197204776437944,0.9663553256637556,0.0027197204776437944,0.9019827663398301,0.018325155114273576,0.8471627349133712,0.00598797721550258,0.33186813186813174,0.054058786269225695,0.47194551789673744,0.03472444164086568,0.6794047682172228,0.012630205324459564,0.8202690577092742,0.00674497553136659
rf,InfoContent,0.9934957948058898,0.0005673490977753776,0.9934957948058898,0.0005673490977753776,0.9010327743519857,0.009297797564828444,0.9159680031897592,0.0020832856869811888,0.3373426573426573,0.042587355173523425,0.5772412379585982,0.015264566833345431,0.8528853068349166,0.004069880908950528,0.9040731801526283,0.001957105198997088
rf,Kappa,0.9832594460448469,0.0014984541925295316,0.9832594460448469,0.0014984541925295316,0.8940285384851384,0.01631067392057241,0.8781473107134887,0.0057029406724602464,0.03076923076923076,0.06880209161537812,0.4998460125248229,0.013190399285457077,0.7678049559736728,0.013620285761885061,0.8583919684263132,0.007109680196003413
rf,MACCSFP,0.988797732996011,0.0011535299785928564,0.988797732996011,0.0011535299785928564,0.9265289232256506,0.01138206302912561,0.9111409271961379,0.004595921794945803,0.4057142857142857,0.012777531299998751,0.5594528043775651,0.0029365598610120746,0.8375276162669463,0.007713148228522992,0.8960956165780439,0.005546489805493623
rf,MAP4,0.9962898478972549,0.0006142230715283362,0.9962898478972549,0.0006142230715283362,0.9288895385943906,0.012645016795986185,0.9008561832032498,0.00146814555634035,0.13333333333333328,0.07453559924999296,0.537703081232493,0.007766734711763954,0.8094183008939797,0.00403446020471441,0.8840921405559946,0.0018803739076268516
rf,MHFP6,1.0,0.0,1.0,0.0,0.9092733276715814,0.008959953459985666,0.8911893206975174,0.0005027144051214864,0.4,0.0,0.5681818181818182,0.0,0.8086253369272237,0.0,0.8728484003408475,0.0005889403612595562
rf,MOE,0.9961071351527775,0.0006230572406877271,0.9961071351527775,0.0006230572406877271,0.9324732895585102,0.013356958669233034,0.9103439968413056,0.0017803364242561784,0.2794871794871794,0.06306858398076329,0.5462234319337149,0.010088876768927878,0.8289600612482364,0.002851695404909664,0.8951931188218392,0.0021266296213475213
rf,Matrix,0.9928855374132697,0.0010668863389323342,0.9928855374132697,0.0010668863389323342,0.905415116208685,0.010110496002770234,0.8908255787290147,0.010662073989436248,0.17379953379953378,0.017682308275526137,0.5169903513913701,0.02254356178439135,0.7896250976167403,0.02635329403829369,0.8732186772536196,0.013808546428496497
rf,MorganFP,0.9960604006562411,0.0005910315533685829,0.9960604006562411,0.0005910315533685829,0.9363685539844738,0.01370629751778914,0.9167557797473262,0.0033933836673674888,0.03333333333333332,0.07453559924999295,0.5446975326539152,0.014107186130455474,0.8385430352907367,0.00675189903788759,0.902765053996068,0.004192964888220471
rf,Path,0.9923301814269806,0.0008923511901907231,0.9923301814269806,0.0008923511901907231,0.9047898242191614,0.013732915303675559,0.9032074587764132,0.0048305575277126905,0.1802197802197802,0.05897322138460985,0.5382518043303929,0.007531263436647216,0.8232315933723683,0.010055363037363598,0.8867000222913521,0.00597591699356028
rf,PharmacoErGFP,0.9475064289539162,0.0023113570777004676,0.9475064289539162,0.0023113570777004676,0.9088756778506589,0.00828344580347292,0.8843124545010432,0.012207915894294407,0.1333333333333333,0.13944333775567924,0.5677443723406145,0.08329085114422025,0.7629752867839412,0.024872695680889272,0.8640043583964762,0.014571961516147253
rf,PharmacoPFP,0.963323134577643,0.004094108271020805,0.963323134577643,0.004094108271020805,0.9066741694333672,0.009735353680219999,0.8773085855017125,0.010582922465179377,0.0,0.0,0.48873339584310055,0.0103325359492372,0.7737743869693336,0.02487374871395522,0.8598987881041886,0.012427475304374727
rf,Property,0.9917248496516089,0.0007617750610846375,0.9917248496516089,0.0007617750610846375,0.9073145599211859,0.01890573253830942,0.8953407488801071,0.007948918654344963,0.1666666666666666,0.0,0.5310711251062129,0.03244930688975294,0.7864280450792522,0.020099620635027453,0.8771695578321885,0.010672366723771401
rf,PubChemFP,0.9906133069440524,0.0008809072445399946,0.9906133069440524,0.0008809072445399946,0.9262164603038829,0.01166292490514023,0.9023621706766859,0.008902640530674969,0.24688644688644681,0.07377793159499618,0.5500712297749893,0.00853171556617102,0.8083603096487405,0.02125849186726924,0.885615550726629,0.010915693374427802
rf,RDkitFP,0.9961071351527775,0.0006230572406877271,0.9961071351527775,0.0006230572406877271,0.9345163538583062,0.012207723943808578,0.9013238995119449,0.0035366836486762847,0.35604395604395594,0.06620822123688822,0.5647687784014969,0.009077465534702027,0.8030966149171533,0.009283474706687585,0.8844301010380539,0.004401358047188088
rf,Topology,0.9918202232339114,0.0006616315859118974,0.9918202232339114,0.0006616315859118974,0.9072519337780462,0.01679173268707687,0.894139398345539,0.006106926734828138,0.03333333333333332,0.07453559924999296,0.5071995298266235,0.015047154997933715,0.7980407597994332,0.012919769286086413,0.8758984465097903,0.008005092217228749
rf,TorsionFP,0.9948477757012937,0.0007837880463755166,0.9948477757012937,0.0007837880463755166,0.9375138919127366,0.0103246080043629,0.9025680922742112,0.003413180902088844,0.06153846153846152,0.08426500884694861,0.5504549968940287,0.012050683644530684,0.8133587415209792,0.006290347705500751,0.8861259093729442,0.004068530944777582
svm,AtomPairFP,0.9936915869846652,0.0011299386819538615,0.9936915869846652,0.0011299386819538615,0.9242706762901675,0.0035935121209110924,0.8996096271480749,0.01210063689070121,0.2742857142857143,0.25998430093891034,0.6708793820558526,0.0834907379798226,0.8001720924486783,0.027435080670644634,0.8823153708148667,0.015100324274928746
svm,Autocorr,0.9543535153954318,0.0030901805766577126,0.9543535153954318,0.0030901805766577126,0.9315733848971621,0.012831955675754618,0.8864790466132556,0.013535450462016908,0.25998001998001996,0.10783746349953449,0.5074321064053816,0.026891479353548173,0.7950365861577386,0.021329702727476064,0.8677159996851296,0.014950043040545825
svm,AvalonFP,0.9816310635561815,0.0013215353945935033,0.9816310635561815,0.0013215353945935033,0.9313148331942621,0.003913552325883422,0.8112037606224763,0.010885060509395063,0.42945054945054945,0.021790408013969982,0.41365871754107053,0.02370812478774065,0.6058139551486107,0.03583211529587493,0.7745950156108422,0.014220614078908178
svm,Charge,0.8977699553649696,0.003900563966264281,0.8977699553649696,0.003900563966264281,0.8927785248574558,0.00898832636430162,0.860788597587088,0.006235413808324782,0.1948717948717948,0.06306858398076329,0.5080654820579013,0.030616561400289007,0.7321218256152213,0.010632805103035723,0.8341423393980149,0.007661392678074511
svm,Connectivity,0.9072616458343384,0.0029368620847538248,0.9072616458343384,0.0029368620847538248,0.8980000186979922,0.014106671320941956,0.8834944200491016,0.009215673505480334,0.34818181818181815,0.057099304536153465,0.5420289855072464,0.0404890291150695,0.7633450274084062,0.018983527190946238,0.8615056352448793,0.011080673699154636
svm,Constitution,0.9102934353924317,0.0019507469949072908,0.9102934353924317,0.0019507469949072908,0.905474315692431,0.007688277303782704,0.8458573156510184,0.022498751220641485,0.3076923076923076,0.0,0.4902040819849039,0.027030469455815095,0.695721122656488,0.04673053246892122,0.8171908908108744,0.02705453975133408
svm,Estate,0.9163509415774624,0.0020837910454091666,0.9163509415774624,0.0020837910454091666,0.9093172844641243,0.009995099358681992,0.8851493728083828,0.00312454725378199,0.3802197802197801,0.06620822123688822,0.5617984131648546,0.01349574712870394,0.7677622674041988,0.005743102041468568,0.863458959571877,0.003874590245261202
svm,EstateFP,0.8816881969864154,0.0022993577395505377,0.8816881969864154,0.0022993577395505377,0.8763891582178779,0.0037404976128110907,0.8910893388115249,0.0005062338251036737,0.41142857142857137,0.015649215928718978,0.5707941483803552,0.0035770804434767725,0.8112502746649088,0.0009826710514170944,0.8726059781728683,0.0005937937567764135
svm,Fragment,0.8869940168411115,0.0020222797693089677,0.8869940168411115,0.0020222797693089677,0.8838572995976716,0.006054070787278782,0.8857739882326019,0.007606992893362093,0.4285714285714285,0.0,0.5706784911237952,0.016827210611413877,0.7979042664339392,0.013155052123249267,0.8680780677779627,0.008511626987735492
svm,InfoContent,0.8899826086065366,0.0029143413565537297,0.8899826086065366,0.0029143413565537297,0.8843438722786499,0.01060835727704709,0.8911767016775434,0.003532608968218399,0.03333333333333332,0.07453559924999296,0.5310694880361784,0.00627614560581598,0.7900557625462312,0.006571731312403032,0.871808092507598,0.004280104843799488
svm,Kappa,0.8770817650620837,0.0015239506067823503,0.8770817650620837,0.0015239506067823503,0.8729756365512262,0.007043185930270583,0.8902900378310215,0.0,0.4,0.0,0.5681818181818182,0.0,0.8086253369272237,0.0,0.8717948717948719,0.0
svm,MACCSFP,0.9206725994398859,0.0012556126077888311,0.9206725994398859,0.0012556126077888311,0.9104738917646648,0.0047432567992943655,0.8313793070554445,0.01189667056844051,0.33186813186813174,0.05405878626922569,0.42386906660590873,0.035049124355020146,0.6521625223759199,0.034227476975235545,0.7943992924684784,0.015213351916773886
svm,MAP4,0.9963100554676128,0.0006053111520002156,0.9963100554676128,0.0006053111520002156,0.9274737575432657,0.011491072979809948,0.8822050601270174,0.007757173105662035,0.0,0.0,0.6703413898301583,0.030543547151695702,0.7683544579020027,0.016257705429690694,0.8628927708692412,0.00744088575226894
svm,MHFP6,1.0,0.0,1.0,0.0,0.9156000194295345,0.010199734658841747,0.8650143362581162,0.01305613966966276,0.22303030303030305,0.0621618492361604,0.5448222397330119,0.03735741010052386,0.754093047096424,0.024212498326165333,0.8427679167373423,0.01506623703823611
svm,MOE,0.9147786870040866,0.002331630978962232,0.9147786870040866,0.002331630978962232,0.9066043043236854,0.007653985135582832,0.9191162656153562,0.004128534945649899,0.18666666666666665,0.01825741858350558,0.6000225035161744,0.01622338818204231,0.8429962202227855,0.006828032477621176,0.9055817112435852,0.004923578639070215
svm,Matrix,0.9008940943725072,0.0014027497861887684,0.9008940943725072,0.0014027497861887684,0.9021277958546449,0.012581495307665854,0.9009814498351595,0.0015517075463256608,0.1666666666666666,0.0,0.5489386115892141,0.0029506347379515516,0.8088210779119869,0.0016022205644597707,0.8841409686220667,0.001839249150734617
svm,MorganFP,0.9847210139757763,0.0010512236357160495,0.9847210139757763,0.0010512236357160495,0.9299834586035203,0.005855979528427494,0.8980342514521116,0.004436800518548247,0.0,0.0,0.5394895567039342,0.022769238630090935,0.8114708994605758,0.00817630081405238,0.8814295251501889,0.005067444960120185
svm,Path,0.877673717196821,0.0020591275737059664,0.877673717196821,0.0020591275737059664,0.8787453987008254,0.005907800657689235,0.8953002038886624,0.0046241187662072105,0.4171428571428571,0.015649215928718978,0.5701222327525455,0.008649717977374047,0.8101911294589781,0.003882721890326273,0.8776274597804395,0.005376424504218459
svm,PharmacoErGFP,0.9340637723551402,0.0028860348636313934,0.9340637723551402,0.0028860348636313934,0.9174058492083053,0.015834414859438123,0.8715901866840252,0.004200003219731232,0.16153846153846146,0.1090120598434939,0.5240328776914143,0.02433999888645683,0.7414192016302852,0.006145071387946171,0.8476527298183576,0.005038521232459547
svm,PharmacoPFP,0.9314184371146131,0.0015738713599266537,0.9314184371146131,0.0015738713599266537,0.9226080479839558,0.009622802520194462,0.8774989279621286,0.014686966769561926,0.03333333333333332,0.07453559924999296,0.49979201617413,0.02074510552378539,0.7742740544254836,0.02187398227275686,0.856442845574696,0.015639099551738075
svm,Property,0.8879076307747764,0.0016632404394989714,0.8879076307747764,0.0016632404394989714,0.8888118657571569,0.007459720125833862,0.9016954119821371,0.0019169216906695576,0.13333333333333328,0.07453559924999296,0.537703081232493,0.007766734711763954,0.8067781059682876,0.004134832890515067,0.8847728761104324,0.002301916633880687
svm,PubChemFP,0.9469547546381006,0.0016663673241964808,0.9469547546381006,0.0016663673241964808,0.9286227310317259,0.01165053681267504,0.8162263972995847,0.017894711270856976,0.0,0.0,0.38474331067393275,0.026984090066697525,0.5841970141733478,0.0418014678053679,0.7762565357428338,0.022001731284591226
svm,RDkitFP,0.9957133686696136,0.0005009132147501736,0.9957133686696136,0.0005009132147501736,0.9242379788597747,0.012652361445209636,0.8847900643877178,0.008296398427306029,0.13333333333333328,0.07453559924999296,0.4727450654749322,0.0677636034464273,0.7850183770484106,0.022795740421452004,0.8646597118958796,0.009086513390393035
svm,Topology,0.8908379433878784,0.0013601270853806262,0.8908379433878784,0.0013601270853806262,0.8848277557809144,0.019271342612378527,0.900079069618924,0.0021735367537389014,0.16410256410256405,0.005733507634614839,0.5389915966386555,0.0089337739552608,0.8089972092977217,0.002723562456956854,0.8831356736717101,0.0025865807937678243
svm,TorsionFP,0.9591913570962551,0.0020018773853149726,0.9591913570962551,0.0020018773853149726,0.9299253704621308,0.008715483039815305,0.8494658910045683,0.027599226050589513,0.0,0.0,0.4761443906691437,0.052708720424761726,0.7302573417280677,0.04006284998358222,0.822162209160461,0.03359865840834658
xgb,AtomPairFP,0.9946510854459568,0.0007295639833217196,0.9946510854459568,0.0007295639833217196,0.9424093329960183,0.006609550540743281,0.9162634757009671,0.016378915748901466,0.05,0.11180339887498948,0.5586432053007055,0.05513913098041066,0.8286638900887281,0.041944712941123355,0.9020973429476383,0.0205521783860294
xgb,Autocorr,0.9960282292293003,0.0006348253271235068,0.9960282292293003,0.0006348253271235068,0.9339636371473075,0.01137977755307043,0.905731867118891,0.013836753499653225,0.08444444444444445,0.1158969316480471,0.4988807441312427,0.06436223771235655,0.8007532182624081,0.032664676683772674,0.8888355673046944,0.017475548608595504
xgb,AvalonFP,0.9921608549047075,0.0009629654943180709,0.9921608549047075,0.0009629654943180709,0.9403371617566514,0.007994161744746086,0.8793786416171144,0.01461644577156233,0.223076923076923,0.07724292477636956,0.5187353391867652,0.039869591737039224,0.7439620652707617,0.03821853934502098,0.8583956969267348,0.0183001657301993
xgb,Charge,0.9950176822449388,0.0008337839696364776,0.9950176822449388,0.0008337839696364776,0.9276018564032252,0.0052807919978334825,0.8798634721375433,0.005955018432370679,0.04,0.0894427190999916,0.5063291139240507,0.016806879240612294,0.7427450980392157,0.012807517227417764,0.8558477682836925,0.007643384169310562
xgb,Connectivity,0.9961699540129233,0.0005536259877586446,0.9961699540129233,0.0005536259877586446,0.9217978805806022,0.009251697642691159,0.8914239301346804,0.006532568927622159,0.11333333333333333,0.10434983894999018,0.5391341991341991,0.03176970126401608,0.7805817637832823,0.013543127225510971,0.8719525908604231,0.007532071381849312
xgb,Constitution,0.9816383330981049,0.0009761123872543406,0.9816383330981049,0.0009761123872543406,0.9209678373883676,0.008534106833737237,0.9079001980253935,0.0017039597816027856,0.10606060606060604,0.09701703390049768,0.5372983999490024,0.01735391867129338,0.8204933771578589,0.0034436367899381873,0.8925571705042868,0.0019179811779725556
xgb,Estate,0.982488633882466,0.0015287491621650785,0.982488633882466,0.0015287491621650785,0.92681649602191,0.007574339912247814,0.8942641332484932,0.006501658506323277,0.24725274725274718,0.11833401224283702,0.4898392793203764,0.03510897513520997,0.7833915384381689,0.018146918877486828,0.8752144172567119,0.00879435993996791
xgb,EstateFP,0.9212801826931154,0.0018630800738866087,0.9212801826931154,0.0018630800738866087,0.9083622864892555,0.005962506640369496,0.8825392552863089,0.005873432225490933,0.2992673992673992,0.09304317725044112,0.5181303352524824,0.03193222372387152,0.7561664854970125,0.014212170025470748,0.860375928367177,0.0071938942853302865
xgb,Fragment,0.9482854630088081,0.002764334739862795,0.9482854630088081,0.002764334739862795,0.9113389056013432,0.017339438108562272,0.8550110406116922,0.005257036923594335,0.2794871794871794,0.06306858398076329,0.43788199964670554,0.0400144201591674,0.7052812906688055,0.01847706704474387,0.8305723847066859,0.007510130752614609
xgb,InfoContent,0.9937720463429794,0.0005344592910928646,0.9937720463429794,0.0005344592910928646,0.9062169712040337,0.014937105229578392,0.8922810279408114,0.007782435885662526,0.18606060606060604,0.12934105796135972,0.4921664750889712,0.03232005986795958,0.7990176903106694,0.017886439756351732,0.8766672937230725,0.010307793161935567
xgb,Kappa,0.9797517001506753,0.001166901424803672,0.9797517001506753,0.001166901424803672,0.8881632013739669,0.010569515111566863,0.8535172392409409,0.01032495148718267,0.0,0.0,0.46796283558708607,0.02887965646470443,0.7059746350307281,0.021479609390264057,0.8263123972233508,0.012374441489085236
xgb,MACCSFP,0.9775737284697318,0.0008250917110619766,0.9775737284697318,0.0008250917110619766,0.9295019073962555,0.006997026434198925,0.9020953257854979,0.005988291754409045,0.19333333333333333,0.01490711984999863,0.5629870129870131,0.03530343654113598,0.8251114113214957,0.01622621044000252,0.8865644365511696,0.008365074430105965
xgb,MAP4,0.9963080831253099,0.0006076696608088129,0.9963080831253099,0.0006076696608088129,0.9363042668593776,0.012159706493694744,0.9018197018840322,0.010195433880975454,0.0,0.0,0.5924846390168972,0.03262473447577276,0.7950851793307037,0.023376935486063958,0.8840048785318319,0.012662402295592224
xgb,MHFP6,1.0,0.0,1.0,0.0,0.9354455749266025,0.010178001930637618,0.8979564742698276,0.007908641177919687,0.34153846153846146,0.06776932966491178,0.6083622083622083,0.03897541783780562,0.8034826488893346,0.019376707844067073,0.8798651976884692,0.009457730388188723
xgb,MOE,0.9960317749956985,0.0005917900987073037,0.9960317749956985,0.0005917900987073037,0.9358367190322552,0.011461565445475982,0.9124726689167506,0.004619352094786688,0.18935508935508932,0.03159490008726767,0.5750598925753048,0.031324638577693936,0.8278786570691933,0.011646462813560146,0.8973480476967793,0.005651975898306997
xgb,Matrix,0.9929209915355329,0.001050514529305881,0.9929209915355329,0.001050514529305881,0.9116661203160312,0.006201075274979607,0.8893482978483904,0.01709991245896564,0.18379953379953376,0.03831025555856286,0.5383203378817415,0.06039795815856117,0.7810409501532452,0.03459034290895568,0.869325748391655,0.02061322330389977
xgb,MorganFP,0.9847093671229743,0.0002554316570385531,0.9847093671229743,0.0002554316570385531,0.934802970709147,0.011689317543583932,0.91446206186677,0.009398202912012574,0.3291375291375291,0.023158012507263032,0.5997191697191697,0.04963080098527375,0.8292837389506044,0.02000295487807878,0.8993338130939034,0.011373770838726488
xgb,Path,0.9855021106900408,0.0010135621863475567,0.9855021106900408,0.0010135621863475567,0.901966386268297,0.011297224073195784,0.8516223206974974,0.009331099974566435,0.30534798534798535,0.07285492365822983,0.5224317578550812,0.024609210898134223,0.7240188806885612,0.027599917549603295,0.8228826212001362,0.011213876360238429
xgb,PharmacoErGFP,0.9583800144570993,0.0012870539622677985,0.9583800144570993,0.0012870539622677985,0.9341455098215345,0.007659268814896189,0.8771449577490154,0.010534791375152777,0.3039627039627039,0.07109748172754615,0.5610433643252344,0.04527188981394443,0.7482808459061545,0.017597038203713812,0.8555122261172274,0.0124948738179823
xgb,PharmacoPFP,0.9697896433248067,0.001987548050480851,0.9697896433248067,0.001987548050480851,0.9246989833525753,0.013016273824257935,0.880723204745873,0.015622205997341735,0.0,0.0,0.5045236978401479,0.08420010688688492,0.7756155261682454,0.03262848594392271,0.8630001797903711,0.019895032104762764
xgb,Property,0.9907840928548804,0.0005485155055670693,0.9907840928548804,0.0005485155055670693,0.9078256234374654,0.00799629582884397,0.8820727420397685,0.008842215480285496,0.2015384615384615,0.06107194967802604,0.43749078816681974,0.055471286414216406,0.7603567239098055,0.027015454875861405,0.862082988242222,0.0125925994160004
xgb,PubChemFP,0.9815498294398036,0.001417540781590672,0.9815498294398036,0.001417540781590672,0.933073400791506,0.0128571637263534,0.8984348347850537,0.01321986457304506,0.1666666666666666,0.0,0.5278395393585267,0.017451520736493382,0.7920634305581982,0.03419338562173952,0.8803095656460804,0.016215277273206295
xgb,RDkitFP,0.9956645094001288,0.0004967350135122397,0.9956645094001288,0.0004967350135122397,0.9413925536876675,0.00810217730041165,0.8901152864544899,0.00677976601386805,0.03333333333333332,0.07453559924999295,0.5157801939465178,0.008016464685717692,0.770160769838129,0.01822361641753388,0.870733565914547,0.008686599234250629
xgb,Topology,0.9831167755313581,0.0009844766410953966,0.9831167755313581,0.0009844766410953966,0.9111427587701385,0.007144861083656931,0.8719240188198956,0.009397860007045039,0.10714285714285714,0.14725377234348785,0.5248604269293924,0.061235245670698976,0.7355012873555501,0.02184219221954181,0.8464738502416548,0.011674735056642486
xgb,TorsionFP,0.9782353651512583,0.0007229455508411803,0.9782353651512583,0.0007229455508411803,0.9374504801057546,0.01305422329854417,0.8969144119521039,0.007269213637619482,0.0752136752136752,0.10578973296933881,0.5297630522082091,0.05515047334763946,0.797646872216084,0.01536227058207949,0.8778703145551786,0.00878099571142169
