model,feat,train_NPV,train_NPV_std,val_NPV,val_NPV_std,test_NPV,test_NPV_std,ext_NPV,ext_NPV_std,rmSim_0.6,rmSim_0.6_std,rmSim_0.7,rmSim_0.7_std,rmSim_0.8,rmSim_0.8_std,rmSim_0.9,rmSim_0.9_std
DMPNN,,0.9087183863733511,0.0300915833865017,0.9087183863733511,0.0300915833865017,0.8000823745338037,0.04453327848266348,0.8673304473304473,0.06575707068929824,1.0,0.0,0.8714285714285716,0.08329931278350426,0.8153968253968253,0.07847838004856245,0.862323758755543,0.06776481741776827
DMPNN,AtomPairFP,0.9738141706398686,0.01205815517629729,0.9738141706398686,0.01205815517629729,0.8029456327583965,0.032018253384287515,0.6832449604579157,0.0820856875120689,0.7054545454545454,0.011499191491521406,0.8017851756087049,0.07760134417518866,0.6700959554865802,0.08361933404951964,0.6933246816747209,0.08454707017025333
DMPNN,Autocorr,0.9651071532699176,0.021433545908108857,0.9651071532699176,0.021433545908108857,0.7800428433381245,0.04311393751516629,0.5223017919669649,0.05213097759117112,0.8333333333333334,0.22222222222222224,0.6451538584774599,0.0707006491006806,0.5308296058170356,0.05262869453799236,0.5278126382624277,0.049166665647414266
DMPNN,AvalonFP,0.9615235740858938,0.030943178056559294,0.9615235740858938,0.030943178056559294,0.803294070703194,0.05124218157198807,0.5008341035312533,0.05273107335547801,0.36666666666666664,0.20487876571761973,0.36333333333333334,0.0877707451472511,0.40649932723103455,0.043090824567997926,0.5073243653196035,0.05466696623973381
DMPNN,Charge,0.9413717065595717,0.015127093986618502,0.9413717065595717,0.015127093986618502,0.800534911325234,0.02266091016195838,0.7120988258317025,0.11503323172768513,0.6199999999999999,0.06885303726590963,0.7755411255411255,0.03309950909762729,0.6535606753831297,0.12453817579960749,0.709573266595617,0.11450156783864629
DMPNN,Connectivity,0.9315405897070977,0.020907519378550152,0.9315405897070977,0.020907519378550152,0.7982713846763803,0.041118534434150485,0.871225281547197,0.08618521038176105,0.6742857142857143,0.2351264649556697,0.8323911382734911,0.15718597125923092,0.8547198114218364,0.09114818074731752,0.8725473294254833,0.0865156340138471
DMPNN,Constitution,0.9523852719947705,0.032030621144172024,0.9523852719947705,0.032030621144172024,0.8020841406347372,0.017835210183080184,0.6697786015858305,0.12160669271998101,0.49333333333333335,0.17971170328138428,0.6266945373467113,0.14497573782274775,0.6067248549191093,0.13740003362976863,0.6689264123410464,0.12176916841104254
DMPNN,Estate,0.9592078824258288,0.02188501668086737,0.9592078824258288,0.02188501668086737,0.8124897315167301,0.053222981143852315,0.6307563819133458,0.06372063668169078,0.5766666666666667,0.14211801738061763,0.7572712418300653,0.05118695698779499,0.5809586294878805,0.06920006182922743,0.6326745404811207,0.0645597858667818
DMPNN,EstateFP,0.9429085262162534,0.026701667540661604,0.9429085262162534,0.026701667540661604,0.8206499356499357,0.033642486074435825,0.667375829789623,0.0967044829954603,0.26666666666666666,0.2383067843280802,0.7157142857142857,0.06939975886566355,0.6186385515958441,0.13190831015538035,0.6626918817616492,0.09770722232911679
DMPNN,Fragment,0.9463586133604014,0.012877397513880933,0.9463586133604014,0.012877397513880933,0.807725319545406,0.021803190530600664,0.6515281310941002,0.047280768876448644,0.9,0.21081851067789195,0.7936507936507937,0.25877289440502615,0.5811870917787518,0.06036777135149172,0.6536345973592532,0.053702009122027855
DMPNN,InfoContent,0.9496432215289918,0.0025245435988205315,0.9496432215289918,0.0025245435988205315,0.8044561351950478,0.027113452234078097,0.8304807905566918,0.08450834956638523,0.7222222222222222,0.24856239608240766,0.845763440860215,0.09677757799872415,0.813419009453628,0.09670503858785504,0.8298015847050723,0.08563755892283258
DMPNN,Kappa,0.914133145819805,0.03155897830280859,0.914133145819805,0.03155897830280859,0.7921048121876003,0.05224052998345603,0.7597392767031119,0.03777677410892275,0.7528571428571429,0.02880853992810319,0.8407721445221445,0.03263981858002601,0.7339852139657871,0.03644735596126935,0.7587897619390968,0.037078842567228563
DMPNN,MACCSFP,0.9535852707500265,0.041632901446536905,0.9535852707500265,0.041632901446536905,0.8043847833097318,0.036549735948957454,0.5588838612368023,0.09884965460706105,0.3333333333333333,0.09622504486493763,0.554978354978355,0.11890862168403567,0.49483092346250246,0.09633065193556356,0.5565179918121095,0.09723707686313235
DMPNN,MAP4,0.9877374225099409,0.008517223447677112,0.9877374225099409,0.008517223447677112,0.8160204301442429,0.019638167259287315,0.5639130434782609,0.035280256409690985,0.6285714285714286,0.04918074090422117,0.7616415818064993,0.05069681699195905,0.5265894911464531,0.03847710594629132,0.5687514499200366,0.03540931420768764
DMPNN,MHFP6,0.9855319362782049,0.028785141110086142,0.9855319362782049,0.028785141110086142,0.7753262594777321,0.06154747125932483,0.5982107485143761,0.07915223379945896,0.52,0.07888106377466154,0.7972899159663865,0.02172002053295705,0.553654258946041,0.08693666985958323,0.6000854700854701,0.08513056972958984
DMPNN,MOE,0.9442529373235444,0.027720569330311504,0.9442529373235444,0.027720569330311504,0.8416666666666668,0.030074898850423026,0.7279424409211643,0.058852513960477276,0.3333333333333333,0.0,0.4955555555555556,0.16998345759908173,0.680969045969046,0.06840796606518838,0.7318909592822637,0.05497551985613599
DMPNN,Matrix,0.9171469457667193,0.03659998719438257,0.9171469457667193,0.03659998719438257,0.7952939365905534,0.04060221496141463,0.7561640125157615,0.08339223152648448,0.6628571428571428,0.18188010581120934,0.7925238095238095,0.11900100674764856,0.7261473113352812,0.08885084630202514,0.7547454826300244,0.08393351039921859
DMPNN,MorganFP,0.983246058606797,0.007722980465654983,0.983246058606797,0.007722980465654983,0.795692649843496,0.04067547153109819,0.6092550828240901,0.055113028639569975,0.5833333333333333,0.11111111111111112,0.5749851455733809,0.09045587745513675,0.5961180411180411,0.060285662226001194,0.6204009142662682,0.058384969115169896
DMPNN,Path,0.9348281050207131,0.015888086314965612,0.9348281050207131,0.015888086314965612,0.8124358500286025,0.03235778171853252,0.8614287670777255,0.09903978595830103,0.700952380952381,0.24006381951506406,0.864009324009324,0.11636510568275228,0.8453532182103611,0.10617509224517456,0.8700955386865505,0.09877697030114939
DMPNN,PharmacoErGFP,0.9007936950375296,0.030003563201427,0.9007936950375296,0.030003563201427,0.8055322987856721,0.035744684829758434,0.5932690933234885,0.020589507418204506,0.8242063492063492,0.04231977432477406,0.8854477558037068,0.016190970350552794,0.5826194646376236,0.02696062659852804,0.5989475453437257,0.022356541990863073
DMPNN,PharmacoPFP,0.9506430180767959,0.03287240204645544,0.9506430180767959,0.03287240204645544,0.8141388475613512,0.051697132511285826,0.6273257575757576,0.15609141191815976,0.31,0.07745966692414835,0.4766666666666667,0.1821002301677856,0.5686008918617614,0.17615529960394163,0.6381502555903411,0.14999486008601484
DMPNN,Property,0.9272226705922872,0.03177194813374013,0.9272226705922872,0.03177194813374013,0.7931624554321923,0.045000911919105616,0.8168363562090605,0.10588694247427068,0.7234126984126984,0.13050133427490107,0.8274316436251921,0.08656226562723227,0.7896226944746858,0.10999061659945636,0.821231025062627,0.10519685562835289
DMPNN,PubChemFP,0.9581243831506013,0.04956176069187696,0.9581243831506013,0.04956176069187696,0.7624050179211469,0.06412876586870091,0.3919923916411471,0.08245033030445588,0.3333333333333333,0.0,0.4046886446886447,0.16838884457562386,0.33301703934834054,0.07940537494642844,0.3927458054444605,0.08296312225728628
DMPNN,RDkitFP,0.9625555964732996,0.018195402112055472,0.9625555964732996,0.018195402112055472,0.7934689010068137,0.058876707187278526,0.5704090786802651,0.06162547625022643,0.25,0.0,0.3261904761904762,0.06329333980119643,0.4973778875944187,0.0686492684153828,0.5764650117901982,0.06752487191453364
DMPNN,Topology,0.9134351548049124,0.02223315963675272,0.9134351548049124,0.02223315963675272,0.7794273981290062,0.046092249452131716,0.8284215752405386,0.048387060545227435,0.7957142857142857,0.11264698133384718,0.8880685111989459,0.03536183624728817,0.8263518286702972,0.0704781096620659,0.8294930626929722,0.05072252384345153
DMPNN,TorsionFP,0.9406786428381391,0.04371978487668613,0.9406786428381391,0.04371978487668613,0.7754293524726684,0.0629115881534621,0.4960249235858992,0.18653623008830053,0.26666666666666666,0.40975753143523946,0.42666666666666664,0.3122202451499286,0.3949936676798379,0.18446070479519605,0.49093646179401984,0.18787813707708748
fcnn,AtomPairFP,0.9579321887055852,0.010221127555999479,0.9579321887055852,0.010221127555999479,0.8334651291481995,0.028081212162376322,0.7681075628622982,0.05833871305417882,0.7628571428571429,0.03690860195075376,0.8633602150537634,0.05554797106859055,0.7421842619745845,0.06519167668201935,0.7681075628622982,0.05833871305417882
fcnn,Autocorr,0.902202917021542,0.049714601540103154,0.902202917021542,0.049714601540103154,0.786049562529173,0.036579509831364,0.47661500166030796,0.06693159925935459,0.8,0.2738612787525831,0.5693406719412911,0.13005692844584185,0.47948493203194,0.06193128227354095,0.4775222693866191,0.06526160399765818
fcnn,AvalonFP,0.9479919077202525,0.007496776807574287,0.9479919077202525,0.007496776807574287,0.8170218073385394,0.0549974930332685,0.5253409789099444,0.08069786007392324,1.0,0.0,0.24,0.1460593486680443,0.36301802772391,0.09877633166576119,0.5261743122432778,0.08119748438223727
fcnn,Charge,0.7453347907106891,0.07135767500155818,0.7453347907106891,0.07135767500155818,0.6833153142679997,0.07855757980613352,0.39507406759396957,0.025787948794292536,0.2833333333333333,0.04564354645876382,0.3466666666666666,0.0654999956725691,0.3761599835633325,0.027634017521382122,0.39507406759396957,0.025787948794292536
fcnn,Connectivity,0.742493880033304,0.05604003590157677,0.742493880033304,0.05604003590157677,0.713177257160308,0.07105267418075543,0.7758799533799534,0.09051504932251331,0.47333333333333333,0.1341640786499874,0.4866666666666667,0.11925695879998877,0.6899472990777339,0.08950905872840983,0.7758799533799534,0.09051504932251331
fcnn,Constitution,0.8240337638691353,0.012219968446625942,0.8240337638691353,0.012219968446625942,0.7663731303903714,0.04342423450371562,0.5759441485360055,0.0667157591007338,0.3333333333333333,0.0,0.5111111111111111,0.024845199749997656,0.5066741449381335,0.042264677676812454,0.5778309409888357,0.06376570789578705
fcnn,Estate,0.8164978116035618,0.039201363449347645,0.8164978116035618,0.039201363449347645,0.747790621269495,0.07529212749392032,0.571423097974822,0.035260420673317056,0.3333333333333333,0.0,0.4223809523809524,0.1048883165891993,0.5097848725725843,0.021187287896865182,0.571423097974822,0.035260420673317056
fcnn,EstateFP,0.7198122540339742,0.014677760530885337,0.7198122540339742,0.014677760530885337,0.702783243887895,0.07672114824540932,0.4713117106773823,0.0404884089076817,0.9,0.22360679774997896,0.48,0.04472135954999578,0.42483672708466125,0.03713134473639634,0.4713117106773823,0.0404884089076817
fcnn,Fragment,0.830561378780019,0.009081794803514794,0.830561378780019,0.009081794803514794,0.754474405146674,0.014051624035782964,0.3490254501645763,0.04363659954810686,1.0,0.0,0.6076190476190476,0.13336356422213205,0.34275941377834834,0.04891352235569161,0.3667834960646257,0.047614300712374734
fcnn,InfoContent,0.7063316137447386,0.02400069225772378,0.7063316137447386,0.02400069225772378,0.6747977755308392,0.03718751441896536,0.5659101654846335,0.045732359665579314,0.5,0.0,0.44666666666666666,0.07673909622147558,0.48445729708887597,0.04776944052077468,0.5659101654846335,0.045732359665579314
fcnn,Kappa,0.549313462353088,0.0212856833104526,0.549313462353088,0.0212856833104526,0.5989899044285907,0.1180878630895272,0.8852380952380953,0.07936825390476444,0.6666666666666667,0.31180478223116176,0.6666666666666667,0.31180478223116176,0.7961904761904762,0.19042856547470194,0.9139926739926739,0.07884839798893516
fcnn,MACCSFP,0.8382329716370531,0.013351696507840315,0.8382329716370531,0.013351696507840315,0.751670565680663,0.06824318664385536,0.5344792750156022,0.055193129187696637,0.7,0.27386127875258304,0.4780952380952381,0.1178799881658347,0.4968903503430358,0.06579488463238839,0.5296816024389553,0.05647135147750107
fcnn,MAP4,0.9604367179094462,0.01482647821474967,0.9604367179094462,0.01482647821474967,0.8130491219263598,0.04757309645472902,0.7517650566487776,0.05768485881782831,0.5333333333333333,0.18257418583505533,0.821830065359477,0.09931372011347026,0.6561128526645768,0.10595126936841777,0.7490400404193507,0.05736995145300895
fcnn,MHFP6,0.8970467596390483,0.03886476976168878,0.8970467596390483,0.03886476976168878,0.7547619047619047,0.07744502841566953,0.8333333333333334,,,,1.0,,0.75,,0.8333333333333334,
fcnn,MOE,0.8467276624151477,0.00664189165753403,0.8467276624151477,0.00664189165753403,0.7955742541991624,0.03253204100767112,0.6781483046188929,0.04662339358773303,0.3333333333333333,0.0,0.4859523809523809,0.11991469946337809,0.5981385281385281,0.04546887014028104,0.6817519082224964,0.04441742853765391
fcnn,Matrix,0.6472062586808082,0.02636265607450226,0.6472062586808082,0.02636265607450226,0.6553749490004079,0.02094188020877552,0.5966183574879228,0.03630226658258247,0.3333333333333333,0.0,0.42000000000000004,0.04472135954999579,0.41217948717948716,0.05156173731330823,0.6224992398905442,0.039272200917175884
fcnn,MorganFP,0.9737642865920482,0.004775562095301725,0.9737642865920482,0.004775562095301725,0.8464320545355027,0.03801552217721778,0.7076984126984127,0.07284400061292658,0.4,0.22360679774997896,0.6366666666666666,0.09309493362512625,0.5976190476190476,0.08326527833355096,0.7045405179615706,0.07359950314707843
fcnn,Path,0.617987012987013,0.027973667901041933,0.617987012987013,0.027973667901041933,0.6630792682926829,0.0776572029718344,0.7005555555555556,0.39625172819656623,0.3333333333333333,0.2041241452319315,0.3333333333333333,0.2041241452319315,0.6023809523809524,0.34023467957897624,0.7005555555555556,0.39625172819656623
fcnn,PharmacoErGFP,0.8771815083997418,0.006620715017694438,0.8771815083997418,0.006620715017694438,0.8357186786865831,0.04095061620825657,0.5578166101323996,0.04694803790540985,0.4585714285714285,0.13612719142367535,0.6338888888888888,0.17294204409941488,0.5133962576585527,0.06052329988244969,0.5647872055524819,0.046835691306250454
fcnn,PharmacoPFP,0.8606410339629871,0.019591153013719182,0.8606410339629871,0.019591153013719182,0.8331651954602775,0.054812223338154525,0.5172348484848485,0.05074450023803285,0.25,0.0,0.4440476190476191,0.09974457174120673,0.47609085933223866,0.06037193338904,0.5334272767462422,0.05319406515739004
fcnn,Property,0.6741350181658692,0.009669190943697448,0.6741350181658692,0.009669190943697448,0.670393290781344,0.028031013182053484,0.5980952380952381,0.017036708399998452,0.3333333333333333,0.0,0.2736363636363636,0.01772144426328902,0.49480449657869013,0.015650461766063536,0.5980952380952381,0.017036708399998452
fcnn,PubChemFP,0.8941159280473062,0.01261129076320265,0.8941159280473062,0.01261129076320265,0.8008845863561449,0.0817533160397822,0.34943918439237387,0.0381297478397993,0.3333333333333333,0.0,0.21935897435897433,0.10496821785050642,0.2851585095583139,0.03690785510991188,0.3467296615342773,0.03674719010633381
fcnn,RDkitFP,0.9130310097510691,0.01736823125534572,0.9130310097510691,0.01736823125534572,0.8172729725174849,0.03234184691093078,0.697850022413917,0.0793921523252989,0.5333333333333333,0.2738612787525831,0.5466666666666666,0.2631011634756149,0.6014530985504376,0.08315451964385726,0.6901970393646308,0.07946372265977736
fcnn,Topology,0.6460924307159451,0.04322347259979327,0.6460924307159451,0.04322347259979327,0.6697442062378949,0.11991821342179337,0.8262870462870463,0.11893804084834665,0.4,0.09128709291752768,0.4,0.09128709291752768,0.6002564102564103,0.1354018539918538,0.8262870462870463,0.11893804084834665
fcnn,TorsionFP,0.9282048655306692,0.030265407713014315,0.9282048655306692,0.030265407713014315,0.8198824621144618,0.034317776370219544,0.5653474399164053,0.08824812358018876,0.0,0.0,0.5,0.28867513459481287,0.38876835582717933,0.1116470269890452,0.5623917748917748,0.08762007291761897
log,AtomPairFP,0.8998097367324466,0.005210019170298089,0.8998097367324466,0.005210019170298089,0.7245019756936195,0.02610482276393887,0.5981154912726295,0.050824572463759585,0.8036363636363637,0.008131156281817428,0.7898349564139038,0.03736590010876578,0.6050732623693179,0.06674778794197744,0.6028425437754302,0.05177363526404894
log,Autocorr,0.689378205804829,0.009311787340052703,0.689378205804829,0.009311787340052703,0.6389610834219773,0.03259816607396252,0.4105426035335677,0.018716264399406882,0.8080952380952381,0.14709584701349246,0.6775529962035963,0.08364603703208665,0.43748560194212366,0.028060720815880912,0.4216675068181524,0.022264760361984912
log,AvalonFP,0.8339675609353068,0.006048008641266526,0.8339675609353068,0.006048008641266526,0.6874593553337631,0.028211904826894056,0.32194334052227436,0.014385426619526171,0.9,0.22360679774997896,0.2886813186813187,0.03295797596386608,0.29517970520585163,0.008374804129693516,0.32495197506911744,0.012523190532249548
log,Charge,0.4684512904444583,0.010393391661476212,0.4684512904444583,0.010393391661476212,0.4945131962108726,0.022116137982459073,0.3980738115702325,0.015704893923430267,0.6476190476190476,0.04259177099999599,0.7363627284530111,0.01647291567496729,0.4141008656184845,0.017591933797323073,0.4070099183541493,0.014887180488716517
log,Connectivity,0.5030630610932614,0.005798473321451644,0.5030630610932614,0.005798473321451644,0.5165998850975857,0.03294769570850351,0.368655112717532,0.011960477562444314,0.625,0.0,0.6164904862579281,0.006382012197938101,0.36412164115753887,0.011386032635969231,0.3699340580318785,0.010732550215087629
log,Constitution,0.4973054214023797,0.009326379614090635,0.4973054214023797,0.009326379614090635,0.4983072048986353,0.029305417406623988,0.3022304446608244,0.013366213255151572,0.3,0.045643546458763846,0.35299205236091635,0.041080589763649644,0.28545487132421876,0.009700975195770602,0.30471665145812726,0.013331099630805397
log,Estate,0.5559259741889093,0.01104813215610709,0.5559259741889093,0.01104813215610709,0.552500900291367,0.03242305269635366,0.44166646449961505,0.02441024189707973,0.6666666666666666,0.31180478223116176,0.6006419234360412,0.052093190919053005,0.4355884890529085,0.028807049864028544,0.45073650144779426,0.026948955902092057
log,EstateFP,0.4385741836878948,0.012216710936328692,0.4385741836878948,0.012216710936328692,0.46189493023632283,0.03262948070934407,0.2930354507617619,0.0041464647013372494,0.4666666666666666,0.07453559924999299,0.23831168831168825,0.00804076866710249,0.2950513643504297,0.003909391478943121,0.2983469185824698,0.004361640030235974
log,Fragment,0.44509436456859197,0.0038819928315441824,0.44509436456859197,0.0038819928315441824,0.44124008909007034,0.049087228785782144,0.1457085855592927,0.007716367171899189,1.0,0.0,0.26034482758620686,0.014165238556168063,0.14192046536224218,0.003502024192413692,0.15563015757122126,0.007142181076075748
log,InfoContent,0.43633475030860974,0.007632931637595351,0.43633475030860974,0.007632931637595351,0.44766992369069347,0.028887642809981153,0.3380447271404718,0.008718984079905873,0.25,0.0,0.38356043956043956,0.02801072818781906,0.3073696613979543,0.009687194670774155,0.3404425152312476,0.00878593327741047
log,Kappa,0.40677086164976284,0.005040839306603441,0.40677086164976284,0.005040839306603441,0.4331941736460639,0.017781004561109315,0.288107792085437,0.00941352850000437,0.25,0.0,0.33030303030303027,0.0067759635681811725,0.26155054455561116,0.00989899719975615,0.291765734544816,0.009652993401041482
log,MACCSFP,0.550812805904273,0.014029789215316541,0.550812805904273,0.014029789215316541,0.5377582115626305,0.06343922390964477,0.29775633506427124,0.013488245037566534,0.3866666666666666,0.11925695879998881,0.28224798711755233,0.053246051489020806,0.2832554736325975,0.01479737618140612,0.2980062823355506,0.013402390424620011
log,MAP4,0.972099884023877,0.004839555228654769,0.972099884023877,0.004839555228654769,0.751571984139088,0.03998717003649714,0.5537274779487638,0.02112898310661731,0.7242424242424242,0.034132970685057024,0.8125257538160764,0.028721751153109765,0.5359182762797221,0.013261369662596865,0.5583421974850546,0.018264316845098588
log,MHFP6,1.0,0.0,1.0,0.0,0.7181357402481693,0.0340738982869466,0.45593683146859193,0.0736302954091979,0.5676190476190476,0.07074273918496715,0.6684069264069264,0.10742623071238407,0.45752728716003455,0.07684066602773025,0.46595887629835875,0.07631521072540465
log,MOE,0.5646484709899973,0.009292556720818416,0.5646484709899973,0.009292556720818416,0.5582718781146042,0.03091479238674758,0.4735416198080672,0.01716312800284503,0.7128571428571429,0.0649568145393695,0.6020779361736046,0.046385000920646416,0.447053302956149,0.018906158225986232,0.4815951606525199,0.017504703658367128
log,Matrix,0.44889999622566484,0.007952145241469397,0.44889999622566484,0.007952145241469397,0.4624739972977281,0.041919118099814724,0.3369722951787731,0.03297942755979079,0.25,0.0,0.41704944178628384,0.06950712102307956,0.30538388749615997,0.030081643911198462,0.3400198239313251,0.03312561742474899
log,MorganFP,0.8463844329023551,0.01042463318858013,0.8463844329023551,0.01042463318858013,0.6910727162863004,0.021559023353850505,0.5859923219123583,0.04986669539246011,0.35333333333333333,0.14404860290887936,0.5898809523809524,0.11770823926912141,0.5654564703294286,0.04167053395813278,0.5876455900613584,0.04964278119972443
log,Path,0.4340397774175762,0.0068853517029552405,0.4340397774175762,0.0068853517029552405,0.46952845145111305,0.031982902271534365,0.2786374842598188,0.022358823109365985,0.5,0.0,0.4290634029077965,0.061208645370204,0.2645618991576849,0.021515489222418704,0.2804325069779717,0.022584858742836958
log,PharmacoErGFP,0.5990044132134411,0.015566891711615453,0.5990044132134411,0.015566891711615453,0.559321385787364,0.039201146980277435,0.4320591148591609,0.035149595840703526,0.6028571428571429,0.05569596768462264,0.6898225691414546,0.045817448393471585,0.4452780600149021,0.03435079171503534,0.4434889790996436,0.034807034340646366
log,PharmacoPFP,0.5977282806158914,0.011985771023804496,0.5977282806158914,0.011985771023804496,0.5511030681020738,0.029124421801320934,0.2541276962899051,0.03651366942087325,0.25,0.0,0.2683898282659892,0.08284664763487734,0.22642513237957562,0.0392718066715229,0.26284996293737006,0.03588514135002998
log,Property,0.44834628996644443,0.006464905624779664,0.44834628996644443,0.006464905624779664,0.4558077943148242,0.01145946447071487,0.26049208744068336,0.010391287581699195,0.25,0.0,0.21878787878787875,0.010728014583718562,0.25371271632329917,0.01328362703950125,0.27316982471788404,0.012007049245971459
log,PubChemFP,0.6473954968962455,0.00926004832350925,0.6473954968962455,0.00926004832350925,0.5937001024569374,0.04445546257682172,0.28380068000307385,0.006726091920737232,0.25,0.0,0.2778828364617838,0.02812229775378678,0.252225986289932,0.005415797352001525,0.2796423723085594,0.0068653829564265184
log,RDkitFP,0.9509607116747502,0.0038224894395310627,0.9509607116747502,0.0038224894395310627,0.7549523809523809,0.0225777679575746,0.5789144384241516,0.07722451268337065,0.2833333333333333,0.045643546458763826,0.24023809523809522,0.12100884508815528,0.5792485099441621,0.06084548701602732,0.5926267281105991,0.08061333583130692
log,Topology,0.45649641445959543,0.005551909747160367,0.45649641445959543,0.005551909747160367,0.46864968490773784,0.036585365837730435,0.3059346209912256,0.008945010690291154,0.3333333333333333,0.0,0.4017833615659702,0.024223072796827023,0.294683633234738,0.009750318858188096,0.3121690538377795,0.008794458200066382
log,TorsionFP,0.7281674358816302,0.008711457173702607,0.7281674358816302,0.008711457173702607,0.6654754948982575,0.02547636815178673,0.3519840511998545,0.10597844207327702,0.1,0.13693063937629155,0.406037851037851,0.1276933802085978,0.270420527185233,0.07211129655742618,0.3503162164356194,0.10775090420739061
rf,AtomPairFP,0.9773292920466318,0.007017919695654354,0.9773292920466318,0.007017919695654354,0.8403919277240173,0.033945306148106785,0.5710489206873357,0.030599599255494752,0.25,0.0,0.7015126050420168,0.06080225373899843,0.5184798283720268,0.02655346937268756,0.5791744414749964,0.03070712664047696
rf,Autocorr,0.976055857971869,0.0058857843995345285,0.976055857971869,0.0058857843995345285,0.8113916581408075,0.04157807837313957,0.9076739747707491,0.03817628595941205,1.0,0.0,0.9846153846153847,0.034401045807689004,0.9134873000090391,0.04491864412168361,0.9256169724249244,0.039707738643306234
rf,AvalonFP,0.9750847816200501,0.005277742257380013,0.9750847816200501,0.005277742257380013,0.8148529721768055,0.03332700885295946,0.6600395256916995,0.027223418792817155,,,,,0.42526806526806527,0.0764834509505075,0.6924720893141946,0.022749618271440883
rf,Charge,0.9748120127933884,0.004611829095832736,0.9748120127933884,0.004611829095832736,0.7996738602645114,0.053682231324046314,0.482274427530575,0.017272138562857156,0.2833333333333333,0.04564354645876384,0.43238095238095237,0.07074273918496718,0.4227513227513227,0.02044068124029824,0.4817987374031616,0.017851483777668164
rf,Connectivity,0.9782697050200382,0.005099235149733341,0.9782697050200382,0.005099235149733341,0.7877006440994477,0.04957775569028667,0.7726602362648874,0.014060060283258922,0.6,0.22360679774997896,0.6,0.22360679774997896,0.7611947431302271,0.03580587556428451,0.7842625680879853,0.019384353559010213
rf,Constitution,0.9002185616772497,0.0035770510925997564,0.9002185616772497,0.0035770510925997564,0.7532466433358495,0.052452666922235235,0.7402537689244786,0.020741344853780756,0.2833333333333333,0.045643546458763826,0.3,0.04564354645876383,0.6684842934842935,0.04993783073491358,0.7561735571491669,0.027361162164650125
rf,Estate,0.9417622566772874,0.005913752398039816,0.9417622566772874,0.005913752398039816,0.7922260928961748,0.04565168693999219,0.6728912783751493,0.019820514868305817,0.5,0.0,0.4533333333333333,0.11690451944500124,0.5472179090259586,0.05569924411641703,0.6878655462184874,0.029071780480550195
rf,EstateFP,0.6067069215055795,0.013687689004663835,0.6067069215055795,0.013687689004663835,0.5262452526172581,0.06089033656799843,0.27804931661017546,0.045955486250302637,0.4,0.22360679774997896,0.24648351648351646,0.11644178186623166,0.2688348410393698,0.056147253650775136,0.27709661853401746,0.04665662945398218
rf,Fragment,0.8373588694203675,0.012067107212979477,0.8373588694203675,0.012067107212979477,0.667555990154299,0.06902443639762096,0.33369263089851325,0.03121836530147534,0.6,0.22360679774997896,0.3528554778554779,0.03176525264561368,0.2572934413134864,0.030693029623010567,0.336453881327872,0.031087386390667736
rf,InfoContent,0.9611053905836483,0.005381204959707746,0.9611053905836483,0.005381204959707746,0.6950644749309933,0.018692044479612376,0.824047619047619,0.01754455518323706,0.61,0.15165750888103102,0.7583333333333333,0.0950146187582615,0.9120459250894035,0.024357033817798385,0.8698508853681268,0.02130526441182384
rf,Kappa,0.9090185493758277,0.009990035753495524,0.9090185493758277,0.009990035753495524,0.6498251653976981,0.0479876593959447,0.449883328300714,0.04779680310356844,0.0,0.0,0.33214285714285713,0.03160932868417084,0.3962781954887218,0.04589575688308488,0.4623045903045903,0.05032957653889943
rf,MACCSFP,0.9437497577838736,0.0062627527987013385,0.9437497577838736,0.0062627527987013385,0.7802323619138422,0.05825775991142357,0.7550736573430105,0.027917797464671493,1.0,,0.5333333333333333,0.07453559924999296,0.777843137254902,0.04559037588506476,0.7658141858141858,0.03266364603360249
rf,MAP4,0.9764426709074325,0.00452599826891151,0.9764426709074325,0.00452599826891151,0.8416739729722709,0.04636404330078491,0.7288933034928459,0.0493466945295363,0.31666666666666665,0.03726779962499649,0.31666666666666665,0.03726779962499649,0.613094748388866,0.05348704473137383,0.7487910953855226,0.06159828231433808
rf,MHFP6,1.0,0.0,1.0,0.0,0.9576555299539171,0.03405834961132988,1.0,0.0,,,,,,,1.0,0.0
rf,MOE,0.9782697050200382,0.005099235149733341,0.9782697050200382,0.005099235149733341,0.8195383454960569,0.058365317675248454,0.7606862270020165,0.011487311314254746,0.4666666666666667,0.074535599249993,0.48,0.04472135954999578,0.71838883976815,0.01551987974259199,0.7727545727545728,0.014679445788994924
rf,Matrix,0.9565708581609119,0.007487548022200681,0.9565708581609119,0.007487548022200681,0.7047010000004466,0.028800932136794508,0.5622246265103408,0.07713061850762395,0.35333333333333333,0.2280350850198276,0.28095238095238095,0.20492103451204693,0.5035776026789348,0.10599056215768851,0.5787887573457636,0.08658748581811943
rf,MorganFP,0.9776311917975382,0.004428052465296083,0.9776311917975382,0.004428052465296083,0.8262656810035842,0.04200687703126936,0.787004048582996,0.04486529637478421,0.26666666666666666,0.03726779962499649,0.5561111111111111,0.11507512307452589,0.7540400268375796,0.05058664860561401,0.798363697705803,0.05019114497326457
rf,Path,0.9558415832763579,0.00699657522218654,0.9558415832763579,0.00699657522218654,0.7181408427897912,0.06653560572592711,0.7073319400905608,0.054866950258299435,0.0,0.0,0.0,0.0,0.706993006993007,0.07521140758941429,0.7198467917633004,0.061637672697376286
rf,PharmacoErGFP,0.7659848097406546,0.01195498302082342,0.7659848097406546,0.01195498302082342,0.6669639818136531,0.030537082824456586,0.5245702646220858,0.050185637782560126,0.46388888888888885,0.22600939563119996,0.6002569303583503,0.20062527034044264,0.48771972505406247,0.06271279843211232,0.5311154311039484,0.05018801974901658
rf,PharmacoPFP,0.8260550542844711,0.025558350870484258,0.8260550542844711,0.025558350870484258,0.6726283537426694,0.027666288411449066,0.4777064213796697,0.04846597854821218,0.25,0.0,0.3059523809523809,0.04864956367072037,0.46781662781662786,0.060420183201705696,0.5012963847746457,0.05399907753980517
rf,Property,0.9530089806729777,0.005111673336293202,0.9530089806729777,0.005111673336293202,0.7036716450770669,0.052162672365275047,0.5885617447686414,0.049379331070383545,0.3333333333333333,0.0,0.5676190476190477,0.08722787291949152,0.5247513792610925,0.0562002882392648,0.5962189534603327,0.05637030270636593
rf,PubChemFP,0.9506483883714966,0.007390197766979929,0.9506483883714966,0.007390197766979929,0.776803011771739,0.050695207789149814,0.7085319565491979,0.12062002292282185,0.3333333333333333,0.2041241452319315,0.3333333333333333,0.2041241452319315,0.6189107838307862,0.16999355567625932,0.7208333333333334,0.13085973888863892
rf,RDkitFP,0.9782697050200382,0.005099235149733341,0.9782697050200382,0.005099235149733341,0.8174533102401955,0.043670415053882014,0.6902890506238542,0.05530692425335191,0.7,0.27386127875258304,0.7,0.27386127875258304,0.5606397397668745,0.0603524784085797,0.7001829996794592,0.05979244740256575
rf,Topology,0.954197792393402,0.0053926402482302955,0.954197792393402,0.0053926402482302955,0.7144606967543894,0.06931210064027335,0.5919757727652465,0.05904763884574338,0.26666666666666666,0.03726779962499647,0.23333333333333334,0.09428090415820635,0.5349908775770845,0.07972897815817895,0.6000963754452127,0.06740457037922858
rf,TorsionFP,0.9691886548541468,0.006272368125812455,0.9691886548541468,0.006272368125812455,0.831931975745535,0.03812622488000653,0.7397186147186148,0.029648544441131436,0.0,0.0,0.5916666666666666,0.11086778913041721,0.6393642305407011,0.057821931286792465,0.7571477805348773,0.03756893997628954
svm,AtomPairFP,0.9915070877398557,0.0036215360110047018,0.9915070877398557,0.0036215360110047018,0.7949484823169033,0.027266843149089504,0.5947814090284631,0.05098207793417977,0.7654545454545454,0.09430312037465516,0.786236881701998,0.06067845272813627,0.5855027271791705,0.052153587043791465,0.602489342422108,0.05527136757885001
svm,Autocorr,0.9272900647234096,0.011296617433617335,0.9272900647234096,0.011296617433617335,0.841753263218426,0.02165583907970769,0.5384343434343434,0.07346019927458323,0.62,0.21679483388678797,0.6141989513156562,0.0582783694293118,0.5506565508058476,0.06979940908386642,0.5481989428056071,0.06824366296791265
svm,AvalonFP,0.982771928322717,0.004250988365539634,0.982771928322717,0.004250988365539634,0.8215764447216642,0.018070830950717327,0.3167988148939349,0.05727712381118176,1.0,0.0,0.3365384615384615,0.10788871135087334,0.29872140432693983,0.06245899351418472,0.32183267046324354,0.05607012194129786
svm,Charge,0.752450812848154,0.013829171437290478,0.752450812848154,0.013829171437290478,0.7354631201660065,0.02476472882969347,0.37135064429044556,0.0328685344694973,0.36666666666666664,0.07453559924999299,0.3377777777777778,0.07269078770576058,0.3583717123212921,0.02484845098723186,0.37135064429044556,0.0328685344694973
svm,Connectivity,0.8039747085372833,0.01908439972462786,0.8039747085372833,0.01908439972462786,0.7771353083853084,0.09919458725724473,0.5138027663981123,0.05194755525636983,0.7528571428571429,0.030556070908867757,0.6704887218045112,0.057743797968747325,0.47488443945991116,0.05613206503714136,0.5138027663981123,0.05194755525636983
svm,Constitution,0.7733083359297931,0.01083938716807793,0.7733083359297931,0.01083938716807793,0.7646617752978291,0.03676440237637723,0.3568618304282528,0.0482937223604303,0.5,0.0,0.47904761904761906,0.04513970534498382,0.32690330960082153,0.032007653569765274,0.360203610878051,0.04702446163738845
svm,Estate,0.7637861006240475,0.008800498538747205,0.7637861006240475,0.008800498538747205,0.7515009856332128,0.04536915800382199,0.5272593971434071,0.0158361332570651,0.8,0.27386127875258304,0.6599999999999999,0.10110500592068739,0.4802560646900269,0.01588853907352003,0.5272593971434071,0.0158361332570651
svm,EstateFP,0.7121775104158179,0.12019457737126102,0.7121775104158179,0.12019457737126102,0.6836363636363636,0.13474800478444354,0.6133333333333333,0.029814239699997212,1.0,0.0,1.0,0.0,1.0,0.0,0.6133333333333333,0.029814239699997212
svm,Fragment,0.702895537355224,0.0183583340805583,0.702895537355224,0.0183583340805583,0.7388888888888889,0.14949313876788706,0.4727838827838828,0.1734529705497326,1.0,0.0,0.8666666666666666,0.29814239699997197,0.48952380952380947,0.30366991866356113,0.5244930508088402,0.20698665582941553
svm,InfoContent,0.6842024554268068,0.017921600926858225,0.6842024554268068,0.017921600926858225,0.6678198397347334,0.1008691027586581,0.5646691591945688,0.03699962545605472,0.26666666666666666,0.03726779962499649,0.3566666666666667,0.06624868971450597,0.4959339048750813,0.022130136846900204,0.5646691591945688,0.03699962545605472
svm,Kappa,,,,,,,,,,,,,,,,
svm,MACCSFP,0.8015286091018303,0.010743118003368496,0.8015286091018303,0.010743118003368496,0.7631637347139282,0.02752388205096299,0.3575231892466316,0.02071530692204316,0.6,0.22360679774997896,0.32593240093240095,0.023291212908572428,0.3403393270769157,0.018750166665034557,0.3511492079349222,0.020397219392202633
svm,MAP4,0.9946568168791998,0.0017272936459748042,0.9946568168791998,0.0017272936459748042,0.7877373720087847,0.03187952478103692,0.5284180616179028,0.026250256164579676,0.7287878787878788,0.036094331059307885,0.8079882838503529,0.01950145901947877,0.5251297315431451,0.018813420909446783,0.538878505890664,0.020811865897278084
svm,MHFP6,1.0,0.0,1.0,0.0,0.7523820047804175,0.04998573893171885,0.4277396214896215,0.05243508477040884,0.5933333333333334,0.05962847939999439,0.6786967418546366,0.057118411014344034,0.4380490906039835,0.05180243116444211,0.4366823129931089,0.05435215451162019
svm,MOE,0.7527302838483659,0.006928495237128616,0.7527302838483659,0.006928495237128616,0.7330141186827495,0.04584595749913023,0.8772854451960622,0.036146189992657334,0.49333333333333335,0.1460593486680443,0.8053418803418804,0.028669031235139943,0.8389155097775788,0.041395179018773876,0.8772854451960622,0.036146189992657334
svm,Matrix,0.7274532036289136,0.010634423947152314,0.7274532036289136,0.010634423947152314,0.7624284814558371,0.05403451912947003,0.7930882352941176,0.027213830317572612,0.3333333333333333,0.0,0.52,0.04472135954999578,0.5951298701298702,0.03270207492141688,0.7930882352941176,0.027213830317572612
svm,MorganFP,0.982134716351621,0.003274351567305445,0.982134716351621,0.003274351567305445,0.8195947759590656,0.023830767991618713,0.6307487177699944,0.05075568921848519,0.35,0.13693063937629155,0.5507142857142856,0.16079715676461065,0.6161818181818182,0.053608792776871694,0.6453230084304253,0.05151561495334835
svm,Path,0.5774327122153209,0.014717278842689776,0.5774327122153209,0.014717278842689776,0.7138888888888889,0.14345279259639285,0.8962962962962964,0.10020555006273096,1.0,0.0,0.8333333333333334,0.28867513459481287,0.8333333333333334,0.28867513459481287,0.8962962962962964,0.10020555006273096
svm,PharmacoErGFP,0.878701856389964,0.013704382939233956,0.878701856389964,0.013704382939233956,0.8162142619285477,0.08970037781023203,0.46975899642153507,0.013750715966003172,0.35,0.09128709291752768,0.44666666666666666,0.07673909622147558,0.42452972126799143,0.008187877813140275,0.4733511050353155,0.013638424949268322
svm,PharmacoPFP,0.8670545097247014,0.006467900921481545,0.8670545097247014,0.006467900921481545,0.824983164983165,0.030224739867646247,0.43537860603298395,0.10373821922244021,0.26666666666666666,0.03726779962499649,0.27619047619047615,0.09575751215328668,0.3767221362229102,0.10245652080649711,0.43883912067362274,0.09669616402320622
svm,Property,0.7202899979236335,0.023981152155846345,0.7202899979236335,0.023981152155846345,0.7997222222222222,0.09069561425143137,0.7244078884078884,0.03456335609101714,0.31666666666666665,0.03726779962499649,0.31666666666666665,0.03726779962499649,0.5768780926675664,0.04629648145379287,0.7244078884078884,0.03456335609101714
svm,PubChemFP,0.8919843623272552,0.007196869833501538,0.8919843623272552,0.007196869833501538,0.8173992673992674,0.03185034987780449,0.35113865932047744,0.03191295140563805,0.25,0.0,0.3704815961472308,0.031011524575098637,0.31172958059163414,0.02655954424362467,0.3516013010044932,0.031046164443200883
svm,RDkitFP,0.9952849333585878,0.0013914358202367402,0.9952849333585878,0.0013914358202367402,0.7840361911434418,0.043110640620560095,0.5082094072841228,0.0705116868923073,0.31666666666666665,0.03726779962499648,0.31333333333333335,0.08692269873603534,0.4761813725490196,0.10442550367584844,0.5112265348567107,0.06554766602711584
svm,Topology,0.6691475843835677,0.016747589299296633,0.6691475843835677,0.016747589299296633,0.6632773764017061,0.10978630549105312,0.820603318250377,0.051384158838484476,0.26666666666666666,0.14907119849998596,0.35,0.09128709291752768,0.6116666666666666,0.06861729616746297,0.820603318250377,0.051384158838484476
svm,TorsionFP,0.9280139392600345,0.007350785080694149,0.9280139392600345,0.007350785080694149,0.8336401833572967,0.059823788074621125,0.3332250035292631,0.12497815942488574,0.2,0.2738612787525831,0.37196796338672766,0.18521169379578845,0.29169303583502365,0.07414617482986821,0.3378934030558262,0.12249129451067925
xgb,AtomPairFP,0.9899124062586925,0.0012271335605811712,0.9899124062586925,0.0012271335605811712,0.8306074417020062,0.02143936009602326,0.6694388795696152,0.08288780835614432,0.6178571428571429,0.07639017727216943,0.711378684348651,0.049901026214466224,0.6495757625800378,0.09706999642761058,0.677885321348349,0.089761855895337
xgb,Autocorr,0.989064288359096,0.0031327711670358616,0.989064288359096,0.0031327711670358616,0.8100989803035838,0.02342035795966827,0.6328462897172736,0.07254701932536656,0.4833333333333333,0.16499158227686106,0.6222033139274519,0.09414201505192257,0.5804280718246128,0.08502946681409905,0.636508985779028,0.07629059224855379
xgb,AvalonFP,0.9811925196990859,0.003836079817374077,0.9811925196990859,0.003836079817374077,0.8282477111109288,0.015306931202452473,0.5137651989140163,0.07473036343681196,0.4,0.09128709291752768,0.3844444444444445,0.1734899577269496,0.4353935555969454,0.05104027333143299,0.5227724270735156,0.07960249858478481
xgb,Charge,0.9892971940684051,0.0025070714752640144,0.9892971940684051,0.0025070714752640144,0.7889023405972558,0.027272213292014055,0.5038879718446282,0.02727402331511426,0.38,0.14404860290887933,0.46611111111111114,0.07577785923749288,0.43087912087912084,0.02000935658445323,0.4984303732796883,0.028879188576327885
xgb,Connectivity,0.9929782817808963,0.00321274012582829,0.9929782817808963,0.00321274012582829,0.779538065434403,0.04217320410185224,0.5620942106819845,0.04371046480652767,0.45666666666666667,0.1588150566609546,0.597066822066822,0.14571418432203215,0.4941311208388476,0.06122422341990419,0.5642835705475062,0.0423902684841133
xgb,Constitution,0.9574562330255059,0.011009175193810708,0.9574562330255059,0.011009175193810708,0.7502602936452023,0.04541514916675497,0.7579141989598052,0.009901074558888287,0.42666666666666664,0.07226494462892934,0.4914285714285714,0.07042147167923567,0.6837824494346234,0.02538810352003959,0.7694692515493405,0.016442902883701843
xgb,Estate,0.965221725902684,0.001943302638362168,0.965221725902684,0.001943302638362168,0.7782339726743339,0.0436230009711404,0.5812048587377534,0.04004498268204662,0.5,0.2886751345948129,0.4799299719887955,0.0955543131444527,0.5235262160592976,0.04209394798460907,0.5850227311517634,0.04548682426339254
xgb,EstateFP,0.8112529786867271,0.01522406328095946,0.8112529786867271,0.01522406328095946,0.7628634624581541,0.05083432268799588,0.5112184132292829,0.03257014523932575,0.4666666666666666,0.36132472314464664,0.40095238095238095,0.17419721927118717,0.45060181100635405,0.03824878233440237,0.5112184132292829,0.03257014523932575
xgb,Fragment,0.874374348407987,0.01411423098787216,0.874374348407987,0.01411423098787216,0.7381181764343453,0.07901905898371721,0.41398207804479953,0.013977167511296875,0.4666666666666666,0.07453559924999299,0.42821428571428566,0.047083295707648555,0.3852757947493487,0.01765448302263534,0.4257835932584406,0.017015169586266643
xgb,InfoContent,0.9852639573971121,0.004140547946830581,0.9852639573971121,0.004140547946830581,0.6971767363071711,0.04294199648129051,0.5723590194995276,0.05266290030711659,0.5566666666666666,0.1534781924429512,0.3789321789321789,0.15190152070279253,0.5664818920916482,0.06863681559512948,0.5988692439635835,0.06595251394829503
xgb,Kappa,0.957664925804673,0.0060494272707636385,0.957664925804673,0.0060494272707636385,0.6263736263736264,0.024979361927802934,0.3454735392942023,0.05266162090801549,0.27999999999999997,0.0670820393249937,0.40262515262515264,0.05542289841543175,0.2903408180018349,0.04952966325020194,0.34414871743014125,0.05112781384978414
xgb,MACCSFP,0.9523731590183449,0.005415068151643243,0.9523731590183449,0.005415068151643243,0.7811381493279039,0.025394323934635154,0.6333047556204173,0.04290553682724642,0.5466666666666666,0.11925695879998878,0.6954545454545454,0.0992774776169473,0.6673630748885043,0.06210709005303378,0.6478507703599885,0.049807526595606735
xgb,MAP4,0.9929891325033069,0.00247236734859857,0.9929891325033069,0.00247236734859857,0.8102702702702704,0.02296502247161942,0.615361499176972,0.05595443057450665,0.6161904761904762,0.06241547572499408,0.7532051282051282,0.040485673763881264,0.5697742362985131,0.05052378855925081,0.6183798184835559,0.0557960939687615
xgb,MHFP6,1.0,0.0,1.0,0.0,0.8429856329991828,0.022127430891742104,0.6316897021244847,0.08135625149838306,0.375,0.4787135538781691,0.8800000000000001,0.1780277437677072,0.5682109968407609,0.11983865252855505,0.6343604108309991,0.08576967487537888
xgb,MOE,0.9923090166494422,0.002252454351552892,0.9923090166494422,0.002252454351552892,0.8071579247776978,0.03960640392055708,0.7270357768398081,0.030296084808948003,0.4333333333333333,0.27888667551135854,0.6986904761904762,0.12645440727859747,0.6808398709769325,0.04442519449716292,0.7311754385964913,0.03404772328302076
xgb,Matrix,0.9721089013633195,0.0033049059795484926,0.9721089013633195,0.0033049059795484926,0.714065106694972,0.019601186741185477,0.5462557026967392,0.10060125601605699,0.3761904761904762,0.26212112275281685,0.4976190476190476,0.2524890267254798,0.5005566130200952,0.10864278694638264,0.548820869307474,0.10080003129020748
xgb,MorganFP,0.9684438171492331,0.004034546753895256,0.9684438171492331,0.004034546753895256,0.8077602273846857,0.043145491689389394,0.692289044167862,0.05941992436060025,0.6166666666666666,0.11180339887498951,0.7683333333333333,0.12145593114326093,0.6570872399627362,0.05802015989602426,0.6939191471062011,0.058150405541858144
xgb,Path,0.9629126527788788,0.004721434793784921,0.9629126527788788,0.004721434793784921,0.6896527417682137,0.043297803231479026,0.36786100188954396,0.04593680430765725,0.5133333333333333,0.3069563848859023,0.4737301587301587,0.18583643046068593,0.3752717576265124,0.06141416940135364,0.36762073975953424,0.0446304390242779
xgb,PharmacoErGFP,0.8993652540849462,0.009129438758887887,0.8993652540849462,0.009129438758887887,0.8201353276353277,0.021185591832761547,0.5000104643073726,0.04235424712014546,0.6166666666666666,0.11180339887498947,0.6641786283891546,0.1116742721485644,0.4642483475603679,0.03586916566609122,0.5074633982000403,0.04196975501061591
xgb,PharmacoPFP,0.9266284440154209,0.007499990361447085,0.9266284440154209,0.007499990361447085,0.7690707960721899,0.03164670946102797,0.49943183441473094,0.09276885487428803,0.44000000000000006,0.054772255750516585,0.6030088343029519,0.128701667101236,0.4924195900373395,0.09589352007069125,0.5218567251461989,0.10247135951621586
xgb,Property,0.9784053056796796,0.0035783076361448015,0.9784053056796796,0.0035783076361448015,0.7043750128421749,0.02786981676632156,0.5151293591086866,0.04295507200745961,0.42000000000000004,0.1238278374733781,0.45095238095238094,0.06352281001569635,0.466601800976801,0.05272118926731565,0.5261126711126711,0.05215392865227847
xgb,PubChemFP,0.9572084610603786,0.0029806715260028587,0.9572084610603786,0.0029806715260028587,0.793955740555582,0.04755250928340544,0.6168301011755748,0.08015134578193016,0.3333333333333333,0.0,0.47817460317460314,0.16150842400768828,0.5594953132768259,0.08031876031711828,0.6203926911923977,0.0809950000343865
xgb,RDkitFP,0.9929603042400276,0.0013432973510189427,0.9929603042400276,0.0013432973510189427,0.8324400871459694,0.040663876672068604,0.5580582232893156,0.04092611714614761,0.26666666666666666,0.03726779962499649,0.3466666666666667,0.029814239699997216,0.4807147207463636,0.03908627135492244,0.5631940018629278,0.043386398501453996
xgb,Topology,0.9559293983660526,0.007158314829347587,0.9559293983660526,0.007158314829347587,0.7269320412029988,0.0357966180682087,0.48394436033811916,0.037880075339554176,0.6428571428571429,0.0969891115285734,0.6716666666666666,0.06393872680267725,0.455980613980614,0.0402117477370919,0.48412564824026727,0.03813086123279112
xgb,TorsionFP,0.9509883821095452,0.0030529051626411296,0.9509883821095452,0.0030529051626411296,0.8148501352711774,0.0529418434579157,0.5870952672185219,0.03660054272698102,0.36333333333333334,0.2534210374499762,0.6410880945679708,0.09801424514352557,0.5596848556893422,0.0502223858742283,0.5882928827444956,0.03726453167147389
