model,feat,train_EF_0.02,train_EF_0.02_std,val_EF_0.02,val_EF_0.02_std,test_EF_0.02,test_EF_0.02_std,ext_EF_0.02,ext_EF_0.02_std,rmSim_0.6,rmSim_0.6_std,rmSim_0.7,rmSim_0.7_std,rmSim_0.8,rmSim_0.8_std,rmSim_0.9,rmSim_0.9_std
DMPNN,,1.280294627990138,0.003967633992230256,1.280294627990138,0.003967633992230256,1.2540024190799728,0.08031705388564787,1.246458923512748,0.0,4.0,0.0,2.52,0.0,1.4733333333333332,0.0,1.2941176470588236,0.0
DMPNN,AtomPairFP,1.280294627990138,0.003740721201563023,1.280294627990138,0.003740721201563023,1.2911345753132526,0.017513345058116612,1.246458923512748,0.0,0.0,0.0,2.52,0.0,1.4733333333333332,0.0,1.2941176470588236,0.0
DMPNN,Autocorr,1.280294627990138,0.003740721201563023,1.280294627990138,0.003740721201563023,1.2911345753132526,0.017513345058116612,1.246458923512748,0.0,1.6,2.065591117977289,0.252,0.5312626469082877,1.0608,0.24848475125234204,1.2941176470588236,0.0
DMPNN,AvalonFP,1.280294627990138,0.003740721201563023,1.280294627990138,0.003740721201563023,1.2911345753132526,0.017513345058116612,0.7478753541076487,0.37618220402828156,0.0,0.0,0.0,0.0,0.6482666666666667,0.4120653430144062,0.7441176470588236,0.316258159381896
DMPNN,Charge,1.280294627990138,0.003740721201563023,1.280294627990138,0.003740721201563023,1.2540024190799728,0.07572364459662259,1.246458923512748,0.0,0.0,0.0,1.008,0.9939014035607355,1.4733333333333332,0.0,1.2941176470588236,0.0
DMPNN,Connectivity,1.280294627990138,0.003740721201563023,1.280294627990138,0.003740721201563023,1.2911345753132526,0.017513345058116612,1.246458923512748,0.0,0.0,0.0,1.512,0.9939014035607354,1.4143999999999999,0.12424237562617088,1.2941176470588236,0.0
DMPNN,Constitution,1.280294627990138,0.003740721201563023,1.280294627990138,0.003740721201563023,1.2911345753132526,0.017513345058116612,1.246458923512748,0.0,0.0,0.0,0.504,0.6506612021628461,1.2965333333333333,0.15216521235766017,1.2941176470588236,0.0
DMPNN,Estate,1.280294627990138,0.003740721201563023,1.280294627990138,0.003740721201563023,1.2546849954813197,0.08636439381994028,1.2187598363235757,0.058394803083583614,0.0,0.0,2.52,0.0,1.4733333333333332,0.0,1.261764705882353,0.06820598874872978
DMPNN,EstateFP,1.280294627990138,0.003740721201563023,1.280294627990138,0.003740721201563023,1.2911345753132526,0.017513345058116612,1.246458923512748,0.0,0.0,0.0,1.512,1.3013224043256921,1.296533333333333,0.3727271268785129,1.261764705882353,0.06820598874872978
DMPNN,Fragment,1.280294627990138,0.003740721201563023,1.280294627990138,0.003740721201563023,1.2911345753132526,0.017513345058116612,1.2187598363235757,0.058394803083583614,1.6,2.065591117977289,1.512,0.9939014035607354,1.1786666666666665,0.3928888888888888,1.261764705882353,0.06820598874872978
DMPNN,InfoContent,1.280294627990138,0.003740721201563023,1.280294627990138,0.003740721201563023,1.2911345753132526,0.017513345058116612,1.246458923512748,0.0,2.4,2.065591117977289,2.016,0.6506612021628461,1.4733333333333332,0.0,1.2941176470588236,0.0
DMPNN,Kappa,1.280294627990138,0.003740721201563023,1.280294627990138,0.003740721201563023,1.2911345753132526,0.017513345058116612,1.246458923512748,0.0,1.6,2.065591117977289,1.008,0.9939014035607355,1.4733333333333332,0.0,1.2941176470588236,0.0
DMPNN,MACCSFP,1.280294627990138,0.003740721201563023,1.280294627990138,0.003740721201563023,1.2540024190799728,0.07572364459662259,1.246458923512748,0.0,0.0,0.0,0.0,0.0,0.5893333333333334,0.34025175864241947,1.035294117647059,0.23129776125960724
DMPNN,MAP4,1.280294627990138,0.003740721201563023,1.280294627990138,0.003740721201563023,1.2540024190799728,0.07572364459662259,1.246458923512748,0.0,0.0,0.0,2.52,0.0,1.4733333333333332,0.0,1.2941176470588236,0.0
DMPNN,MHFP6,1.280294627990138,0.003740721201563023,1.280294627990138,0.003740721201563023,1.2540024190799728,0.07572364459662259,1.2187598363235757,0.05839480308358361,0.0,0.0,0.504,0.6506612021628461,1.3554666666666666,0.15216521235766015,1.261764705882353,0.0682059887487298
DMPNN,MOE,1.280294627990138,0.003740721201563023,1.280294627990138,0.003740721201563023,1.2911345753132526,0.017513345058116612,1.246458923512748,0.0,0.0,0.0,2.016,0.6506612021628461,1.4733333333333332,0.0,1.2941176470588236,0.0
DMPNN,Matrix,1.280294627990138,0.003740721201563023,1.280294627990138,0.003740721201563023,1.2911345753132526,0.017513345058116612,1.246458923512748,0.0,2.4,2.065591117977289,1.764,1.0625252938165755,1.4733333333333332,0.0,1.2941176470588236,0.0
DMPNN,MorganFP,1.280294627990138,0.003740721201563023,1.280294627990138,0.003740721201563023,1.2546849954813197,0.08636439381994025,1.246458923512748,0.0,0.8,1.6865480854231358,1.008,0.9939014035607355,1.3554666666666666,0.24848475125234196,1.2941176470588236,0.0
DMPNN,Path,1.280294627990138,0.003740721201563023,1.280294627990138,0.003740721201563023,1.2911345753132526,0.017513345058116612,1.246458923512748,0.0,0.8,1.6865480854231358,1.008,0.5312626469082877,1.4143999999999999,0.12424237562617088,1.2941176470588236,0.0
DMPNN,PharmacoErGFP,1.280294627990138,0.003740721201563023,1.280294627990138,0.003740721201563023,1.2911345753132526,0.017513345058116612,1.246458923512748,0.0,0.0,0.0,2.016,0.6506612021628461,1.2965333333333333,0.15216521235766017,1.2941176470588236,0.0
DMPNN,PharmacoPFP,1.280294627990138,0.003740721201563023,1.280294627990138,0.003740721201563023,1.2540024190799728,0.07572364459662259,1.246458923512748,0.0,0.0,0.0,1.764,0.650661202162846,1.2965333333333333,0.15216521235766015,1.2941176470588236,0.0
DMPNN,Property,1.280294627990138,0.003740721201563023,1.280294627990138,0.003740721201563023,1.2911345753132526,0.017513345058116612,1.246458923512748,0.0,2.4,2.065591117977289,1.26,0.0,1.4733333333333332,0.0,1.2941176470588236,0.0
DMPNN,PubChemFP,1.280294627990138,0.003740721201563023,1.280294627990138,0.003740721201563023,1.2911345753132526,0.017513345058116612,1.2187598363235757,0.05839480308358359,1.6,2.065591117977289,0.756,0.6506612021628461,1.1786666666666665,0.2778143975861813,1.164705882352941,0.12760172081195256
DMPNN,RDkitFP,1.280294627990138,0.003740721201563023,1.280294627990138,0.003740721201563023,1.2911345753132526,0.017513345058116612,1.107963487566887,0.22616209984778055,0.0,0.0,0.0,0.0,0.3536,0.2324362012560027,1.1,0.25060480475459757
DMPNN,Topology,1.280294627990138,0.003740721201563023,1.280294627990138,0.003740721201563023,1.2911345753132526,0.017513345058116612,1.246458923512748,0.0,0.8,1.6865480854231358,1.764,1.0625252938165755,1.4143999999999999,0.12424237562617085,1.2941176470588236,0.0
DMPNN,TorsionFP,1.280294627990138,0.003740721201563023,1.280294627990138,0.003740721201563023,1.2911345753132526,0.017513345058116612,1.246458923512748,0.0,0.0,0.0,0.0,0.0,1.0608,0.3167571488664852,1.2294117647058824,0.08353493491819924
fcnn,AtomPairFP,1.280294627990138,0.003967633992230256,1.280294627990138,0.003967633992230256,1.2911345753132526,0.01857570757778124,1.246458923512748,0.0,1.6,2.1908902300206643,2.52,0.0,1.4733333333333332,0.0,1.2941176470588236,0.0
fcnn,Autocorr,1.2757352523726708,0.012708568364536687,1.2757352523726708,0.012708568364536687,1.2534376714566526,0.0691905380812414,1.246458923512748,0.0,0.0,0.0,0.252,0.5634891303299471,1.0018666666666667,0.16139558027818912,1.2941176470588236,0.0
fcnn,AvalonFP,1.280294627990138,0.003967633992230256,1.280294627990138,0.003967633992230256,1.2911345753132526,0.01857570757778124,0.803273528485993,0.15171414875811967,0.0,0.0,0.0,0.0,0.23573333333333335,0.1317789394739876,0.7764705882352941,0.07234337574264024
fcnn,Charge,1.2528962358245055,0.03923406836089264,1.2528962358245055,0.03923406836089264,1.2182354156493869,0.172403541022138,1.1356625747560591,0.06193704186968257,0.0,0.0,1.512,0.5634891303299471,1.2965333333333333,0.16139558027818882,1.164705882352941,0.07234337574264035
fcnn,Connectivity,1.280294627990138,0.003967633992230256,1.280294627990138,0.003967633992230256,1.2911345753132526,0.01857570757778124,1.246458923512748,0.0,0.0,0.0,1.512,0.5634891303299471,1.4143999999999999,0.13177893947398747,1.2941176470588236,0.0
fcnn,Constitution,1.280294627990138,0.003967633992230256,1.280294627990138,0.003967633992230256,1.2911345753132526,0.01857570757778124,1.246458923512748,0.0,0.0,0.0,0.252,0.5634891303299471,1.1786666666666668,0.0,1.2941176470588236,0.0
fcnn,Estate,1.280294627990138,0.003967633992230256,1.280294627990138,0.003967633992230256,1.1805385117927873,0.165212206184166,1.107963487566887,0.0,0.0,0.0,0.252,0.5634891303299471,1.296533333333333,0.26355787894797517,1.1323529411764706,0.0
fcnn,EstateFP,1.280294627990138,0.003967633992230256,1.280294627990138,0.003967633992230256,1.2911345753132526,0.01857570757778124,0.7201762669184766,0.06193704186968251,0.0,0.0,0.0,0.0,0.1768,0.16139558027818895,0.6470588235294118,0.0
fcnn,Fragment,1.280294627990138,0.003967633992230256,1.280294627990138,0.003967633992230256,1.21755283924804,0.1054196522728777,1.0802644003777147,0.06193704186968255,0.0,0.0,0.0,0.0,0.5893333333333334,0.0,1.1,0.07234337574264026
fcnn,InfoContent,1.2574322239188853,0.0038967833852261336,1.2574322239188853,0.0038967833852261336,1.2911345753132526,0.01857570757778124,1.107963487566887,0.0,0.0,0.0,1.26,0.0,1.4733333333333332,0.0,1.1323529411764706,0.0
fcnn,Kappa,1.2619979144610303,0.009904468845258602,1.2619979144610303,0.009904468845258602,1.2911345753132526,0.01857570757778124,1.246458923512748,0.0,0.0,0.0,0.0,0.0,1.1786666666666668,0.0,1.2941176470588236,0.0
fcnn,MACCSFP,1.280294627990138,0.003967633992230256,1.280294627990138,0.003967633992230256,1.2540024190799728,0.08031705388564787,1.1910607491344034,0.07585707437905995,0.0,0.0,0.0,0.0,0.23573333333333335,0.1317789394739876,0.8088235294117647,0.1617647058823529
fcnn,MAP4,1.280294627990138,0.003967633992230256,1.280294627990138,0.003967633992230256,1.2540024190799728,0.08031705388564787,1.246458923512748,0.0,0.0,0.0,2.268,0.563489130329947,1.4733333333333332,0.0,1.2941176470588236,0.0
fcnn,MHFP6,1.2620064892339125,0.03018528544534878,1.2620064892339125,0.03018528544534878,1.1804206830147599,0.1662029387559811,1.2187598363235757,0.06193704186968263,0.0,0.0,0.0,0.0,1.0018666666666667,0.2635578789479752,1.1970588235294117,0.08860217841995344
fcnn,MOE,1.280294627990138,0.003967633992230256,1.280294627990138,0.003967633992230256,1.2911345753132526,0.01857570757778124,1.246458923512748,0.0,0.8,1.788854381999832,2.52,0.0,1.4143999999999999,0.1317789394739875,1.2941176470588236,0.0
fcnn,Matrix,1.2391400300861863,0.05704899701119101,1.2391400300861863,0.05704899701119101,1.2546849954813197,0.09160327278471798,1.2187598363235757,0.0619370418696826,0.0,0.0,1.512,1.0541916334329353,1.001866666666667,0.3953368184219629,1.261764705882353,0.07234337574264031
fcnn,MorganFP,1.280294627990138,0.003967633992230256,1.280294627990138,0.003967633992230256,1.2911345753132526,0.01857570757778124,1.246458923512748,0.0,0.0,0.0,1.26,0.0,1.4733333333333332,0.0,1.2941176470588236,0.0
fcnn,Path,1.280294627990138,0.003967633992230256,1.280294627990138,0.003967633992230256,1.2911345753132526,0.01857570757778124,1.246458923512748,0.0,0.0,0.0,0.756,0.6901304224565092,1.1786666666666668,0.0,1.2941176470588236,0.0
fcnn,PharmacoErGFP,1.280294627990138,0.003967633992230256,1.280294627990138,0.003967633992230256,1.2911345753132526,0.01857570757778124,1.246458923512748,0.0,0.0,0.0,1.764,0.6901304224565094,1.1197333333333332,0.13177893947398772,1.2941176470588236,0.0
fcnn,PharmacoPFP,1.280294627990138,0.003967633992230256,1.280294627990138,0.003967633992230256,1.2911345753132526,0.01857570757778124,1.246458923512748,0.0,0.0,0.0,1.764,0.6901304224565092,1.1786666666666668,0.20836079818963602,1.2941176470588236,0.0
fcnn,Property,1.2345698198476331,0.0038259327782220473,1.2345698198476331,0.0038259327782220473,1.2911345753132526,0.01857570757778124,1.246458923512748,0.0,0.0,0.0,0.504,0.6901304224565094,1.1197333333333332,0.1317789394739877,1.2941176470588236,0.0
fcnn,PubChemFP,1.280294627990138,0.003967633992230256,1.280294627990138,0.003967633992230256,1.2911345753132526,0.01857570757778124,1.2187598363235757,0.0619370418696826,0.0,0.0,0.0,0.0,0.4714666666666667,0.16139558027818895,1.2294117647058824,0.14468675148528054
fcnn,RDkitFP,1.280294627990138,0.003967633992230256,1.280294627990138,0.003967633992230256,1.2911345753132526,0.01857570757778124,1.246458923512748,0.0,0.0,0.0,0.756,1.1269782606598941,1.296533333333333,0.26355787894797517,1.2941176470588236,0.0
fcnn,Topology,1.271169561830526,0.015342594694651254,1.271169561830526,0.015342594694651254,1.2534376714566526,0.0691905380812414,1.246458923512748,0.0,0.0,0.0,1.008,0.563489130329947,1.001866666666667,0.3953368184219629,1.2941176470588236,0.0
fcnn,TorsionFP,1.280294627990138,0.003967633992230256,1.280294627990138,0.003967633992230256,1.2911345753132526,0.01857570757778124,1.246458923512748,0.0,0.0,0.0,0.252,0.5634891303299471,1.3554666666666666,0.16139558027818882,1.2941176470588236,0.0
log,AtomPairFP,1.280294627990138,0.003967633992230256,1.280294627990138,0.003967633992230256,1.2911345753132526,0.01857570757778124,1.246458923512748,0.0,0.8,1.7888543819998317,2.52,0.0,1.4733333333333332,0.0,1.2941176470588236,0.0
log,Autocorr,1.280294627990138,0.003967633992230256,1.280294627990138,0.003967633992230256,1.2534376714566526,0.0691905380812414,1.246458923512748,0.0,3.2,1.7888543819998317,2.52,0.0,1.4733333333333332,0.0,1.2941176470588236,0.0
log,AvalonFP,1.280294627990138,0.003967633992230256,1.280294627990138,0.003967633992230256,1.2911345753132526,0.01857570757778124,1.1910607491344034,0.07585707437905992,4.0,0.0,1.512,0.5634891303299471,1.0018666666666667,0.1613955802781891,1.2294117647058824,0.08860217841995341
log,Charge,1.2391460742272191,0.01144572928695958,1.2391460742272191,0.01144572928695958,1.2182354156493869,0.11452437549673242,1.1356625747560591,0.06193704186968257,0.0,0.0,2.52,0.0,1.3554666666666666,0.1613955802781888,1.164705882352941,0.07234337574264035
log,Connectivity,1.280294627990138,0.003967633992230256,1.280294627990138,0.003967633992230256,1.2911345753132526,0.01857570757778124,1.246458923512748,0.0,0.0,0.0,0.504,1.1269782606598941,1.2965333333333333,0.16139558027818876,1.2941176470588236,0.0
log,Constitution,1.2665975563637033,0.031920146703463,1.2665975563637033,0.031920146703463,1.21755283924804,0.10541965227287764,1.246458923512748,0.0,0.0,0.0,1.008,0.5634891303299471,1.3554666666666666,0.2635578789479752,1.261764705882353,0.07234337574264028
log,Estate,1.280294627990138,0.003967633992230256,1.280294627990138,0.003967633992230256,1.2546849954813197,0.09160327278471804,1.107963487566887,0.0,0.0,0.0,2.52,0.0,1.4733333333333332,0.0,1.1323529411764706,0.0
log,EstateFP,1.2711421192309655,0.020258526342709672,1.2711421192309655,0.020258526342709672,1.2544149985936757,0.08736613304047118,0.803273528485993,0.11587359511331226,0.0,0.0,0.0,0.0,0.0,0.0,0.6470588235294118,0.0
log,Fragment,1.280294627990138,0.003967633992230256,1.280294627990138,0.003967633992230256,1.21755283924804,0.1054196522728777,1.2187598363235757,0.06193704186968257,4.0,0.0,1.26,0.0,1.1197333333333332,0.13177893947398764,1.261764705882353,0.07234337574264027
log,InfoContent,1.225427874925902,0.013439182744941226,1.225427874925902,0.013439182744941226,1.2534376714566526,0.0691905380812414,1.107963487566887,0.0,0.0,0.0,0.504,0.6901304224565094,1.4733333333333332,0.0,1.1323529411764706,0.0
log,Kappa,1.2619979144610303,0.009904468845258602,1.2619979144610303,0.009904468845258602,1.2911345753132526,0.01857570757778124,1.246458923512748,0.0,0.0,0.0,0.756,0.6901304224565092,1.1786666666666668,0.0,1.2941176470588236,0.0
log,MACCSFP,1.2574322239188853,0.0038967833852261336,1.2574322239188853,0.0038967833852261336,1.21755283924804,0.10541965227287764,1.0802644003777147,0.11587359511331236,0.0,0.0,0.0,0.0,0.11786666666666668,0.16139558027818895,0.6794117647058824,0.13534206311580635
log,MAP4,1.280294627990138,0.003967633992230256,1.280294627990138,0.003967633992230256,1.2546849954813197,0.09160327278471798,1.2187598363235757,0.0619370418696826,0.0,0.0,1.512,0.5634891303299471,1.3554666666666666,0.16139558027818876,1.261764705882353,0.07234337574264027
log,MHFP6,1.280294627990138,0.003967633992230256,1.280294627990138,0.003967633992230256,1.2540024190799728,0.08031705388564787,1.2187598363235757,0.06193704186968263,0.0,0.0,1.008,0.563489130329947,1.1786666666666668,0.20836079818963602,1.2294117647058824,0.0886021784199534
log,MOE,1.2574322239188853,0.0038967833852261336,1.2574322239188853,0.0038967833852261336,1.2540024190799728,0.08031705388564787,1.246458923512748,0.0,0.0,0.0,0.504,0.6901304224565094,1.2376,0.13177893947398753,1.2941176470588236,0.0
log,Matrix,1.280294627990138,0.003967633992230256,1.280294627990138,0.003967633992230256,1.2911345753132526,0.01857570757778124,1.246458923512748,0.0,0.0,0.0,2.52,0.0,1.4143999999999999,0.1317789394739875,1.2941176470588236,0.0
log,MorganFP,1.280294627990138,0.003967633992230256,1.280294627990138,0.003967633992230256,1.2911345753132526,0.01857570757778124,1.246458923512748,0.0,0.0,0.0,1.008,1.0541916334329353,1.4733333333333332,0.0,1.2941176470588236,0.0
log,Path,1.280294627990138,0.003967633992230256,1.280294627990138,0.003967633992230256,1.2911345753132526,0.01857570757778124,1.246458923512748,0.0,0.0,0.0,1.26,0.0,1.2376,0.13177893947398758,1.2941176470588236,0.0
log,PharmacoErGFP,1.280294627990138,0.003967633992230256,1.280294627990138,0.003967633992230256,1.2911345753132526,0.01857570757778124,1.246458923512748,0.0,0.0,0.0,1.764,0.6901304224565094,1.0608,0.16139558027818904,1.2941176470588236,0.0
log,PharmacoPFP,1.280294627990138,0.003967633992230256,1.280294627990138,0.003967633992230256,1.2911345753132526,0.01857570757778124,1.1356625747560591,0.06193704186968257,0.0,0.0,0.756,0.6901304224565094,0.5304,0.24653582115204084,1.1323529411764706,0.0
log,Property,1.2574322239188853,0.0038967833852261336,1.2574322239188853,0.0038967833852261336,1.2911345753132526,0.01857570757778124,1.107963487566887,0.0,0.0,0.0,0.0,0.0,0.9429333333333332,0.13177893947398775,1.1323529411764706,0.0
log,PubChemFP,1.280294627990138,0.003967633992230256,1.280294627990138,0.003967633992230256,1.2911345753132526,0.01857570757778124,1.246458923512748,0.0,0.0,0.0,0.0,0.0,0.4714666666666666,0.3359716919292126,1.2294117647058824,0.0886021784199534
log,RDkitFP,1.280294627990138,0.003967633992230256,1.280294627990138,0.003967633992230256,1.2911345753132526,0.01857570757778124,0.9971671388101984,0.28383118268946955,0.0,0.0,0.0,0.0,0.4714666666666666,0.3359716919292126,0.9382352941176471,0.3111606245270365
log,Topology,1.280294627990138,0.003967633992230256,1.280294627990138,0.003967633992230256,1.2911345753132526,0.01857570757778124,1.246458923512748,0.0,0.0,0.0,0.0,0.0,0.41253333333333336,0.16139558027818895,1.1323529411764706,0.0
log,TorsionFP,1.280294627990138,0.003967633992230256,1.280294627990138,0.003967633992230256,1.2911345753132526,0.01857570757778124,1.1910607491344034,0.1238740837393652,0.0,0.0,0.0,0.0,0.7072,0.16139558027818884,1.1970588235294117,0.14468675148528054
rf,AtomPairFP,1.280294627990138,0.003967633992230256,1.280294627990138,0.003967633992230256,1.2911345753132526,0.01857570757778124,1.246458923512748,0.0,0.0,0.0,2.52,0.0,1.4733333333333332,0.0,1.2941176470588236,0.0
rf,Autocorr,1.280294627990138,0.003967633992230256,1.280294627990138,0.003967633992230256,1.2911345753132526,0.01857570757778124,1.246458923512748,0.0,3.2,1.7888543819998317,2.52,0.0,1.4733333333333332,0.0,1.2941176470588236,0.0
rf,AvalonFP,1.280294627990138,0.003967633992230256,1.280294627990138,0.003967633992230256,1.2540024190799728,0.08031705388564787,1.246458923512748,0.0,0.0,0.0,0.0,0.0,1.3554666666666666,0.2635578789479752,1.2941176470588236,0.0
rf,Charge,1.280294627990138,0.003967633992230256,1.280294627990138,0.003967633992230256,1.2911345753132526,0.01857570757778124,1.246458923512748,0.0,0.0,0.0,0.0,0.0,1.4143999999999999,0.1317789394739875,1.2941176470588236,0.0
rf,Connectivity,1.280294627990138,0.003967633992230256,1.280294627990138,0.003967633992230256,1.2911345753132526,0.01857570757778124,1.246458923512748,0.0,0.0,0.0,2.016,0.6901304224565092,1.3554666666666666,0.16139558027818876,1.261764705882353,0.07234337574264028
rf,Constitution,1.280294627990138,0.003967633992230256,1.280294627990138,0.003967633992230256,1.21755283924804,0.10541965227287764,1.246458923512748,0.0,0.0,0.0,1.008,0.5634891303299471,1.2965333333333333,0.16139558027818884,1.2941176470588236,0.0
rf,Estate,1.280294627990138,0.003967633992230256,1.280294627990138,0.003967633992230256,1.2911345753132526,0.01857570757778124,1.246458923512748,0.0,0.0,0.0,0.0,0.0,1.4143999999999999,0.1317789394739875,1.2941176470588236,0.0
rf,EstateFP,1.280294627990138,0.003967633992230256,1.280294627990138,0.003967633992230256,1.2911345753132526,0.01857570757778124,0.9971671388101981,0.11587359511331231,0.0,0.0,0.0,0.0,1.2376,0.24653582115204078,0.9705882352941178,0.22876984097211833
rf,Fragment,1.280294627990138,0.003967633992230256,1.280294627990138,0.003967633992230256,1.2911345753132526,0.01857570757778124,1.246458923512748,0.0,0.0,0.0,0.0,0.0,0.5304,0.38419832841327617,1.261764705882353,0.07234337574264027
rf,InfoContent,1.280294627990138,0.003967633992230256,1.280294627990138,0.003967633992230256,1.2911345753132526,0.01857570757778124,1.2187598363235757,0.0619370418696826,0.0,0.0,1.26,0.0,1.4733333333333332,0.0,1.2294117647058824,0.08860217841995341
rf,Kappa,1.280294627990138,0.003967633992230256,1.280294627990138,0.003967633992230256,1.2911345753132526,0.01857570757778124,1.246458923512748,0.0,0.0,0.0,0.756,1.1269782606598941,0.9429333333333332,0.24653582115204095,1.1323529411764706,0.1143849204860592
rf,MACCSFP,1.280294627990138,0.003967633992230256,1.280294627990138,0.003967633992230256,1.2540024190799728,0.08031705388564787,1.246458923512748,0.0,0.0,0.0,0.0,0.0,1.1786666666666668,0.0,1.261764705882353,0.07234337574264028
rf,MAP4,1.280294627990138,0.003967633992230256,1.280294627990138,0.003967633992230256,1.2911345753132526,0.01857570757778124,1.246458923512748,0.0,0.0,0.0,2.268,0.563489130329947,1.4733333333333332,0.0,1.2941176470588236,0.0
rf,MHFP6,1.280294627990138,0.003967633992230256,1.280294627990138,0.003967633992230256,1.2911345753132526,0.01857570757778124,1.246458923512748,0.0,0.0,0.0,0.756,0.6901304224565094,1.2376,0.13177893947398753,1.261764705882353,0.07234337574264028
rf,MOE,1.280294627990138,0.003967633992230256,1.280294627990138,0.003967633992230256,1.2911345753132526,0.01857570757778124,1.246458923512748,0.0,0.0,0.0,2.016,0.6901304224565092,1.4733333333333332,0.0,1.2941176470588236,0.0
rf,Matrix,1.280294627990138,0.003967633992230256,1.280294627990138,0.003967633992230256,1.2911345753132526,0.01857570757778124,1.246458923512748,0.0,2.4,2.1908902300206643,2.016,0.6901304224565094,1.4733333333333332,0.0,1.2941176470588236,0.0
rf,MorganFP,1.280294627990138,0.003967633992230256,1.280294627990138,0.003967633992230256,1.2911345753132526,0.01857570757778124,1.246458923512748,0.0,0.0,0.0,0.0,0.0,1.4733333333333332,0.0,1.2941176470588236,0.0
rf,Path,1.280294627990138,0.003967633992230256,1.280294627990138,0.003967633992230256,1.2911345753132526,0.01857570757778124,1.246458923512748,0.0,0.0,0.0,2.268,0.563489130329947,1.4143999999999999,0.13177893947398742,1.2941176470588236,0.0
rf,PharmacoErGFP,1.280294627990138,0.003967633992230256,1.280294627990138,0.003967633992230256,1.2540024190799728,0.08031705388564787,1.2187598363235757,0.06193704186968257,0.0,0.0,2.52,0.0,1.4733333333333332,0.0,1.164705882352941,0.07234337574264035
rf,PharmacoPFP,1.280294627990138,0.003967633992230256,1.280294627990138,0.003967633992230256,1.21755283924804,0.10541965227287764,1.1910607491344034,0.0758570743790599,0.0,0.0,1.26,0.0,1.4143999999999999,0.13177893947398747,1.164705882352941,0.07234337574264027
rf,Property,1.280294627990138,0.003967633992230256,1.280294627990138,0.003967633992230256,1.2911345753132526,0.01857570757778124,1.246458923512748,0.0,3.2,1.7888543819998317,2.268,0.5634891303299471,1.4733333333333332,0.0,1.2941176470588236,0.0
rf,PubChemFP,1.280294627990138,0.003967633992230256,1.280294627990138,0.003967633992230256,1.2911345753132526,0.01857570757778124,1.246458923512748,0.0,0.0,0.0,0.504,1.1269782606598941,1.4143999999999999,0.1317789394739875,1.2941176470588236,0.0
rf,RDkitFP,1.280294627990138,0.003967633992230256,1.280294627990138,0.003967633992230256,1.2540024190799728,0.08031705388564787,1.246458923512748,0.0,0.0,0.0,2.016,0.6901304224565094,1.4733333333333332,0.0,1.2941176470588236,0.0
rf,Topology,1.280294627990138,0.003967633992230256,1.280294627990138,0.003967633992230256,1.2911345753132526,0.01857570757778124,1.246458923512748,0.0,0.0,0.0,2.52,0.0,1.4733333333333332,0.0,1.261764705882353,0.07234337574264027
rf,TorsionFP,1.280294627990138,0.003967633992230256,1.280294627990138,0.003967633992230256,1.2911345753132526,0.01857570757778124,1.246458923512748,0.0,0.0,0.0,0.252,0.5634891303299471,1.4733333333333332,0.0,1.2941176470588236,0.0
svm,AtomPairFP,1.280294627990138,0.003967633992230256,1.280294627990138,0.003967633992230256,1.2911345753132526,0.01857570757778124,1.246458923512748,0.0,0.8,1.7888543819998317,2.268,0.563489130329947,1.4733333333333332,0.0,1.2941176470588236,0.0
svm,Autocorr,1.280294627990138,0.003967633992230256,1.280294627990138,0.003967633992230256,1.2911345753132526,0.01857570757778124,1.246458923512748,0.0,4.0,0.0,2.268,0.563489130329947,1.4733333333333332,0.0,1.2941176470588236,0.0
svm,AvalonFP,1.280294627990138,0.003967633992230256,1.280294627990138,0.003967633992230256,1.2911345753132526,0.01857570757778124,1.2187598363235757,0.0619370418696826,4.0,0.0,2.52,0.0,1.4143999999999999,0.1317789394739875,1.261764705882353,0.07234337574264027
svm,Charge,1.2070951440243516,0.01610981820793779,1.2070951440243516,0.01610981820793779,1.21698809162472,0.09694504869503834,1.1633616619452314,0.0758570743790599,0.0,0.0,2.268,0.563489130329947,1.4733333333333332,0.0,1.261764705882353,0.07234337574264027
svm,Connectivity,1.2757289374479932,0.011902578162794181,1.2757289374479932,0.011902578162794181,1.2544149985936757,0.08736613304047118,1.246458923512748,0.0,2.4,2.1908902300206643,2.52,0.0,1.4733333333333332,0.0,1.2941176470588236,0.0
svm,Constitution,1.2117668206719103,0.045005229171258085,1.2117668206719103,0.045005229171258085,1.068307298581984,0.1416120381594211,1.1910607491344034,0.07585707437905996,0.0,0.0,1.008,0.5634891303299471,1.4143999999999999,0.1317789394739875,1.1323529411764706,0.0
svm,Estate,1.2437606058274526,0.024065174124831914,1.2437606058274526,0.024065174124831914,1.2546849954813197,0.09160327278471798,1.0525653131885426,0.07585707437905986,0.0,0.0,1.26,0.0,1.1786666666666668,0.0,1.0029411764705882,0.07234337574264024
svm,EstateFP,1.1888787692293667,0.037649939189553006,1.1888787692293667,0.037649939189553006,1.069967202120354,0.15514645584918554,0.7478753541076487,0.15790909255386235,2.4,2.1908902300206643,1.512,1.3802608449130187,0.6482666666666667,0.13177893947398756,0.38823529411764707,0.08860217841995334
svm,Fragment,1.280294627990138,0.003967633992230256,1.280294627990138,0.003967633992230256,1.2911345753132526,0.01857570757778124,1.246458923512748,0.0,4.0,0.0,2.016,0.6901304224565094,1.1786666666666668,0.0,1.2941176470588236,0.0
svm,InfoContent,1.133931677431008,0.028780330187949985,1.133931677431008,0.028780330187949985,1.1414764551334935,0.18826048790853625,0.969468051621026,0.0,0.0,0.0,1.26,0.0,1.1786666666666668,0.0,0.9705882352941175,0.0
svm,Kappa,0.9095025896987586,0.18570669622172947,0.9095025896987586,0.18570669622172947,0.7017541855750574,0.15937937862945084,1.0525653131885426,0.28719024851949004,0.8,1.788854381999832,1.764,0.6901304224565094,1.3554666666666666,0.2635578789479752,1.1,0.3506975254050982
svm,MACCSFP,1.2620084782984715,0.019807495161108267,1.2620084782984715,0.019807495161108267,1.2168702628466928,0.16231010949122016,1.246458923512748,0.0,3.2,1.7888543819998317,1.26,0.8909545442950499,0.9429333333333334,0.24653582115204095,1.1970588235294117,0.14468675148528054
svm,MAP4,1.280294627990138,0.003967633992230256,1.280294627990138,0.003967633992230256,1.2911345753132526,0.01857570757778124,1.246458923512748,0.0,0.0,0.0,2.268,0.563489130329947,1.3554666666666666,0.16139558027818876,1.2941176470588236,0.0
svm,MHFP6,1.280294627990138,0.003967633992230256,1.280294627990138,0.003967633992230256,1.2540024190799728,0.08031705388564787,1.1633616619452314,0.07585707437905992,0.0,0.0,0.756,0.6901304224565094,1.1786666666666668,0.20836079818963596,1.1970588235294117,0.08860217841995338
svm,MOE,1.2574322239188853,0.0038967833852261336,1.2574322239188853,0.0038967833852261336,1.2540024190799728,0.08031705388564787,1.246458923512748,0.0,0.0,0.0,1.512,0.563489130329947,1.4733333333333332,0.0,1.2941176470588236,0.0
svm,Matrix,1.257421660081444,0.01559394532178308,1.257421660081444,0.01559394532178308,1.2911345753132526,0.01857570757778124,1.2187598363235757,0.06193704186968263,0.0,0.0,2.52,0.0,1.4733333333333332,0.0,1.2294117647058824,0.08860217841995338
svm,MorganFP,1.280294627990138,0.003967633992230256,1.280294627990138,0.003967633992230256,1.2911345753132526,0.01857570757778124,1.246458923512748,0.0,0.0,0.0,1.512,1.054191633432935,1.4733333333333332,0.0,1.2941176470588236,0.0
svm,Path,1.2619979144610303,0.009904468845258602,1.2619979144610303,0.009904468845258602,1.217965418761743,0.11105364027223069,1.246458923512748,0.0,0.0,0.0,2.268,0.563489130329947,1.2376,0.13177893947398753,1.2941176470588236,0.0
svm,PharmacoErGFP,1.280294627990138,0.003967633992230256,1.280294627990138,0.003967633992230256,1.2168702628466928,0.16231010949122016,1.246458923512748,0.0,0.0,0.0,1.26,0.0,1.0608,0.16139558027818904,1.2941176470588236,0.0
svm,PharmacoPFP,1.275699235000228,0.006901230844513701,1.275699235000228,0.006901230844513701,1.2911345753132526,0.01857570757778124,0.7201762669184765,0.38430923810041595,0.0,0.0,0.0,0.0,0.05893333333333334,0.1317789394739876,0.3558823529411765,0.289373502970561
svm,Property,1.2482902789971544,0.013465899916373711,1.2482902789971544,0.013465899916373711,1.2911345753132526,0.01857570757778124,1.246458923512748,0.0,0.0,0.0,1.26,0.0,1.2376,0.13177893947398753,1.2941176470588236,0.0
svm,PubChemFP,1.280294627990138,0.003967633992230256,1.280294627990138,0.003967633992230256,1.2911345753132526,0.01857570757778124,1.246458923512748,0.0,0.0,0.0,0.0,0.0,0.5304,0.48418674083456686,1.2294117647058824,0.14468675148528057
svm,RDkitFP,1.280294627990138,0.003967633992230256,1.280294627990138,0.003967633992230256,1.2911345753132526,0.01857570757778124,0.5816808309726156,0.4200774561388332,0.0,0.0,0.252,0.5634891303299471,0.4714666666666667,0.4930716423040819,0.55,0.42183074386605374
svm,Topology,1.1750484627342472,0.047770855009193015,1.1750484627342472,0.047770855009193015,1.216305515223373,0.08598653664406454,0.5262826565942713,0.24774816747873019,0.0,0.0,0.0,0.0,0.05893333333333334,0.1317789394739876,0.22647058823529412,0.1844401422954488
svm,TorsionFP,1.280294627990138,0.003967633992230256,1.280294627990138,0.003967633992230256,1.1815158389298102,0.1741226565735406,1.0802644003777147,0.11587359511331236,0.0,0.0,0.0,0.0,0.4714666666666666,0.26355787894797517,1.035294117647059,0.18444014229544878
xgb,AtomPairFP,1.280294627990138,0.003967633992230256,1.280294627990138,0.003967633992230256,1.2911345753132526,0.01857570757778124,1.246458923512748,0.0,0.0,0.0,2.268,0.563489130329947,1.4733333333333332,0.0,1.2941176470588236,0.0
xgb,Autocorr,1.280294627990138,0.003967633992230256,1.280294627990138,0.003967633992230256,1.2911345753132526,0.01857570757778124,1.246458923512748,0.0,0.0,0.0,1.26,1.26,1.4143999999999999,0.1317789394739875,1.2941176470588236,0.0
xgb,AvalonFP,1.280294627990138,0.003967633992230256,1.280294627990138,0.003967633992230256,1.2911345753132526,0.01857570757778124,1.246458923512748,0.0,0.0,0.0,0.0,0.0,1.0018666666666667,0.2635578789479752,1.261764705882353,0.07234337574264033
xgb,Charge,1.280294627990138,0.003967633992230256,1.280294627990138,0.003967633992230256,1.2911345753132526,0.01857570757778124,1.2187598363235757,0.0619370418696826,0.0,0.0,2.268,0.563489130329947,1.3554666666666666,0.16139558027818876,1.261764705882353,0.07234337574264031
xgb,Connectivity,1.280294627990138,0.003967633992230256,1.280294627990138,0.003967633992230256,1.2911345753132526,0.01857570757778124,1.246458923512748,0.0,0.0,0.0,1.26,0.8909545442950499,1.4143999999999999,0.1317789394739875,1.2941176470588236,0.0
xgb,Constitution,1.280294627990138,0.003967633992230256,1.280294627990138,0.003967633992230256,1.2911345753132526,0.01857570757778124,1.2187598363235757,0.06193704186968263,0.0,0.0,1.26,1.26,1.296533333333333,0.3953368184219627,1.261764705882353,0.07234337574264028
xgb,Estate,1.280294627990138,0.003967633992230256,1.280294627990138,0.003967633992230256,1.2911345753132526,0.01857570757778124,1.246458923512748,0.0,0.0,0.0,1.26,0.8909545442950499,1.4143999999999999,0.13177893947398747,1.2941176470588236,0.0
xgb,EstateFP,1.280294627990138,0.003967633992230256,1.280294627990138,0.003967633992230256,1.2911345753132526,0.01857570757778124,1.246458923512748,0.0,0.0,0.0,1.26,0.0,0.5893333333333334,0.0,1.2941176470588236,0.0
xgb,Fragment,1.280294627990138,0.003967633992230256,1.280294627990138,0.003967633992230256,1.2911345753132526,0.01857570757778124,1.1910607491344034,0.07585707437905992,0.0,0.0,0.0,0.0,0.7661333333333333,0.16139558027818884,1.1970588235294117,0.08860217841995341
xgb,InfoContent,1.280294627990138,0.003967633992230256,1.280294627990138,0.003967633992230256,1.2534376714566526,0.0691905380812414,1.1356625747560591,0.11587359511331238,0.0,0.0,0.504,1.1269782606598941,1.4143999999999999,0.1317789394739875,1.1647058823529413,0.13534206311580638
xgb,Kappa,1.280294627990138,0.003967633992230256,1.280294627990138,0.003967633992230256,1.2911345753132526,0.01857570757778124,1.2187598363235757,0.0619370418696826,0.0,0.0,2.016,1.1269782606598941,1.2965333333333333,0.16139558027818876,1.2294117647058824,0.0886021784199534
xgb,MACCSFP,1.280294627990138,0.003967633992230256,1.280294627990138,0.003967633992230256,1.2911345753132526,0.01857570757778124,1.246458923512748,0.0,0.0,0.0,0.252,0.5634891303299471,0.9429333333333332,0.24653582115204092,1.2941176470588236,0.0
xgb,MAP4,1.280294627990138,0.003967633992230256,1.280294627990138,0.003967633992230256,1.2540024190799728,0.08031705388564787,1.246458923512748,0.0,0.0,0.0,1.764,0.6901304224565094,1.4733333333333332,0.0,1.261764705882353,0.07234337574264028
xgb,MHFP6,1.280294627990138,0.003967633992230256,1.280294627990138,0.003967633992230256,1.2540024190799728,0.08031705388564787,1.246458923512748,0.0,0.0,0.0,1.008,1.0541916334329353,1.4733333333333332,0.0,1.261764705882353,0.07234337574264028
xgb,MOE,1.280294627990138,0.003967633992230256,1.280294627990138,0.003967633992230256,1.2911345753132526,0.01857570757778124,1.246458923512748,0.0,0.0,0.0,0.756,1.1269782606598941,1.296533333333333,0.26355787894797517,1.2941176470588236,0.0
xgb,Matrix,1.280294627990138,0.003967633992230256,1.280294627990138,0.003967633992230256,1.21755283924804,0.10541965227287764,1.2187598363235757,0.06193704186968263,0.0,0.0,1.512,0.563489130329947,1.2376,0.24653582115204078,1.261764705882353,0.07234337574264028
xgb,MorganFP,1.280294627990138,0.003967633992230256,1.280294627990138,0.003967633992230256,1.2911345753132526,0.01857570757778124,1.246458923512748,0.0,0.0,0.0,1.008,0.563489130329947,1.3554666666666666,0.16139558027818876,1.2941176470588236,0.0
xgb,Path,1.280294627990138,0.003967633992230256,1.280294627990138,0.003967633992230256,1.2546849954813197,0.09160327278471804,1.2187598363235757,0.06193704186968263,0.0,0.0,0.504,0.6901304224565094,1.1786666666666668,0.20836079818963602,1.261764705882353,0.07234337574264028
xgb,PharmacoErGFP,1.280294627990138,0.003967633992230256,1.280294627990138,0.003967633992230256,1.2544149985936757,0.08736613304047118,1.246458923512748,0.0,0.0,0.0,1.008,1.054191633432935,1.3554666666666666,0.16139558027818882,1.2941176470588236,0.0
xgb,PharmacoPFP,1.280294627990138,0.003967633992230256,1.280294627990138,0.003967633992230256,1.2911345753132526,0.01857570757778124,1.246458923512748,0.0,0.0,0.0,1.008,0.5634891303299471,1.2376,0.13177893947398753,1.2941176470588236,0.0
xgb,Property,1.280294627990138,0.003967633992230256,1.280294627990138,0.003967633992230256,1.2911345753132526,0.01857570757778124,1.246458923512748,0.0,1.6,2.1908902300206647,2.268,0.5634891303299471,1.4733333333333332,0.0,1.2941176470588236,0.0
xgb,PubChemFP,1.280294627990138,0.003967633992230256,1.280294627990138,0.003967633992230256,1.2911345753132526,0.01857570757778124,1.246458923512748,0.0,0.0,0.0,0.756,1.1269782606598941,0.884,0.46590890859814116,1.2941176470588236,0.0
xgb,RDkitFP,1.280294627990138,0.003967633992230256,1.280294627990138,0.003967633992230256,1.2911345753132526,0.01857570757778124,1.2187598363235757,0.06193704186968263,0.0,0.0,1.26,1.26,1.4143999999999999,0.13177893947398742,1.261764705882353,0.07234337574264028
xgb,Topology,1.280294627990138,0.003967633992230256,1.280294627990138,0.003967633992230256,1.2911345753132526,0.01857570757778124,1.246458923512748,0.0,0.0,0.0,2.52,0.0,1.4733333333333332,0.0,1.2941176470588236,0.0
xgb,TorsionFP,1.280294627990138,0.003967633992230256,1.280294627990138,0.003967633992230256,1.2911345753132526,0.01857570757778124,1.1633616619452314,0.07585707437905993,0.0,0.0,0.0,0.0,1.1786666666666668,0.0,1.1970588235294117,0.08860217841995341
