model,feat,train_p_stat,train_p_stat_std,val_p_stat,val_p_stat_std,test_p_stat,test_p_stat_std,ext_p_stat,ext_p_stat_std,rmSim_0.6,rmSim_0.6_std,rmSim_0.7,rmSim_0.7_std,rmSim_0.8,rmSim_0.8_std,rmSim_0.9,rmSim_0.9_std
DMPNN,,0.0,0.0,0.0,0.0,1.9929912534966787e-52,4.391250808810143e-52,8.307468106279025e-35,1.8575964776616792e-34,0.1340462901110459,0.08122565754648442,0.00281277990795866,0.004901343947626635,9.7446633303606e-12,2.138028497412069e-11,3.4327863169021346e-28,7.6752669163767325e-28
DMPNN,AtomPairFP,0.0,0.0,0.0,0.0,5.136333522966567e-52,1.0828341836562967e-51,1.4170553312738875e-39,2.987414115334303e-39,0.3382577258499231,0.08836509866263857,0.0038424166727402597,0.008028213775104426,3.8209701705588095e-13,8.05522996160842e-13,1.182888818283963e-32,2.4937477353978394e-32
DMPNN,Autocorr,0.0,0.0,0.0,0.0,2.6716236982984444e-43,5.632277235018558e-43,1.2439592994197092e-18,2.622483485613543e-18,0.6933793811424314,0.046134584284476705,0.4484083823775002,0.32637063281818024,2.401456757676031e-05,3.09755545465971e-05,3.9724573194099584e-15,8.372579303977916e-15
DMPNN,AvalonFP,0.0,0.0,0.0,0.0,3.3036514770770775e-50,6.964708836336472e-50,2.043261205021591e-08,4.219033192072879e-08,0.3053322017946011,0.14609521448444757,0.02739441898005408,0.012406823662722905,0.44156375744539106,0.3387477419442473,2.390520377950336e-06,4.786441348025201e-06
DMPNN,Charge,0.0,0.0,0.0,0.0,1.0317113542029336e-59,2.1297783104533305e-59,2.3053234617304616e-31,4.860048391306982e-31,0.5291105982350729,0.2896215032420661,0.060256571239029444,0.08750343287071341,5.491684051756731e-08,1.1501905244481122e-07,1.0940347210655047e-24,2.3064270964684395e-24
DMPNN,Connectivity,0.0,0.0,0.0,0.0,2.540156593510639e-54,5.355119582027971e-54,1.968653255060949e-44,4.150285465309802e-44,0.5905137290395177,0.3378176477410759,0.17984244799061505,0.37680630171416135,7.173033765434911e-14,1.5121984461900839e-13,3.285096752589923e-36,6.925591667222326e-36
DMPNN,Constitution,0.0,0.0,0.0,0.0,8.59982478056311e-62,1.8032716066930815e-61,3.101544547254117e-22,6.538535784930777e-22,0.26680385435974246,0.26641401554071475,0.34960132566951957,0.27231821247132465,5.23114620492085e-05,8.411289254407199e-05,1.4877118020031206e-17,3.135795300966829e-17
DMPNN,Estate,0.0,0.0,0.0,0.0,6.901659824186773e-58,1.453997624713154e-57,2.1886665104783674e-30,4.613325802309197e-30,0.4369929155151753,0.3185764101753475,0.11575448822619627,0.1219979222490002,1.1261367678606809e-07,2.2422045884338978e-07,2.579698954826742e-24,5.425032399517402e-24
DMPNN,EstateFP,0.0,0.0,0.0,0.0,7.1195449530887e-52,1.500931863713767e-51,6.3086304931079e-22,1.32996769952694e-21,0.16044119507541404,0.1067328239787976,0.24865551431938346,0.16956177999920996,1.452223293639206e-06,2.110045161506832e-06,1.7634005835752033e-17,3.7166678457857205e-17
DMPNN,Fragment,0.0,0.0,0.0,0.0,7.420434935828478e-52,1.564345176839866e-51,8.926206109158063e-14,1.8808503499996933e-13,0.4826465692085729,0.16121044389475975,0.10084566096513452,0.10013054572081705,0.004234338729607319,0.007405704381833668,6.653600472663073e-11,1.390825049506892e-10
DMPNN,InfoContent,0.0,0.0,0.0,0.0,2.865015570987782e-56,6.0399814860216815e-56,7.328879461174093e-49,1.5450634529393122e-48,0.22886394211297648,0.31491136434693917,0.00904785310870919,0.019019519751919976,1.4989425939201123e-18,3.159214909593419e-18,7.289598954577984e-41,1.536782394199643e-40
DMPNN,Kappa,0.0,0.0,0.0,0.0,1.4836320377497388e-51,3.1277698906664414e-51,1.3289380662043207e-51,2.7909876097643317e-51,0.772244174900403,0.15077851049107413,0.0003526582665576718,0.0002495212446236275,1.0396638826198409e-19,1.8322915426672955e-19,1.0654762900130773e-42,2.19522504473649e-42
DMPNN,MACCSFP,0.0,0.0,0.0,0.0,6.793978969175348e-48,1.4322812650520465e-47,4.2116503599867015e-11,8.878938563883922e-11,0.054233009289046695,0.046588110793112224,0.46718287928428637,0.43786648574976095,0.11091796229284223,0.23364889515393242,7.907641366223466e-08,1.6670771757947162e-07
DMPNN,MAP4,0.0,0.0,0.0,0.0,3.357507824194951e-53,7.047292236205683e-53,7.32305680355258e-29,1.5406255490087746e-28,0.16827645809308922,0.0631020699863846,0.02940010535814532,0.03662115745178266,2.1926770679178773e-07,4.2262444560998266e-07,9.902044820102067e-23,2.0862503619992795e-22
DMPNN,MHFP6,0.0,0.0,0.0,0.0,1.3196924977290702e-45,2.7821557234042417e-45,3.247420036243795e-15,6.846161318947536e-15,0.12379126587218861,0.0882405496158456,0.05778021701762846,0.03762921823330081,0.0012515555090459776,0.0022423949478973366,2.4743469309408222e-11,5.2163281359657e-11
DMPNN,MOE,0.0,0.0,0.0,0.0,1.6522148650069625e-63,3.378532592437413e-63,5.924466984551144e-31,1.2430876414974043e-30,0.05471727317601972,0.020012878388875277,0.5011229740807638,0.33469749383004865,1.1814623278141664e-07,2.379690185486532e-07,4.116754367807831e-25,8.50528955956196e-25
DMPNN,Matrix,0.0,0.0,0.0,0.0,7.098741165640971e-55,1.4962914830875403e-54,6.0871653070415e-36,1.283287124280622e-35,0.5721898495028946,0.28356264259975195,0.1665233619009254,0.34892543115089336,1.3198805899271019e-10,2.7825525886424215e-10,1.9465756017336821e-28,4.103741692794119e-28
DMPNN,MorganFP,0.0,0.0,0.0,0.0,1.1473367795262332e-43,2.418798269651154e-43,3.908649169255415e-20,5.626451512554611e-20,0.3436385827373817,0.16507634071785215,0.576869244612389,0.17175994371539338,2.0661419926581427e-05,3.028663560191697e-05,1.1268209912498186e-15,1.8603777343355993e-15
DMPNN,Path,0.0,0.0,0.0,0.0,2.6097330579511556e-51,5.501800363922804e-51,4.875633617311408e-33,1.0278738178086481e-32,0.3500347736758818,0.15327069045728675,0.19832109033545225,0.4144827696564415,5.10820859152687e-10,1.076896781213246e-09,6.157943639525787e-27,1.2982085059890077e-26
DMPNN,PharmacoErGFP,0.0,0.0,0.0,0.0,2.088636282154607e-55,4.403229862088455e-55,2.4524964747004634e-36,4.600987756041808e-36,0.5627448720817039,0.28493161120070887,8.942665442860432e-06,1.580040529938065e-05,1.8090815799469233e-11,2.623434079752202e-11,1.4090157178375056e-29,2.8181328526945256e-29
DMPNN,PharmacoPFP,0.0,0.0,0.0,0.0,4.791673586359086e-51,1.0101734891269303e-50,1.208027924591695e-16,2.4213115018760625e-16,0.00285742646379976,0.0017661866442084991,0.2577141758372075,0.280804215734491,0.004981608821755269,0.007721481288551927,6.324741044171386e-13,1.2804613235380943e-12
DMPNN,Property,0.0,0.0,0.0,0.0,4.0104389729495087e-60,6.060184541348481e-60,7.008339744627417e-49,1.4774023764111967e-48,0.617145710691013,0.3227404671125695,0.024234345471097714,0.050917843440971056,9.315599110233136e-16,1.9419757446139725e-15,2.946623713161757e-39,6.211834860916271e-39
DMPNN,PubChemFP,0.0,0.0,0.0,0.0,1.058053354924084e-38,2.2305723250284236e-38,1.6780871123546598e-06,3.4858649254831494e-06,0.07949999375175648,0.018734791351732328,0.19677309985812017,0.2410480754882484,0.40759459342167653,0.3231866014674368,0.0002053801837796861,0.0004190010732857791
DMPNN,RDkitFP,0.0,0.0,0.0,0.0,8.019728940010666e-52,1.690706922845317e-51,4.779179205460604e-15,9.958091512830437e-15,0.00173766367209988,0.0007002831457379905,0.06464717543980285,0.047336639325698385,0.016772332272732192,0.02883225183653121,3.6555368131577916e-11,7.576089908131182e-11
DMPNN,Topology,0.0,0.0,0.0,0.0,2.793503145869824e-53,5.8889892560563215e-53,1.0558041966044506e-61,1.8945749853895635e-61,0.5337793092682552,0.3075481131669992,8.652542272876084e-05,9.253413398634157e-05,6.481732153482373e-24,7.91217672967368e-24,7.00576276091112e-51,1.2912735969242154e-50
DMPNN,TorsionFP,0.0,0.0,0.0,0.0,6.059389320027198e-41,1.2774314320653748e-40,0.002483488509094118,0.00332402560553444,0.015327845329996611,0.02621552909168611,0.06270114607186925,0.07419262725709402,0.21109763724218392,0.2820144350726144,0.030162026483243665,0.038785485045459304
fcnn,AtomPairFP,0.0,0.0,0.0,0.0,8.717249971744514e-58,1.9492363392379486e-57,3.1454406055459745e-63,6.878487832060379e-63,0.6134415456060178,0.20351364346969048,9.677278000490908e-06,1.8340241099901813e-05,5.779210012858791e-24,1.2918868143288418e-23,4.0360498891598045e-52,8.999046856177555e-52
fcnn,Autocorr,0.0,0.0,0.0,0.0,5.238148298990348e-43,1.1204206052862605e-42,1.6294605934259365e-05,3.643584653557541e-05,0.6268696201346211,0.3030893086261629,0.3678453580156786,0.2641915603244713,0.1099726043384989,0.24586705023333771,0.0007309997200334935,0.0016345650655281688
fcnn,AvalonFP,0.0,0.0,0.0,0.0,3.74272676736228e-49,8.368991473029272e-49,1.7197152521650106e-06,2.9089836711231075e-06,0.48072883469993616,0.19306971945461457,0.0031314028580609796,0.002474882664858111,0.39071301509416595,0.24297359603374255,0.0001178891621432505,0.00018857189971518816
fcnn,Charge,4.764167521521542e-133,1.065300243431886e-132,4.764167521521542e-133,1.065300243431886e-132,1.3545574436080357e-16,3.028882521561032e-16,3.493020640624995e-11,3.665508621419768e-11,0.02077120432989456,0.024986625659395186,0.10693753539982598,0.04079340233228621,0.09075257473442032,0.05676190657824295,4.465988281207248e-08,4.114933786583573e-08
fcnn,Connectivity,4.560472621463647e-175,0.0,4.560472621463647e-175,0.0,1.5163983122728842e-17,3.3907697072081195e-17,1.1503794140315719e-20,2.5723265696909684e-20,0.21253773467418718,0.1428472591355303,0.15727377694797617,0.17036692170008452,0.001268034949884919,0.002835411125043819,1.0134839815022504e-15,2.2662190767459848e-15
fcnn,Constitution,0.0,0.0,0.0,0.0,1.222211155642905e-39,1.808500326240347e-39,1.9681532489032414e-13,4.311714177362432e-13,0.22300225532313064,0.02567603020273948,0.15144495682044976,0.09625393764297413,0.11624621955378833,0.1072240719293095,8.455913910693871e-10,1.835564390315968e-09
fcnn,Estate,0.0,0.0,0.0,0.0,7.940290053338945e-35,1.7754970692716769e-34,1.9977444291566064e-18,4.239583233841399e-18,0.10998856177083767,0.039110875283267114,0.5801116861485324,0.15877337917107823,0.0013313833874767954,0.0013025767600461265,3.569183769463234e-14,7.244782898576128e-14
fcnn,EstateFP,3.8684273576788416e-208,0.0,3.8684273576788416e-208,0.0,1.723617327354863e-19,3.852947265078165e-19,1.3244984909306084e-06,2.6570621430041957e-06,0.36386715073177867,0.07969822453905816,0.0006504500301183874,0.0007671560806759619,0.6993362062429689,0.19880793664010757,0.00020373484583065087,0.00036868165990904266
fcnn,Fragment,0.0,0.0,0.0,0.0,1.2726744898850639e-27,2.8234850358685802e-27,0.009111362620004278,0.014420149399160632,0.8786443210840862,0.07342558325551804,9.856415057181046e-05,0.00010796693954581127,0.05656915812017922,0.06428106412053869,0.06785536456426734,0.08302004990047979
fcnn,InfoContent,9.331437345966212e-196,0.0,9.331437345966212e-196,0.0,3.999024364810126e-23,5.05649660471977e-23,1.684440309236435e-14,3.716532224727841e-14,0.3628946594849289,0.09264447154042844,0.14744201183074818,0.1202890753578522,0.0690764167453397,0.05596042542076473,4.017265754762897e-11,8.598327395697995e-11
fcnn,Kappa,4.646354159147067e-115,1.038336497913804e-114,4.646354159147067e-115,1.038336497913804e-114,2.971740342954285e-16,5.075526670265448e-16,1.1155958159817147e-10,1.1973275844600936e-10,0.03943630452556536,0.010585164922380543,0.0051261749004238594,0.004357104759215676,0.4813815234194762,0.39636107162968,1.5068980387473906e-07,1.5315873441102392e-07
fcnn,MACCSFP,0.0,0.0,0.0,0.0,1.0478497598926423e-32,2.342807245587736e-32,2.6156785520921176e-17,3.5547996467361634e-17,0.6496452580583034,0.18317726515141666,0.055004881681501416,0.041506651644088545,0.01182478203203382,0.01071617274539754,3.3890814286786115e-12,4.654178205873182e-12
fcnn,MAP4,0.0,0.0,0.0,0.0,8.73615952669315e-58,1.5290638207646684e-57,8.195375872361985e-30,1.8325389410811932e-29,0.27542810129602147,0.24589382175822877,0.011941573734077372,0.022236879290429515,9.53931457816711e-07,2.1236752134890928e-06,3.743617625324149e-23,8.37078370683493e-23
fcnn,MHFP6,8.541666644085893e-160,1.9099745718881342e-159,8.541666644085893e-160,1.9099745718881342e-159,8.67299589845309e-18,1.9393334621996898e-17,0.00017936786943911263,0.0004010787490441214,0.17704900999164697,0.22848280315126762,0.6060763535161752,0.40736655520447934,0.06883893788909515,0.11824486162775548,0.0028546378937055294,0.006383164371640421
fcnn,MOE,0.0,0.0,0.0,0.0,1.232783264430344e-46,2.651584456845069e-46,6.612724595900607e-21,1.473873754190486e-20,0.10433481675832519,0.040040984102858376,0.4745019225668362,0.44144570677401573,0.0010200048778915096,0.0018095084181626666,3.012352358269987e-16,6.693702197987374e-16
fcnn,Matrix,7.5143224720693e-124,1.680253585240122e-123,7.5143224720693e-124,1.680253585240122e-123,3.078258230275551e-20,5.0499751152141336e-20,4.068719795681697e-06,9.096030117439696e-06,0.11238797791104724,0.02674575442789264,0.09728623871002162,0.07780729957096698,0.4552264941105218,0.3860982449819685,0.00020789521091020997,0.00046376774774717973
fcnn,MorganFP,0.0,0.0,0.0,0.0,1.7912414720091504e-49,4.005337684337978e-49,2.1228972690119458e-17,4.684342984643955e-17,0.4110061961040784,0.14657395772390475,0.5190789886481899,0.20238425028113355,0.0003477586690698915,0.0006858785365003279,1.774653587551626e-13,3.8915576202044275e-13
fcnn,Path,1.2251481428016758e-87,1.8371711394518515e-87,1.2251481428016758e-87,1.8371711394518515e-87,1.925087151830919e-09,4.274497952473747e-09,5.958763746353953e-13,1.2767759260039196e-12,0.042900697551614096,0.019916937992773158,0.32495268350816303,0.1318909507869442,0.33611260153723094,0.4097685282816342,3.0092056376415242e-09,6.306797034941486e-09
fcnn,PharmacoErGFP,0.0,0.0,0.0,0.0,1.24926619712604e-41,2.793438635505691e-41,1.3134863751149703e-32,2.9306525486225984e-32,0.12539578770995594,0.11335717819945505,0.005869498001715821,0.00762393284270377,3.2211172765390974e-09,6.924143301317998e-09,1.305529096053343e-26,2.908308954121519e-26
fcnn,PharmacoPFP,0.0,0.0,0.0,0.0,1.1246269100800808e-41,2.5147400029188527e-41,5.027515404306769e-12,1.1241865589692306e-11,0.0009505250729016399,0.00030349378655380175,0.5565409091970321,0.3330061986454187,0.08327098152101105,0.18374174120887551,1.1215743211879632e-08,2.5079147540346682e-08
fcnn,Property,2.7845010085389123e-209,0.0,2.7845010085389123e-209,0.0,5.334512043899698e-24,7.52014839811355e-24,1.9176030939538317e-13,3.113590146474714e-13,0.07556768891841495,0.011996860531299211,0.0038955199778100006,0.0017747866689935272,0.2727833416866373,0.12749354418904332,3.101274841611371e-10,4.788698405222085e-10
fcnn,PubChemFP,0.0,0.0,0.0,0.0,1.536508948860249e-42,3.435577787432403e-42,5.5908694066923494e-08,1.1688363042567934e-07,0.09477336132143899,0.022204181735113602,0.0033701643093829803,0.004062203965900865,0.39634061678868593,0.2543296428711376,3.267634214159194e-05,6.221155997586962e-05
fcnn,RDkitFP,0.0,0.0,0.0,0.0,1.9778180206628124e-48,4.317753360457687e-48,7.661607001216452e-18,1.713003385767209e-17,0.07071238335343819,0.07193585354981424,0.25701751987118093,0.33457503027140256,0.006697805398134854,0.011418077814794779,3.6182711565871673e-13,8.079194896080171e-13
fcnn,Topology,2.0534342306650152e-119,4.2247199146820395e-119,2.0534342306650152e-119,4.2247199146820395e-119,7.800828181740566e-16,1.1521845890798173e-15,2.0260983455981837e-12,4.5295462994929844e-12,0.07862352074054924,0.0374866782372737,0.4896335332445874,0.363104950235261,0.41497804286031226,0.24662128882364073,4.692862522493952e-09,1.0477222918121836e-08
fcnn,TorsionFP,0.0,0.0,0.0,0.0,2.509649343494542e-50,5.611570947628224e-50,1.3564092740154092e-09,2.840862030341036e-09,0.14594258514906316,0.10500729603419462,0.510111595412886,0.2893001050070094,0.14046379882617863,0.18212644240813664,3.83316148864416e-07,7.11326278025152e-07
log,AtomPairFP,0.0,0.0,0.0,0.0,6.968491412660854e-49,1.5582020170784866e-48,8.865811902349546e-38,1.9824553607987246e-37,0.5161241412772047,0.32383330678596284,0.00039892274004844767,0.0008292093680948056,3.26961228154438e-14,7.276231584061959e-14,2.931132683513058e-31,6.554014095280504e-31
log,Autocorr,0.0,0.0,0.0,0.0,7.823491033771468e-36,1.7443882937122066e-35,4.3547056954131445e-17,9.732787954519841e-17,0.44777430584159267,0.2883857697217644,0.1445085786431914,0.15339812565883143,0.0016921487518395193,0.0037229826229745766,5.634024767447779e-13,1.2584083596237956e-12
log,AvalonFP,0.0,0.0,0.0,0.0,1.0389335923756836e-45,1.5792951545019927e-45,0.000293492774341469,0.0006457223541769189,0.7055940842905264,0.10124924457027196,0.00154828839961242,0.0012905972574198297,0.2220426230579864,0.13744644228031636,0.008694995520542393,0.018062608498980108
log,Charge,4.26885180718301e-153,9.545442818277074e-153,4.26885180718301e-153,9.545442818277074e-153,4.857631919773128e-19,6.624911374045775e-19,5.057427560317294e-16,5.78247259131351e-16,0.007695724157534859,0.0012211023742914181,0.23679957630373752,0.05887104420375398,0.0018661166995693798,0.0009538300486978048,3.886401277019951e-12,4.116411241655731e-12
log,Connectivity,6.433088896551417e-198,0.0,6.433088896551417e-198,0.0,2.6184553487951612e-21,5.852778271619894e-21,2.703922649025381e-15,4.565823123349836e-15,0.05709914027083596,0.018013985575257536,0.37498404250800305,0.16761181678624326,0.24259547915677587,0.12553605261951084,6.902490901312037e-11,1.0486485508858188e-10
log,Constitution,8.48502229159844e-206,0.0,8.48502229159844e-206,0.0,3.742145429279458e-21,8.260920507457881e-21,1.4499816318192395e-08,3.227156734875108e-08,0.03892121814207426,0.027044450343635944,0.08648121661846209,0.06521727048163177,0.6458624539726902,0.36184454111990416,1.6382157895200444e-05,3.615545822730951e-05
log,Estate,5.96055985198189e-276,0.0,5.96055985198189e-276,0.0,3.824532792266556e-27,7.979020883466062e-27,3.97101235556853e-15,6.476023166006772e-15,0.6932998840958116,0.2374132718405187,0.6463887648699862,0.17070028254178493,0.006893371248807541,0.00824275287979546,2.8245548877455017e-11,4.2808072394839935e-11
log,EstateFP,1.2071411926804832e-131,2.6992497652669973e-131,1.2071411926804832e-131,2.6992497652669973e-131,3.935188557670058e-15,7.740189213442666e-15,0.0001298400363263324,0.00025872767499053703,0.34722865524374397,0.13328966293236394,0.00021468324504201485,0.00028124566566493936,0.6831835933765564,0.24323582950412737,0.00531399034028508,0.009065956953001539
log,Fragment,3.0118705613977383e-152,6.7347473115559496e-152,3.0118705613977383e-152,6.7347473115559496e-152,5.829784842324707e-13,1.3012458132751336e-12,0.0440066202993144,0.038536946405673046,0.48122621171729885,0.1055686011759678,8.821562808270853e-08,6.54647514709267e-08,7.628029188815983e-12,9.402291231168602e-12,0.00343551163096992,0.0035051660748050325
log,InfoContent,3.3476668278831e-149,7.485610593166039e-149,3.3476668278831e-149,7.485610593166039e-149,1.2208086050147653e-17,2.7154467866245563e-17,2.0404168523687102e-14,3.517558159249648e-14,0.00493199019126004,0.0009366955538305683,0.03247388689377284,0.041993777475303654,0.22312130752948786,0.1705906330039631,1.9617654738574714e-10,3.3544035277719717e-10
log,Kappa,1.5593324821897027e-101,3.4858950858108734e-101,1.5593324821897027e-101,3.4858950858108734e-101,4.97343405250706e-14,6.690932169873902e-14,3.0537055026660546e-11,5.942061954099905e-11,0.012594254895370199,0.0019351473926720703,0.0101313562708521,0.005460541467491928,0.6430570308118979,0.20177969824402503,5.0789734143348754e-08,9.120254842076996e-08
log,MACCSFP,7.355909036537499e-277,0.0,7.355909036537499e-277,0.0,7.008569523427255e-25,9.63806831916899e-25,3.294562471632995e-05,3.773641429153939e-05,0.2683866586468629,0.05599970831185897,0.00029188688977501505,0.000411887632827679,0.19162735694117106,0.1964010721426673,0.009464545974453573,0.008838596690452982
log,MAP4,0.0,0.0,0.0,0.0,1.292015207495197e-47,2.8890338281273046e-47,3.2933397285177653e-28,7.34744538228645e-28,0.5205100416000652,0.18091215048376658,0.00046891938924686287,0.0004563200498506835,1.8859225399073392e-08,2.1518805402889176e-08,9.882056035577353e-23,2.1435668377092875e-22
log,MHFP6,0.0,0.0,0.0,0.0,7.926052555178621e-42,1.7613037194514482e-41,6.798948082526323e-10,1.517342011317013e-09,0.25697564761330727,0.23211527211310948,0.4615900445809801,0.4719798701042745,0.02498897196945498,0.03753689723987962,2.001827050029534e-07,4.433086174282184e-07
log,MOE,3.297470364280777e-278,0.0,3.297470364280777e-278,0.0,2.188555301217028e-28,4.887489924885135e-28,2.8254540595427994e-28,5.4259656313135055e-28,0.3552417237917136,0.12830380607875566,0.5727204626959889,0.1487558709041953,2.9382417559722105e-06,5.7776213412776114e-06,1.9337346615737433e-22,3.588374564936728e-22
log,Matrix,1.8798634295887993e-165,0.0,1.8798634295887993e-165,0.0,9.84636059296125e-19,2.1973540775213913e-18,3.794266370871619e-16,8.176271167101931e-16,0.04417183820166394,0.014017932388088091,0.16918016339259354,0.12483714292411778,0.17267347518506743,0.21893522347805047,3.806569301136772e-12,8.051177447675102e-12
log,MorganFP,0.0,0.0,0.0,0.0,1.8601113082237396e-45,4.159304740180309e-45,5.1005150172129705e-22,1.1401513509362223e-21,0.0889714143050184,0.10643075358965749,0.4353772254015558,0.2829596505301501,1.0533245575202769e-05,1.4109298446556791e-05,5.792091577962437e-17,1.2927846201625209e-16
log,Path,3.0683721123121316e-126,6.860975175688624e-126,3.0683721123121316e-126,6.860975175688624e-126,4.3552393688944985e-15,9.44606305027242e-15,3.071772663802289e-11,6.047891223893193e-11,0.05276594231489494,0.007182164566592648,0.05323391512152982,0.06072171300654126,0.27433197585344404,0.24249994105287104,1.3128039455410364e-07,2.371634157151521e-07
log,PharmacoErGFP,0.0,0.0,0.0,0.0,8.569698002520647e-28,1.9162427254260405e-27,1.055266137668805e-21,1.466290809459506e-21,0.11165208477300856,0.05509855759914472,0.10749838588779226,0.0801112915878094,1.4575968324546176e-05,2.00413059025418e-05,4.564087725715681e-17,6.33072672876033e-17
log,PharmacoPFP,0.0,0.0,0.0,0.0,1.0313114435993134e-30,2.297520650262815e-30,0.2514299662770779,0.34108144078423513,0.00167033475955708,0.00045136254262890136,0.00013446927548344738,0.00021762473170502475,0.006466907938874918,0.008231761018560792,0.41653794882405853,0.35209952979960896
log,Property,2.344443212498977e-144,5.242334356208192e-144,2.344443212498977e-144,5.242334356208192e-144,8.527589119555656e-18,1.8497877588346593e-17,1.2621938968337958e-09,2.4393718610171543e-09,0.00489475957625832,0.0005343236244383839,5.939750620451254e-05,3.843052147319518e-05,0.7694518831333672,0.2657694849727881,5.775889338713178e-07,1.0194544955315078e-06
log,PubChemFP,0.0,0.0,0.0,0.0,1.297304306865655e-35,2.863294341321405e-35,6.939537218948406e-05,2.1665113225556552e-05,0.00245708521420206,0.0007214079836756915,1.301269999599454e-05,2.4119141234133378e-05,0.00228702996042744,0.0024326482769220907,0.011213674712198921,0.0029511078522947874
log,RDkitFP,0.0,0.0,0.0,0.0,6.405973681659186e-48,1.432416590974213e-47,8.816103345908411e-11,1.9628503210627503e-10,0.018982884762727338,0.02763884995011232,0.01477233829314828,0.016128266246268824,0.008727383036435561,0.018985969906700834,2.350599411084302e-08,5.184758515221261e-08
log,Topology,5.9626312934078326e-152,1.3332831127348858e-151,5.9626312934078326e-152,1.3332831127348858e-151,8.313989380722212e-18,1.8421789698869437e-17,1.2046176377583472e-08,1.4329193187795922e-08,0.01703258102315364,0.004264368966327931,0.00085424698875984,0.0006162870636788127,0.3339515830891423,0.15240004403938254,8.717988389124697e-06,9.263270689972306e-06
log,TorsionFP,0.0,0.0,0.0,0.0,6.694593394275428e-44,1.4639067769951807e-43,0.003519085102987736,0.007544940456789548,0.0001016780474242344,0.00013929682960053837,0.03336099389605336,0.054362566589141244,0.3063534138384796,0.24133694439385153,0.045522793548127875,0.08618528887087132
rf,AtomPairFP,0.0,0.0,0.0,0.0,1.3483834496340269e-59,3.0150707505761843e-59,1.8909775626770764e-39,4.152750930135615e-39,0.050176795074443906,0.019823078749329183,0.02300958967646384,0.017937002113334915,9.33466195457161e-11,9.660492183122589e-11,4.5693946563460804e-33,7.950228249225556e-33
rf,Autocorr,0.0,0.0,0.0,0.0,5.3465125782664155e-48,9.009188337921776e-48,2.892862153240165e-56,6.435758333526086e-56,0.06879748896723435,0.05950466152610581,4.09857656506498e-07,6.901798334645356e-07,2.0827521363949787e-24,3.7111652710111245e-24,1.0053370114670919e-48,2.0515050703132764e-48
rf,AvalonFP,0.0,0.0,0.0,0.0,6.909596795116475e-59,1.5415110476683555e-58,1.8803703054991642e-22,2.515601640872699e-22,0.011385480144729562,0.0049287834229163,0.0152751632078615,0.015060267311883587,0.029959815956543477,0.01886685038160058,5.940175280528536e-17,9.842793479795567e-17
rf,Charge,0.0,0.0,0.0,0.0,9.981616291185469e-47,2.224320159889724e-46,8.833544339306998e-24,6.621963817059281e-24,0.0059198673336045,0.0037014507186736286,0.5073745862890212,0.10684202064997614,0.00033389363857346004,0.00011031754399725251,5.719029840667534e-18,3.877883101338244e-18
rf,Connectivity,0.0,0.0,0.0,0.0,2.3890636515826815e-45,5.341539481452738e-45,3.381178583940175e-33,7.368839216776781e-33,0.11683064978074024,0.03042439012072768,0.27446794851413464,0.2460234176375768,2.9358337579150605e-07,5.941617192945602e-07,5.363374914649049e-26,1.1775047074494924e-25
rf,Constitution,0.0,0.0,0.0,0.0,6.515886555224278e-46,1.456996485694947e-45,8.80665369735968e-28,9.803795540512526e-28,0.01374660555434062,0.005230203985249462,0.03980812212637484,0.026258594060456143,0.0006664329561279054,0.0008444469324224622,1.730273666150877e-21,2.10825760681516e-21
rf,Estate,0.0,0.0,0.0,0.0,1.5448172724315602e-51,3.4543149802277414e-51,3.3100841148121526e-21,6.178498751752997e-21,0.09935267706296844,0.048393299784968244,0.19601540490171449,0.10697284639561883,0.01478136908529134,0.015549952103002479,4.516288258193633e-16,8.88470431263465e-16
rf,EstateFP,0.0,0.0,0.0,0.0,1.9806620367010375e-21,4.416818856192921e-21,0.0017764870840061141,0.001593481028265912,0.08477020315286686,0.023961992564251168,0.010507966359335739,0.012079491727357481,0.10996096118520052,0.1090844028503508,0.059216990772293275,0.050162215278693224
rf,Fragment,0.0,0.0,0.0,0.0,3.735730954484296e-33,8.353347459671748e-33,0.00011841006447314446,0.00022335607014121024,0.1488399542814745,0.041839559562084835,0.00047007428298510005,0.00041938877858537546,0.0474604000971605,0.043429157757460896,0.00670345180546804,0.011078748635745424
rf,InfoContent,0.0,0.0,0.0,0.0,9.937328246443082e-34,1.5483817026535862e-33,5.645268168212523e-35,5.502550942875271e-35,0.40585635536531794,0.15577298262334943,0.7576702340074458,0.13805367920258954,1.4474256190710646e-10,1.3972886214437773e-10,2.460789157470511e-29,3.355002638796753e-29
rf,Kappa,0.0,0.0,0.0,0.0,2.603389771095898e-26,5.820895629928474e-26,7.966643752888449e-08,1.5263891069795468e-07,0.0004690390545893914,0.0007751891869467395,0.02392220073394962,0.018071590532376385,0.6248585595293316,0.27615850711241074,3.606590440218201e-05,7.276977573541263e-05
rf,MACCSFP,0.0,0.0,0.0,0.0,1.5293958779533194e-46,3.419744922788794e-46,2.9987865693501247e-23,6.560133968749105e-23,0.1439355395288673,0.0843406877165627,0.07451332845361504,0.08326206379508394,5.472809094051485e-06,7.571567226703674e-06,2.774785870221399e-18,4.574242218426329e-18
rf,MAP4,0.0,0.0,0.0,0.0,1.2080272409401918e-54,1.7511870197436345e-54,9.989668599756062e-34,2.0200370645186816e-33,0.01330732670142896,0.007514500321691798,0.5598973579402616,0.18878920467444807,8.139608661544627e-07,1.2261648846538939e-06,2.044045634642383e-26,4.412464300210937e-26
rf,MHFP6,0.0,0.0,0.0,0.0,9.130427335234442e-49,1.2551619338133112e-48,1.0235656943223715e-22,2.2835786318144008e-22,0.07273874493283282,0.0359829724594606,0.7227452939274671,0.21569935099685153,0.00328036513121138,0.004241729128051099,2.167278510272601e-17,4.7956429949644367e-17
rf,MOE,0.0,0.0,0.0,0.0,9.396773786927908e-53,2.1011622417795223e-52,2.301208181399941e-31,5.1043025915627174e-31,0.031229163654794122,0.02690267476641994,0.66732405131718,0.18608570801731644,1.5458507162971091e-06,2.343887564313242e-06,3.696655744266187e-25,7.949885099358898e-25
rf,Matrix,0.0,0.0,0.0,0.0,5.268565937493845e-35,1.1770853771641691e-34,6.439740881817002e-23,1.43939756817012e-22,0.07712981696974205,0.04653753411496699,0.3225836415668934,0.3528939344771401,0.0027428620172312646,0.006110385405057604,2.823686925422975e-17,6.311572579555413e-17
rf,MorganFP,0.0,0.0,0.0,0.0,1.0416445229546678e-56,2.329172530846019e-56,1.0361081942318475e-43,2.2871009920829457e-43,0.043673921595776696,0.013758301187515556,0.2746971598144411,0.06286901505198093,4.2557312210113436e-12,6.679028082404398e-12,2.559735792347324e-35,5.101072057626817e-35
rf,Path,0.0,0.0,0.0,0.0,3.6046017787329653e-34,6.083814111454501e-34,2.1013658297003605e-21,3.262924477465404e-21,0.04154368638243616,0.025950261786652256,0.613788358235805,0.2574541168148775,0.00030900631403676216,0.00026290541375238686,7.186086617783902e-16,1.2067840305588692e-15
rf,PharmacoErGFP,0.0,0.0,0.0,0.0,7.279733972859839e-43,1.6277977669827905e-42,1.8254935016332552e-28,3.1379576793497987e-28,0.042832468665888,0.017615238514212504,0.01163149119102852,0.01475022481025577,4.0984239239946097e-07,4.369074597086762e-07,3.3757500851488364e-22,5.567057573782175e-22
rf,PharmacoPFP,0.0,0.0,0.0,0.0,3.9629157548569394e-42,6.50521310390223e-42,1.1488211588237751e-24,2.01074902615156e-24,0.00975175492466632,0.003826498452065348,0.5193111219276252,0.312321158198878,5.697603064438547e-06,7.834200124614015e-06,1.9359323986157137e-19,2.630582007338979e-19
rf,Property,0.0,0.0,0.0,0.0,5.966135005405752e-36,1.2815809220883896e-35,6.9581418954276465e-22,1.1841828344668558e-21,0.18103266847077878,0.04892557917573135,0.24140758600129483,0.06356853374652846,0.00403239252145098,0.004999154129796204,5.2861869294289484e-17,7.471032858706634e-17
rf,PubChemFP,0.0,0.0,0.0,0.0,1.701708940772299e-46,3.805136866891197e-46,1.0113972744109401e-15,2.253728790314126e-15,0.020936404692883298,0.00512818568182647,0.0030944948153294773,0.0037011625516960925,0.35327527188831076,0.2183345331073884,1.8030007026231835e-11,3.9883680608201955e-11
rf,RDkitFP,0.0,0.0,0.0,0.0,4.09019626084806e-57,6.909928864482163e-57,1.405727532014416e-32,3.1088944865375404e-32,0.07566105567179016,0.025080283121731987,0.13406579407951705,0.14914928185522494,3.814713915795604e-06,6.286773095146454e-06,4.260991040809638e-26,8.656777011474935e-26
rf,Topology,0.0,0.0,0.0,0.0,1.2597003876510057e-33,2.8057569108392024e-33,1.9132745997098424e-22,3.876213675959439e-22,0.0216130466905053,0.022357345724364354,0.600728360596057,0.2639536609890664,0.0003893091446855264,0.00037822238851959404,3.986993957690792e-17,8.158674444509954e-17
rf,TorsionFP,0.0,0.0,0.0,0.0,7.968025617363814e-57,1.6182011223273466e-56,6.06542272297557e-33,1.3555647920857857e-32,0.00790181518489404,0.003802200946622823,0.33879266877003034,0.170327717935762,8.301157268917284e-07,1.3984881978188211e-06,4.5650276328761015e-26,1.013894407563799e-25
svm,AtomPairFP,0.0,0.0,0.0,0.0,2.8874977286105184e-46,4.369125354240208e-46,3.8501105469175166e-31,8.609108318983472e-31,0.4460806317420375,0.2544025308774624,0.004310363759474377,0.009620479072040482,1.1242836373003496e-10,2.5126197219085305e-10,2.764393990077934e-25,6.181371973047101e-25
svm,Autocorr,0.0,0.0,0.0,0.0,3.930057983938924e-44,8.786730487947494e-44,7.634991451701837e-20,1.4855137725010823e-19,0.7520668927924057,0.17863995153360177,0.6443644294559807,0.2736194484135541,2.37128367351842e-05,2.8395750236639372e-05,1.2592528168319417e-15,2.1554570141488296e-15
svm,AvalonFP,0.0,0.0,0.0,0.0,6.517974477088148e-45,1.457449267980924e-44,0.03239933117541986,0.07244279960777925,0.6241119605055634,0.30947947403969733,0.15659250671978792,0.21158394870873412,0.4183430717071423,0.2721212089437389,0.1265524322237565,0.2824549118445956
svm,Charge,2.0318670563643203e-152,4.543392859272974e-152,2.0318670563643203e-152,4.543392859272974e-152,3.4228721293556837e-19,4.637961499339035e-19,7.54299174488918e-09,9.099414655350709e-09,0.06590147988062603,0.053622607906171973,0.6291303144410723,0.34810433048587,0.10384214964583856,0.10228584188704021,2.047901198868289e-06,2.50736017816883e-06
svm,Connectivity,3.677309292185054e-212,0.0,3.677309292185054e-212,0.0,6.872880742576125e-22,1.5368156763516819e-21,1.990662126126242e-21,2.6003256016509915e-21,0.5422803876222292,0.17951439460969068,0.4248423216181848,0.1667380150399732,0.0005560396687145433,0.0004902195848371992,2.1578615883706796e-16,2.6300435476248886e-16
svm,Constitution,1.1904142360084177e-236,0.0,1.1904142360084177e-236,0.0,8.552286084785956e-24,1.912106661997023e-23,4.520424928588494e-07,8.603681102054431e-07,0.2095312678129587,0.05174714547754682,0.08595161039321744,0.05919087015719212,0.6385155860945119,0.25080628912938097,0.0001364985748976028,0.00023203350545229295
svm,Estate,1.218e-320,0.0,1.218e-320,0.0,6.987086212391342e-31,1.4259877290809113e-30,7.083386804184531e-17,1.3159398755680807e-16,0.7746991547764328,0.14098316293087615,0.3559857320067278,0.18226106125036,0.0006715238934468318,0.000909656007110452,5.316756877092358e-13,9.470796468384826e-13
svm,EstateFP,5.322173827716586e-31,6.667892627765015e-31,5.322173827716586e-31,6.667892627765015e-31,0.0009818297219116147,0.0018253600734721483,0.025776039580456,0.011440820977575478,0.31869254257451474,0.268340525741574,0.2632948821708842,0.17666026910887897,0.049216503458478084,0.021346872886581478,0.05746137899557435,0.022453538723524805
svm,Fragment,1.713317472493747e-117,3.831080607190647e-117,1.713317472493747e-117,3.831080607190647e-117,1.9059791740509583e-12,4.214309629677594e-12,0.05345563129495247,0.11520239373045106,0.3484084957922626,0.16802060324380813,0.18748124326038385,0.2072142474973001,0.2976929935714996,0.2289908166992519,0.1068037207411443,0.22332045986148902
svm,InfoContent,9.874918047951676e-133,2.2080988027459478e-132,9.874918047951676e-133,2.2080988027459478e-132,1.0750902493861348e-17,2.1672998800218052e-17,3.6213741912285017e-10,5.731891051009363e-10,0.01493311782975142,0.008310545025548243,0.0649526534514098,0.03995876180461546,0.0724596547524516,0.0504879784202335,8.484068368399001e-08,1.211298600709606e-07
svm,Kappa,0.003301497101013201,0.004789673904281473,0.003301497101013201,0.004789673904281473,0.04721323404454117,0.10204609280872398,0.033375513209392534,0.07321577171278834,0.11858767457458863,0.07100045156792696,0.3230179970880232,0.4285418357890744,0.051264457135496475,0.07502117848238092,0.08299041287451682,0.18526949163729198
svm,MACCSFP,4.93859e-318,0.0,4.93859e-318,0.0,7.248510035622738e-29,1.3121911800111367e-28,3.3896156578917776e-07,4.776778559082326e-07,0.5482080565000006,0.11545085397139168,0.008167668031815381,0.00571793950034069,0.7305267294769352,0.166061320199816,0.00017174394333911697,0.0001988831087920882
svm,MAP4,0.0,0.0,0.0,0.0,6.739721140323579e-44,1.5070146792700788e-43,3.351500773170606e-28,7.272952276690733e-28,0.6114167757192746,0.24083058144538744,0.00034868694528382926,0.000316873196548611,4.905861999950093e-09,4.537837748478408e-09,6.549883382445334e-23,1.4350594400274567e-22
svm,MHFP6,0.0,0.0,0.0,0.0,3.59604679306476e-36,8.040943088246276e-36,7.29001804787811e-09,1.6299140946771948e-08,0.4600169605021821,0.3321865612178354,0.513314538538329,0.4248639810656812,0.04982791511630545,0.08374462217482428,1.7224617857308338e-06,3.849943912751139e-06
svm,MOE,2.049418083e-315,0.0,2.049418083e-315,0.0,1.3441358353013685e-34,2.6901513485183376e-34,2.9298477032772315e-38,4.2382248422278895e-38,0.17969743313505535,0.060860104263150576,0.3421274764153395,0.12938979663757008,1.6193651349284202e-10,2.8849274734571757e-10,2.434594325324231e-31,3.5435050564316257e-31
svm,Matrix,1.3766575588125552e-193,0.0,1.3766575588125552e-193,0.0,5.288921717927331e-23,1.1807364242374897e-22,3.822497207157693e-16,7.1050790544638e-16,0.0694564415402225,0.016713748934401702,0.34798209205305203,0.14809450755056794,0.027755892917095782,0.03264893720671357,1.3432204975508744e-13,2.4284415564403424e-13
svm,MorganFP,0.0,0.0,0.0,0.0,1.7465088547062357e-48,3.904584464498779e-48,6.500904745143057e-16,1.4523533120053481e-15,0.006946861846834721,0.011429067008868265,0.3273325927902381,0.29911856963099465,9.027835637516124e-05,0.00019356778970191994,1.0185911137094518e-12,2.2745558643339366e-12
svm,Path,7.868228378450366e-105,1.759389351670728e-104,7.868228378450366e-105,1.759389351670728e-104,8.364462281206652e-17,1.7153012615801968e-16,2.8733623549064312e-27,6.1889177143944745e-27,0.5026818335029132,0.11517471702702993,0.0048741457342523905,0.00994453065118396,1.2052051505433762e-05,2.6749643694164862e-05,5.927921529614789e-22,1.2992183050511637e-21
svm,PharmacoErGFP,0.0,0.0,0.0,0.0,8.547396293092162e-30,1.9112558462750834e-29,3.7567367316453785e-14,8.214471902586537e-14,0.06976805354269884,0.09729923731143338,0.7445053524212244,0.3489279993903083,0.0037615957360856004,0.005435466895831054,6.629778291654289e-11,1.3887290817503926e-10
svm,PharmacoPFP,0.0,0.0,0.0,0.0,8.565434012930344e-35,1.9140865790674366e-34,0.24218710319319198,0.3404103249248701,0.0005663502280172136,0.0004925757766333338,0.0051476334526192,0.005914732048459024,0.34825284099222753,0.411360313673725,0.25806597325535,0.34643729393977235
svm,Property,2.5154639648453444e-131,5.624748358636165e-131,2.5154639648453444e-131,5.624748358636165e-131,9.266150637910091e-17,2.059917521162366e-16,1.3985540445175802e-20,1.7411141037616346e-20,0.027573331871351043,0.004030794797954488,0.19325734141552675,0.12862806534542146,0.007292630847083261,0.004985187430643828,1.2800751334629332e-16,1.328218843301331e-16
svm,PubChemFP,0.0,0.0,0.0,0.0,2.4695478237484406e-41,5.521335575462555e-41,2.4285065203196047e-06,4.223644039278836e-06,0.00332010502559204,0.0023351476017041653,0.0008557493788886199,0.00047446925522113734,0.27121025928233833,0.1346069917202215,0.0003821639492556747,0.0005778445554702711
svm,RDkitFP,0.0,0.0,0.0,0.0,1.801682842780472e-40,4.023131970001093e-40,1.6676533248109674e-06,3.585456150918365e-06,0.03270543962059624,0.023484307353330725,0.01204618612934515,0.019009286089894148,0.23218594002723209,0.3865606818737591,8.228174972286365e-05,0.00017474866604879916
svm,Topology,1.1793382090677651e-161,2.6393797768342425e-161,1.1793382090677651e-161,2.6393797768342425e-161,1.900480262439903e-18,4.1596118165638835e-18,2.04658448100095e-06,4.214962760368056e-06,0.031769308989129344,0.015312625159883082,0.0061562473874864,0.0037916890060470027,0.4849956122698787,0.14017033729384243,0.00011655113995318461,0.0002333827179985263
svm,TorsionFP,0.0,0.0,0.0,0.0,1.235020534730823e-46,2.7615897472120895e-46,0.11735916035292068,0.15582563221374746,0.004851917790970528,0.010395029340047234,0.15215467810574826,0.3127331239151069,0.1818212390718711,0.2115763562318044,0.403137596802546,0.485347065028124
xgb,AtomPairFP,0.0,0.0,0.0,0.0,1.014461069745542e-63,2.2678598120753691e-63,7.743099754978063e-45,1.674739057010877e-44,0.18789709139127947,0.16041297266204513,0.04793606543232276,0.026579202282626616,2.210640687017459e-15,3.3022374541869817e-15,2.4741013241566875e-37,3.512512171034688e-37
xgb,Autocorr,0.0,0.0,0.0,0.0,2.469048886175622e-49,5.1333674573504334e-49,4.3457207151259127e-29,9.71725483663456e-29,0.13662712562967055,0.14479373253138858,0.34486710725133773,0.16527827830214267,9.574513712294591e-07,2.0903780787410876e-06,1.972913801695474e-23,4.410704760231436e-23
xgb,AvalonFP,0.0,0.0,0.0,0.0,9.990025452111716e-59,1.79365885586175e-58,1.5385509772560655e-12,3.440168722206203e-12,0.10489051659226818,0.05777384584892673,0.07562403261011139,0.07339064473572723,0.038305866029682716,0.060627175441881516,8.441104131550028e-10,1.886664641174438e-09
xgb,Charge,0.0,0.0,0.0,0.0,3.1567672069531105e-43,7.058719767707025e-43,1.0958847838344088e-16,1.8617530233315235e-16,0.030710135994582076,0.04531371285210128,0.5886720591647847,0.3682271739632688,0.00564833712110942,0.005438447904067562,2.9830984310442184e-12,4.053682679747187e-12
xgb,Connectivity,0.0,0.0,0.0,0.0,3.8963590295189644e-43,8.712429178114866e-43,3.4559536749424035e-20,7.077874608644196e-20,0.07733733396475832,0.06027471470103974,0.7631373981330272,0.19168236710253134,0.0027290736134809035,0.005812919115687554,1.423216150690832e-15,2.7308532662223912e-15
xgb,Constitution,0.0,0.0,0.0,0.0,1.2462396552720776e-46,2.7761273964184746e-46,1.2384916114467916e-25,1.6498500332922972e-25,0.029550067558402837,0.021986108144382805,0.47284212498147393,0.2510212160106818,7.463854958012935e-07,4.4677968201560197e-07,2.3336476073223766e-21,1.9767524272846188e-21
xgb,Estate,0.0,0.0,0.0,0.0,1.47898346596061e-46,3.3071075520748655e-46,4.3584588653237195e-22,6.3499557796948645e-22,0.21672312565205099,0.19585173420021595,0.42836299415101253,0.31637339649814566,8.692285545069287e-05,0.00011498238566046976,2.65039490134833e-17,3.691211467100669e-17
xgb,EstateFP,0.0,0.0,0.0,0.0,3.418187320192604e-27,7.643270965901623e-27,2.8238423222736102e-08,3.933443331330947e-08,0.21693656472624348,0.08664839063716061,0.007813787922595343,0.0122618607647043,0.3619416787467256,0.3155295222634343,1.291077348393692e-05,1.8472676438129247e-05
xgb,Fragment,0.0,0.0,0.0,0.0,1.5011457183428832e-30,3.356663867957429e-30,4.755964082981905e-11,5.843127801410715e-11,0.26444886806362683,0.047933833113585796,0.06423373389895395,0.03972396536074074,0.19179018783477111,0.10929321290857004,1.8173709401437843e-08,1.98564683729527e-08
xgb,InfoContent,0.0,0.0,0.0,0.0,1.3437480944017233e-29,3.004619495844911e-29,2.796007780799459e-17,6.087462870698806e-17,0.1838013063957871,0.05811465810796894,0.14925595907216294,0.24397394597906216,0.0004278828754892323,0.0008608457090856137,6.669053148022767e-14,1.484807940667065e-13
xgb,Kappa,0.0,0.0,0.0,0.0,8.035367537307692e-26,1.512853267415087e-25,3.312653913140949e-05,6.012099240998693e-05,0.001259284426333489,0.0022765543660364027,0.16781289038528288,0.05566598177716749,0.5932232535534062,0.23775129392161531,0.001669714227253296,0.0024515453245649694
xgb,MACCSFP,0.0,0.0,0.0,0.0,4.614280601172719e-47,6.552110020409499e-47,3.491785669994741e-23,7.784136685546979e-23,0.1677373162787272,0.09226621926998967,0.6566126854690151,0.22173741533767216,5.562245478053416e-08,8.773292465432801e-08,2.507636991560591e-18,5.575905523163473e-18
xgb,MAP4,0.0,0.0,0.0,0.0,2.6242580588500217e-53,5.830583851325224e-53,5.83041005591449e-29,1.303716860730206e-28,0.10108188681082964,0.05055907181574494,0.08151146079123642,0.08111221845524343,1.6737989888438668e-07,3.7260718255474765e-07,1.1203215076125068e-22,2.505103319397875e-22
xgb,MHFP6,0.0,0.0,0.0,0.0,1.290645867430638e-51,2.885951524224088e-51,1.1112868976884039e-20,2.4827161308036795e-20,0.21604374722593703,0.21506311759667557,0.08492973556953551,0.15581364226617764,0.0007536489424139028,0.0016649795192996341,1.0939148170480801e-15,2.435408163493572e-15
xgb,MOE,0.0,0.0,0.0,0.0,1.845799280019791e-46,4.1273326387313e-46,4.667202739796836e-28,1.0274200023944572e-27,0.10215261828022912,0.14166943321876846,0.45077267632736906,0.3145880990861068,7.030600953579895e-08,8.080223772301934e-08,1.115419276827049e-22,2.4313689219858808e-22
xgb,Matrix,0.0,0.0,0.0,0.0,7.541113288418468e-37,1.3298342478226134e-36,2.4722970670724994e-15,5.5235700768897115e-15,0.08781826523105915,0.18038655933545347,0.1895322909287239,0.25181519150566584,0.004952765080437826,0.008798042439432188,1.6492488004603035e-11,3.679714029732059e-11
xgb,MorganFP,0.0,0.0,0.0,0.0,5.4316443377247775e-52,1.214551941973505e-51,2.7997582716135064e-32,6.260449804906547e-32,0.18992759721332628,0.10754475127894973,0.45239431886567616,0.35986498583440996,6.489752866766926e-09,1.449672335698438e-08,1.8868902916665914e-25,4.21921468573462e-25
xgb,Path,0.0,0.0,0.0,0.0,1.2154536281058367e-30,2.6853739248258975e-30,1.3841825186693658e-07,2.513986344266843e-07,0.3281057170672491,0.2567447161526512,0.42529555218192305,0.31738517738434163,0.2081030665100858,0.2496756274911203,2.6593099932924228e-05,4.241726348916638e-05
xgb,PharmacoErGFP,0.0,0.0,0.0,0.0,3.103844737791418e-51,6.940204849493832e-51,6.313257835754699e-21,1.3114695845718563e-20,0.3691677292357151,0.08139887147664095,0.12237685273915003,0.1142081852236433,7.95599731592179e-05,0.00010002236172473545,1.488911781984306e-16,2.9996410964896636e-16
xgb,PharmacoPFP,0.0,0.0,0.0,0.0,1.6706466342142608e-45,2.2930540776538848e-45,3.9226197688391807e-10,8.77124199155407e-10,0.01812533556211762,0.007155337549473164,0.5575044850215645,0.4365177389247167,0.02103994611122394,0.04513536251326901,1.0827266263117835e-07,2.421043123996684e-07
xgb,Property,0.0,0.0,0.0,0.0,2.1383851114402458e-35,4.772383653306441e-35,9.9916179829751e-15,2.2314834953069332e-14,0.35199847430358755,0.23186219622423188,0.3702888172782865,0.31934943528060095,0.014931688224651038,0.030297702716436895,1.4613656106446557e-11,3.258190728091663e-11
xgb,PubChemFP,0.0,0.0,0.0,0.0,4.251937162969549e-49,9.50762045634014e-49,3.540828475098964e-17,7.917519739290024e-17,0.03460017419705374,0.017536996899613515,0.2395760408695994,0.2996460882160743,0.023835379022699884,0.05083803127612503,1.0255642116788224e-12,2.293199782625587e-12
xgb,RDkitFP,0.0,0.0,0.0,0.0,9.448388571834837e-54,2.1127233682618037e-53,9.856251115653758e-18,2.198272067608305e-17,0.00785767512248338,0.0053144415164683555,0.19274243037178188,0.0813802015814669,0.0015413611078103598,0.0027048836100986616,9.933672803778693e-14,2.213820798662154e-13
xgb,Topology,0.0,0.0,0.0,0.0,5.917746751820699e-34,1.3232455386056356e-33,1.0249608723418724e-17,1.4773673031768072e-17,0.278688027885383,0.22757833515790327,0.27462776201780115,0.3191534967012736,0.0033714251272130825,0.006511748591622633,2.7283356390473756e-13,4.652786329185503e-13
xgb,TorsionFP,0.0,0.0,0.0,0.0,3.171842672385418e-49,7.092455829377431e-49,5.345174911678699e-20,1.1952174429607188e-19,0.05978618535095158,0.12405342890338997,0.44953260824353036,0.3575817325783443,0.0003173390920679538,0.000709129604540538,6.121545946516975e-15,1.3688192051299563e-14
