model,feat,train_FP,train_FP_std,val_FP,val_FP_std,test_FP,test_FP_std,ext_FP,ext_FP_std,rmSim_0.6,rmSim_0.6_std,rmSim_0.7,rmSim_0.7_std,rmSim_0.8,rmSim_0.8_std,rmSim_0.9,rmSim_0.9_std
DMPNN,,89.4,21.23205124334434,89.4,21.23205124334434,20.6,4.878524367060187,62.8,4.3817804600413295,7.0,1.224744871391589,32.4,2.073644135332773,55.8,3.5637059362410928,61.8,4.3817804600413295
DMPNN,AtomPairFP,13.8,6.268084945889685,13.8,6.268084945889685,19.2,5.223876806442596,30.2,5.391351098441528,1.8,0.4216370213557839,8.0,1.8856180831641267,23.8,4.732863826479693,28.6,5.521674464226308
DMPNN,Autocorr,47.8,25.354377224543388,47.8,25.354377224543388,21.8,6.014796569941312,36.2,5.593647190240808,7.2,0.42163702135578396,22.8,3.6147844564602556,31.0,4.268749491621899,35.2,4.779586221049312
DMPNN,AvalonFP,36.8,29.237722969555005,36.8,29.237722969555005,20.4,4.550946177566936,54.4,8.395766128763288,8.2,0.42163702135578385,34.4,1.577621275493231,49.6,8.500980335624043,53.2,8.283853102404835
DMPNN,Charge,82.8,24.234044006085508,82.8,24.234044006085508,21.4,5.834761729877618,44.0,7.542472332656507,6.6,1.07496769977314,27.4,3.921450978627399,39.8,6.779052703405951,42.6,7.676804890925217
DMPNN,Connectivity,99.6,27.845606076682508,99.6,27.845606076682508,21.4,7.904991390816874,48.0,10.1762250149825,6.2,1.5491933384829668,27.0,6.2182527020592095,41.8,9.647106647418523,46.6,9.991107156978261
DMPNN,Constitution,85.2,45.29115685085653,85.2,45.29115685085653,21.8,4.825856285561028,46.6,7.560129334578579,7.2,1.2292725943057186,28.8,4.1311822359545785,41.2,6.646636576327744,44.8,7.161626134397752
DMPNN,Estate,63.6,31.1384007296457,63.6,31.1384007296457,20.8,3.8528488738133038,39.4,5.358275012642698,6.4,0.843274042711568,23.4,2.8751811537130427,32.8,4.442221666388713,37.4,5.358275012642698
DMPNN,EstateFP,92.6,42.78421308016415,92.6,42.78421308016415,21.0,5.497474167490214,59.6,11.364662579925351,8.4,0.5163977794943222,33.0,2.748737083745107,53.8,10.443498775155128,58.2,11.043348928452616
DMPNN,Fragment,92.2,17.2999678869323,92.2,17.2999678869323,22.8,5.391351098441528,63.2,5.593647190240808,7.8,0.4216370213557839,32.8,2.6161889160464775,54.2,5.865151319446072,61.4,5.561774297230456
DMPNN,InfoContent,86.4,17.289688641885178,86.4,17.289688641885178,22.4,5.358275012642698,40.8,11.89584427903758,3.6,3.0983866769659336,18.2,8.202980488145078,34.2,11.38029486046434,39.0,11.604596790352806
DMPNN,Kappa,86.4,23.138231950124837,86.4,23.138231950124837,19.6,5.358275012642698,35.0,5.456901847914967,2.8,1.0327955589886444,15.2,2.6161889160464775,29.2,5.181162460726786,34.0,5.456901847914967
DMPNN,MACCSFP,57.0,23.36188729058031,57.0,23.36188729058031,22.2,6.646636576327743,48.0,8.537498983243797,7.8,0.42163702135578407,27.2,3.4253953543107007,41.8,7.814516406449389,46.4,8.422192905255336
DMPNN,MAP4,8.0,6.146362971528592,8.0,6.146362971528592,19.6,5.758086101783783,35.0,3.527668414752788,3.8,1.0327955589886444,19.0,3.527668414752788,29.2,3.011090610836324,33.6,3.169297153067923
DMPNN,MHFP6,13.4,26.67999666833229,13.4,26.67999666833229,25.2,5.266244708835067,59.4,1.577621275493231,6.2,0.4216370213557839,25.4,1.07496769977314,52.2,1.8135294011647258,58.2,1.2292725943057186
DMPNN,MOE,70.6,34.43899598484899,70.6,34.43899598484899,19.8,4.491968140779471,52.4,3.6270588023294525,8.0,0.0,33.0,3.590109871423003,45.4,4.4020197384584465,50.8,3.9665266081716046
DMPNN,Matrix,108.6,40.6207390927891,108.6,40.6207390927891,22.0,7.241853660800143,41.2,11.573917035971682,4.6,2.3664319132398464,20.8,6.44291169511977,34.4,9.44222196072278,39.6,11.24672791921672
DMPNN,MorganFP,20.6,10.885260166339107,20.6,10.885260166339107,24.0,6.036923425424944,54.2,0.4216370213557833,6.8,0.42163702135578396,30.0,2.82842712474619,46.6,1.2649110640673522,53.2,0.7888106377466156
DMPNN,Path,117.2,28.405007383284456,117.2,28.405007383284456,24.4,5.103375789067903,47.6,8.342661445845685,5.0,1.8856180831641267,22.4,6.345602151621756,40.0,8.615231988880057,45.8,8.175845182269809
DMPNN,PharmacoErGFP,93.4,24.645035560489212,93.4,24.645035560489212,20.2,5.788878225624643,25.0,3.8873012632302,2.6,0.8432740427115678,13.0,3.3333333333333335,20.6,3.687817782917155,23.6,3.687817782917155
DMPNN,PharmacoPFP,66.2,28.731709157498987,66.2,28.731709157498987,20.0,4.898979485566357,61.4,2.8751811537130427,7.6,0.5163977794943222,32.6,2.7162065049951147,53.0,3.1269438398822866,59.4,2.8751811537130427
DMPNN,Property,80.2,25.16964662269042,80.2,25.16964662269042,19.4,6.275171533733382,36.0,8.894442709417556,3.6,1.9550504398153572,16.6,7.381658952355418,30.8,8.879439421745296,34.4,9.106774035482232
DMPNN,PubChemFP,41.2,37.82650452321024,41.2,37.82650452321024,22.2,5.7115866641610396,53.4,3.747591819348052,8.0,0.0,32.8,2.14993539954628,47.4,2.7968235951204035,51.8,3.425395354310702
DMPNN,RDkitFP,20.0,9.116529554118229,20.0,9.116529554118229,17.2,6.511528238439883,50.0,0.6666666666666666,8.0,0.0,35.8,0.4216370213557833,45.4,0.8432740427115675,49.6,0.5163977794943224
DMPNN,Topology,81.6,27.11784980004458,81.6,27.11784980004458,19.8,5.308274463305168,34.6,5.399588461684423,3.2,1.2292725943057183,16.2,2.3475755815545343,29.4,5.561774297230455,33.4,5.521674464226308
DMPNN,TorsionFP,92.2,91.54573841649989,92.2,91.54573841649989,25.8,5.391351098441527,68.2,4.9170903772228725,8.6,0.5163977794943222,35.6,1.0749676997731397,60.8,4.077035960378842,67.0,4.570436400267364
fcnn,AtomPairFP,62.8,12.5777581468241,62.8,12.5777581468241,21.0,4.795831523312719,33.2,3.8340579025361623,2.4,1.3416407864998738,13.8,2.280350850198276,25.0,3.6742346141747673,31.2,3.8340579025361627
fcnn,Autocorr,133.2,55.715347975221334,133.2,55.715347975221334,27.6,10.114346246792227,42.0,8.689073598491383,7.8,0.44721359549995787,26.8,4.8166378315169185,35.4,7.503332592921629,40.8,8.318653737234168
fcnn,AvalonFP,81.8,8.258329128825032,81.8,8.258329128825032,22.2,4.919349550499537,65.6,7.861297602813418,8.6,0.5477225575051662,36.8,0.8366600265340753,59.4,7.6681158050723255,63.8,7.981227975693965
fcnn,Charge,350.8,32.82072515956953,350.8,32.82072515956953,46.8,5.585696017507576,60.8,2.588435821108957,8.0,0.0,35.6,0.547722557505166,49.8,1.483239697419133,58.8,2.588435821108957
fcnn,Connectivity,339.8,53.32635370996221,339.8,53.32635370996221,43.4,9.813256340277675,61.8,1.303840481040529,7.2,1.0954451150103321,36.0,1.0,55.4,1.1401754250991376,59.8,1.303840481040529
fcnn,Constitution,224.2,10.425929215182693,224.2,10.425929215182693,32.8,5.019960159204453,59.8,3.4205262752974135,8.0,0.0,33.4,1.1401754250991376,51.2,3.7013511046643504,57.8,3.4205262752974135
fcnn,Estate,208.8,26.52734438273081,208.8,26.52734438273081,34.6,3.974921382870358,52.2,1.9235384061671335,8.0,0.0,34.6,1.51657508881031,45.0,2.3452078799117144,50.2,1.9235384061671335
fcnn,EstateFP,369.0,14.949916387726057,369.0,14.949916387726057,49.2,3.5637059362410923,57.6,0.8944271909999163,8.0,0.0,36.0,0.0,47.2,0.44721359549995765,55.6,0.8944271909999163
fcnn,Fragment,293.2,15.205262246998567,293.2,15.205262246998567,42.6,6.767569726275452,72.4,1.3416407864998714,8.0,0.0,33.8,0.44721359549995865,58.8,1.3038404810405295,70.4,1.3416407864998714
fcnn,InfoContent,348.6,10.968135666557007,348.6,10.968135666557007,45.8,4.024922359499622,60.4,2.302172886644268,8.0,0.0,36.0,0.0,52.8,1.7888543819998324,58.4,2.302172886644268
fcnn,Kappa,511.0,6.164414002968986,511.0,6.164414002968986,65.2,3.898717737923586,75.4,0.8944271909999153,8.0,0.0,37.0,0.0,67.4,0.8944271909999153,73.4,0.8944271909999153
fcnn,MACCSFP,217.2,4.3243496620879265,217.2,4.3243496620879265,34.0,8.573214099741124,55.2,0.8366600265340751,8.0,0.0,35.0,0.0,46.0,1.224744871391589,53.8,1.3038404810405302
fcnn,MAP4,66.2,19.57549488518745,66.2,19.57549488518745,23.8,6.418722614352485,61.2,8.167006795638166,6.2,1.6431676725154984,26.2,5.974947698515862,53.8,7.463243262818117,59.6,8.018728078691781
fcnn,MHFP6,503.0,146.25149571884725,503.0,146.25149571884725,67.8,18.47159982243011,86.0,2.2360679774997907,9.0,0.0,37.6,0.8944271909999153,70.4,1.3416407864998734,84.0,2.2360679774997907
fcnn,MOE,179.8,10.183319694480772,179.8,10.183319694480772,28.4,5.319774431308154,62.8,0.8366600265340757,8.0,0.0,34.8,1.3038404810405302,54.2,1.3038404810405304,60.8,0.8366600265340757
fcnn,Matrix,391.4,17.784824992110554,391.4,17.784824992110554,51.4,4.61519230368573,72.6,0.5477225575051667,8.0,0.0,35.8,0.44721359549995865,65.6,0.5477225575051667,70.6,0.5477225575051667
fcnn,MorganFP,56.6,11.610340218959994,56.6,11.610340218959994,24.8,5.848076606885378,71.4,3.6469165057620945,8.2,0.44721359549995787,35.8,0.8366600265340751,61.4,2.8809720581775866,69.6,3.7815340802378064
fcnn,Path,500.0,63.178319065958064,500.0,63.178319065958064,62.2,9.391485505499118,77.8,5.890670590009257,8.2,0.44721359549995787,37.2,0.44721359549995815,67.4,2.1908902300206634,75.8,5.890670590009257
fcnn,PharmacoErGFP,209.2,7.661592523751178,209.2,7.661592523751178,30.4,4.979959839195493,41.4,8.619744775803978,6.4,1.3416407864998738,27.2,7.981227975693966,35.8,8.526429498916883,39.4,8.619744775803978
fcnn,PharmacoPFP,212.0,22.67156809750927,212.0,22.67156809750927,30.2,5.06951674225463,69.8,1.7888543819998315,8.0,0.0,33.8,1.7888543819998322,57.8,1.643167672515498,67.8,1.7888543819998315
fcnn,Property,362.8,8.408329203831164,362.8,8.408329203831164,46.8,2.86356421265527,60.6,1.51657508881031,8.0,0.0,35.0,0.0,53.6,1.51657508881031,58.6,1.51657508881031
fcnn,PubChemFP,146.8,11.691877522451218,146.8,11.691877522451218,25.8,6.300793600809346,53.6,3.6469165057620936,8.0,0.0,35.8,1.303840481040529,47.4,3.507135583350036,52.0,3.5355339059327373
fcnn,RDkitFP,134.0,25.748786379167466,134.0,25.748786379167466,25.4,7.503332592921628,59.2,4.868264577855234,8.0,0.0,36.6,0.547722557505166,53.0,3.6742346141747673,58.2,4.868264577855234
fcnn,Topology,480.2,52.50428553937288,480.2,52.50428553937288,60.2,10.256705123966467,76.0,1.5811388300841898,8.0,0.0,36.6,0.8944271909999163,67.8,1.095445115010332,74.0,1.5811388300841898
fcnn,TorsionFP,108.0,27.110883423451916,108.0,27.110883423451916,25.8,6.180614856144977,74.0,3.391164991562633,9.0,0.0,36.6,0.8944271909999157,64.6,2.5099800796022276,72.2,3.114482300479487
log,AtomPairFP,3.0,1.5811388300841898,3.0,1.5811388300841898,15.4,4.774934554525329,25.6,3.7148351242013415,0.8,0.4472135954999579,7.8,2.280350850198276,20.2,2.3874672772626644,25.2,3.0331501776206204
log,Autocorr,68.8,6.978538528947161,68.8,6.978538528947161,15.4,5.128352561983234,20.8,5.890670590009257,4.2,1.3038404810405297,13.4,6.465291950097845,19.0,6.442049363362563,20.6,6.107372593840989
log,AvalonFP,15.6,1.816590212458495,15.6,1.816590212458495,13.6,6.841052550594828,42.0,3.4641016151377544,8.0,0.0,33.8,0.44721359549995765,38.0,2.9154759474226495,41.0,3.4641016151377544
log,Charge,172.4,6.465291950097846,172.4,6.465291950097846,22.6,3.5071355833500366,22.0,4.0,3.4,0.8944271909999159,12.2,2.3874672772626644,16.6,3.049590136395382,20.6,3.5071355833500366
log,Connectivity,141.4,8.173126696681022,141.4,8.173126696681022,17.6,5.412947441089743,17.0,0.7071067811865472,4.0,0.0,11.0,0.0,12.2,0.44721359549995804,15.2,0.44721359549995804
log,Constitution,113.8,5.674504383644443,113.8,5.674504383644443,16.2,6.099180272790763,38.8,0.8366600265340751,8.0,0.0,29.0,0.0,34.0,0.7071067811865472,37.8,0.8366600265340751
log,Estate,104.8,8.5848704125339,104.8,8.5848704125339,15.6,4.878524367060187,38.0,1.5811388300841895,7.8,0.44721359549995787,28.8,1.3038404810405297,34.0,1.5811388300841895,36.0,1.5811388300841895
log,EstateFP,164.6,6.841052550594828,164.6,6.841052550594828,19.4,4.669047011971501,43.4,0.5477225575051667,8.0,0.0,33.2,0.44721359549995715,39.2,0.44721359549995715,42.4,0.5477225575051667
log,Fragment,137.6,10.853570840972111,137.6,10.853570840972111,19.8,6.978538528947161,61.2,0.8366600265340753,8.0,0.0,30.6,0.5477225575051664,53.4,0.547722557505166,59.2,0.8366600265340753
log,InfoContent,140.4,5.22494019104525,140.4,5.22494019104525,18.0,5.196152422706632,39.0,1.2247448713915885,8.0,0.0,28.0,1.2247448713915894,34.8,1.0954451150103324,37.0,1.2247448713915885
log,Kappa,172.8,5.890670590009259,172.8,5.890670590009259,20.2,2.7748873851023217,41.0,0.0,8.0,0.0,31.0,0.0,35.0,0.0,39.0,0.0
log,MACCSFP,107.8,7.886697661252141,107.8,7.886697661252141,16.6,7.503332592921629,36.8,2.2803508501982765,7.6,0.894427190999916,31.2,1.9235384061671346,34.6,2.7018512172212588,36.0,2.5495097567963922
log,MAP4,0.0,0.0,0.0,0.0,17.6,3.5071355833500366,31.4,3.507135583350036,1.0,1.224744871391589,12.0,3.1622776601683795,27.2,4.147288270665545,30.8,3.7013511046643495
log,MHFP6,0.0,0.0,0.0,0.0,23.0,4.527692569068709,46.6,4.219004621945797,5.8,0.8366600265340756,20.4,2.302172886644268,39.4,2.8809720581775866,45.8,4.324349662087931
log,MOE,112.2,3.4205262752974153,112.2,3.4205262752974153,15.4,6.54217089351845,30.0,5.244044240850758,3.8,1.3038404810405297,12.8,4.54972526643093,24.8,5.449770637375485,28.0,5.244044240850758
log,Matrix,141.6,7.436396977031283,141.6,7.436396977031283,17.6,3.361547262794322,42.4,1.1401754250991387,8.0,0.0,29.8,1.643167672515498,36.4,1.1401754250991387,40.4,1.1401754250991387
log,MorganFP,14.0,2.345207879911715,14.0,2.345207879911715,15.4,5.594640292279746,49.8,3.0331501776206196,7.6,0.8944271909999157,30.2,3.492849839314596,42.6,3.286335345030997,48.6,3.2093613071762426
log,Path,147.0,8.154753215150045,147.0,8.154753215150045,17.6,5.128352561983235,42.2,2.0493901531919207,6.0,0.0,29.2,1.9235384061671348,37.2,2.0493901531919207,41.2,2.0493901531919207
log,PharmacoErGFP,77.2,2.9495762407505257,77.2,2.9495762407505257,13.8,5.167204273105526,23.8,2.16794833886788,4.6,1.5165750888103102,12.8,1.3038404810405295,20.4,1.6733200530681513,23.4,1.6733200530681513
log,PharmacoPFP,94.8,10.10940156488009,94.8,10.10940156488009,17.4,4.669047011971501,58.6,4.39317652729776,8.0,0.0,33.6,1.5165750888103107,53.8,4.764451699828637,58.0,4.358898943540673
log,Property,153.6,6.5038450166036395,153.6,6.5038450166036395,20.8,4.43846820423443,48.6,1.341640786499874,8.0,0.0,33.8,0.44721359549995715,42.6,1.341640786499874,46.6,1.341640786499874
log,PubChemFP,74.2,2.7748873851023212,74.2,2.7748873851023212,13.8,5.167204273105526,39.4,0.547722557505166,8.0,0.0,31.6,0.5477225575051662,35.2,0.44721359549995765,38.6,0.547722557505166
log,RDkitFP,1.2,0.4472135954999579,1.2,0.4472135954999579,18.4,5.029910535983716,62.6,1.9493588689617927,8.0,0.0,36.4,0.8944271909999157,55.4,1.1401754250991378,62.4,1.8165902124584952
log,Topology,143.6,4.9295030175464944,143.6,4.9295030175464944,18.0,4.06201920231798,40.0,1.7320508075688774,8.0,0.0,29.0,0.7071067811865472,35.4,1.51657508881031,38.6,1.6733200530681513
log,TorsionFP,44.2,4.32434966208793,44.2,4.32434966208793,13.2,6.340346993658944,66.0,1.5811388300841898,8.6,0.547722557505166,33.8,1.7888543819998313,60.6,1.9493588689617931,65.4,1.8165902124584967
rf,AtomPairFP,4.0,1.4142135623730951,4.0,1.4142135623730951,20.0,6.670832032063167,44.8,1.9235384061671355,8.0,0.0,28.2,2.4899799195977463,38.6,2.190890230020665,43.6,1.8165902124584956
rf,Autocorr,3.2,0.8366600265340756,3.2,0.8366600265340756,32.8,4.604345773288535,53.4,4.159326868617084,5.4,1.1401754250991378,24.0,2.4494897427831783,45.6,3.974921382870358,52.2,3.8987177379235844
rf,AvalonFP,3.6,1.140175425099138,3.6,1.140175425099138,22.8,5.403702434442518,72.6,1.140175425099136,9.0,0.0,38.0,0.0,66.4,1.516575088810311,71.4,1.516575088810311
rf,Charge,3.2,1.3038404810405297,3.2,1.3038404810405297,28.8,3.271085446759225,57.0,1.4142135623730943,8.0,0.0,35.2,0.8366600265340751,48.0,1.224744871391589,55.8,1.3038404810405289
rf,Connectivity,3.4,1.1401754250991378,3.4,1.1401754250991378,30.8,5.630275304103699,56.4,1.8165902124584954,8.0,0.0,37.0,0.0,50.2,0.8366600265340762,55.2,1.4832396974191322
rf,Constitution,9.0,1.7320508075688774,9.0,1.7320508075688774,25.2,4.324349662087931,60.0,4.0,8.0,0.0,36.8,0.44721359549995715,53.6,4.560701700396552,58.8,4.266145801540308
rf,Estate,7.8,0.44721359549995787,7.8,0.44721359549995787,23.2,4.43846820423443,67.6,4.037325847637272,8.0,0.0,36.4,0.8944271909999161,60.6,2.966479394838265,66.4,3.646916505762093
rf,EstateFP,95.8,6.016643582596529,95.8,6.016643582596529,21.6,4.8270073544588685,52.6,3.7815340802378077,8.2,0.44721359549995804,34.0,2.82842712474619,46.0,4.242640687119284,51.6,3.7815340802378077
rf,Fragment,31.0,3.937003937005905,31.0,3.937003937005905,25.4,5.941380311005179,63.4,3.2093613071762426,8.0,0.0,34.4,1.1401754250991383,55.6,2.7018512172212596,62.2,3.2710854467592254
rf,InfoContent,3.6,1.51657508881031,3.6,1.51657508881031,36.8,3.1144823004794877,57.2,2.5884358211089564,7.0,1.4142135623730951,34.2,2.1679483388678795,48.8,2.5884358211089573,56.0,2.449489742783178
rf,Kappa,12.0,3.9370039370059056,12.0,3.9370039370059056,34.2,4.438468204234429,67.8,2.949576240750526,9.0,0.0,35.6,0.5477225575051667,57.6,2.302172886644268,66.6,2.7928480087537895
rf,MACCSFP,12.8,2.6832815729997477,12.8,2.6832815729997477,25.0,4.301162633521313,57.4,5.029910535983717,8.8,0.44721359549995804,36.8,0.44721359549995865,49.6,3.4351128074635335,56.2,4.658325879540846
rf,MAP4,1.4,1.140175425099138,1.4,1.140175425099138,30.8,7.224956747275377,69.4,2.8809720581775884,8.0,0.0,37.0,0.0,61.8,3.768288736283354,68.2,3.2710854467592263
rf,MHFP6,0.0,0.0,0.0,0.0,52.2,5.495452665613635,86.2,0.44721359549995815,9.0,0.0,38.0,0.0,71.0,0.0,84.2,0.44721359549995815
rf,MOE,3.4,1.1401754250991378,3.4,1.1401754250991378,25.4,5.458937625582473,59.0,1.5811388300841889,8.0,0.0,36.2,0.44721359549995815,50.6,1.3416407864998732,57.8,1.6431676725154973
rf,Matrix,3.2,1.0954451150103324,3.2,1.0954451150103324,33.4,5.128352561983234,61.6,4.6690470119715,7.6,1.1401754250991378,36.4,1.5165750888103096,55.0,3.741657386773942,60.4,4.560701700396552
rf,MorganFP,3.2,0.8366600265340756,3.2,0.8366600265340756,23.6,6.107372593840988,53.0,3.535533905932738,8.0,0.0,33.8,2.16794833886788,46.4,2.9664793948382657,51.8,3.2710854467592263
rf,Path,5.2,1.3038404810405297,5.2,1.3038404810405297,35.4,4.39317652729776,64.0,2.5495097567963922,9.0,0.0,38.0,0.0,54.4,1.516575088810311,62.8,2.4899799195977463
rf,PharmacoErGFP,51.0,4.527692569068709,51.0,4.527692569068709,17.4,4.505552130427524,43.0,9.273618495495704,6.0,2.8284271247461903,28.0,9.137833441248533,37.0,9.137833441248533,41.4,9.396807968666806
rf,PharmacoPFP,34.4,5.272570530585627,34.4,5.272570530585627,22.0,5.830951894845301,60.0,2.449489742783178,8.0,0.0,35.6,0.5477225575051667,52.0,1.87082869338697,59.6,2.0736441353327733
rf,Property,6.0,1.4142135623730951,6.0,1.4142135623730951,30.0,6.557438524302,52.4,1.8165902124584958,8.0,0.0,33.0,0.7071067811865476,46.2,1.4832396974191333,51.2,1.7888543819998326
rf,PubChemFP,9.4,2.1908902300206643,9.4,2.1908902300206643,25.0,6.819090848492928,63.2,5.585696017507576,8.2,0.44721359549995804,37.2,0.44721359549995865,57.4,5.594640292279746,62.0,5.522680508593631
rf,RDkitFP,3.4,1.1401754250991378,3.4,1.1401754250991378,23.8,6.978538528947161,64.6,2.5099800796022276,8.0,0.0,37.0,0.0,59.2,2.1679483388678795,63.4,2.1908902300206643
rf,Topology,6.4,1.140175425099138,6.4,1.140175425099138,31.4,2.8809720581775866,62.8,1.9235384061671352,8.0,0.0,36.8,0.44721359549995865,57.2,0.8366600265340753,61.6,1.5165750888103098
rf,TorsionFP,3.0,1.0,3.0,1.0,23.4,5.412947441089743,68.2,3.9623225512317917,9.0,0.0,34.0,1.5811388300841904,60.4,3.9115214431215892,67.0,3.872983346207419
svm,AtomPairFP,22.4,3.911521443121589,22.4,3.911521443121589,29.4,4.159326868617084,32.2,2.9495762407505244,1.8,1.3038404810405297,8.2,2.8635642126552705,25.8,3.1144823004794877,30.6,3.1304951684997055
svm,Autocorr,169.2,13.6088206689632,169.2,13.6088206689632,29.0,8.455767262643882,50.4,6.107372593840989,7.2,0.8366600265340757,25.0,3.2403703492039297,43.4,5.272570530585627,48.4,6.107372593840989
svm,AvalonFP,71.2,7.791020472312983,71.2,7.791020472312983,26.8,3.5637059362410923,50.0,10.885770528538622,8.0,0.7071067811865475,32.6,2.7928480087537886,41.6,10.4546640309481,48.2,10.963576058932597
svm,Charge,416.0,22.726636354727017,416.0,22.726636354727017,53.4,6.465291950097845,65.2,1.6431676725154987,8.0,0.0,36.0,0.0,52.6,1.1401754250991383,63.2,1.6431676725154978
svm,Connectivity,374.0,13.583077707206128,374.0,13.583077707206128,51.2,5.263078946776306,53.2,6.457553716385176,5.4,0.8944271909999159,22.0,4.301162633521314,42.2,6.058052492344384,51.2,6.457553716385176
svm,Constitution,328.6,15.915401345866211,328.6,15.915401345866211,42.8,4.381780460041329,60.8,5.215361924162119,8.0,0.0,32.2,0.8366600265340762,50.8,5.06951674225463,59.0,4.949747468305833
svm,Estate,272.8,6.833739825307952,272.8,6.833739825307952,37.8,5.06951674225463,51.8,1.3038404810405302,8.0,0.0,34.4,0.8944271909999157,44.2,1.3038404810405295,49.8,1.3038404810405302
svm,EstateFP,538.6,27.024063351021063,538.6,27.024063351021063,71.2,3.633180424916991,83.8,0.44721359549995715,8.6,0.5477225575051662,37.6,0.547722557505166,69.8,0.44721359549995715,81.8,0.44721359549995715
svm,Fragment,488.6,10.382677881933931,488.6,10.382677881933931,64.6,5.1283525619832355,81.2,1.3038404810405297,8.0,0.0,36.6,0.547722557505166,67.2,1.3038404810405297,79.2,1.3038404810405297
svm,InfoContent,436.0,30.797727188868986,436.0,30.797727188868986,55.6,0.8944271909999161,66.8,3.2710854467592263,8.0,0.0,36.4,0.5477225575051652,55.8,1.6431676725154978,64.8,3.2710854467592263
svm,Kappa,606.2,6.685805860178723,606.2,6.685805860178723,78.2,3.8340579025361614,87.0,0.0,9.0,0.0,38.0,0.0,71.0,0.0,85.0,0.0
svm,MACCSFP,276.8,11.476062042355817,276.8,11.476062042355817,37.8,5.403702434442518,50.6,1.3416407864998738,8.0,0.0,33.6,0.5477225575051667,41.8,1.7888543819998322,49.6,1.3416407864998738
svm,MAP4,12.8,3.271085446759226,12.8,3.271085446759226,25.6,5.366563145999495,35.4,8.1117199162693,0.8,1.3038404810405297,12.8,3.8340579025361627,29.0,6.782329983125268,33.8,7.661592523751183
svm,MHFP6,0.0,0.0,0.0,0.0,31.6,5.727128425310541,57.6,1.5165750888103107,6.4,0.5477225575051661,23.6,2.302172886644268,47.8,1.4832396974191324,56.4,1.9493588689617931
svm,MOE,273.2,12.87245120402482,273.2,12.87245120402482,37.8,4.658325879540847,57.2,3.4205262752974144,6.8,1.0954451150103321,27.8,3.03315017762062,50.4,3.1304951684997055,55.2,3.4205262752974144
svm,Matrix,365.8,10.03493896344168,365.8,10.03493896344168,45.6,4.6690470119715,73.2,1.3038404810405282,8.0,0.0,35.8,0.44721359549995865,66.2,1.3038404810405282,71.2,1.3038404810405282
svm,MorganFP,56.8,2.7748873851023212,56.8,2.7748873851023212,27.6,4.979959839195493,61.0,4.415880433163924,7.2,1.0954451150103324,33.0,2.5495097567963922,51.8,4.549725266430929,59.2,4.494441010848846
svm,Path,558.2,56.353349501160984,558.2,56.353349501160984,70.4,8.988882021697691,81.6,5.272570530585627,8.4,0.547722557505166,37.2,0.8366600265340757,69.4,1.516575088810311,79.6,5.272570530585627
svm,PharmacoErGFP,249.0,15.47578754054216,249.0,15.47578754054216,37.0,4.847679857416329,50.4,0.8944271909999161,8.0,0.0,35.2,0.8366600265340751,45.2,0.8366600265340751,48.4,0.8944271909999161
svm,PharmacoPFP,257.0,6.819090848492928,257.0,6.819090848492928,34.4,6.348228099241551,72.6,3.130495168499705,8.0,0.0,36.2,0.8366600265340751,61.4,3.2863353450309973,70.6,3.130495168499705
svm,Property,487.2,17.28293956478469,487.2,17.28293956478469,62.0,5.612486080160911,68.2,1.6431676725154978,8.0,0.0,37.0,0.0,61.2,1.6431676725154978,66.2,1.6431676725154978
svm,PubChemFP,185.6,10.382677881933928,185.6,10.382677881933928,28.4,6.54217089351845,44.8,2.2803508501982757,8.0,0.0,31.2,0.44721359549995815,38.6,1.5165750888103096,42.8,2.2803508501982757
svm,RDkitFP,15.8,1.9235384061671346,15.8,1.9235384061671346,28.0,5.385164807134504,65.2,3.346640106136302,8.0,0.0,35.2,1.6431676725154993,55.8,3.492849839314596,64.2,2.7748873851023212
svm,Topology,405.8,23.85791273351464,405.8,23.85791273351464,53.2,4.549725266430929,75.2,1.6431676725154982,8.2,0.44721359549995815,36.8,0.44721359549995815,67.0,0.7071067811865476,73.2,1.6431676725154982
svm,TorsionFP,145.2,11.27829774389735,145.2,11.27829774389735,28.8,6.300793600809346,69.0,5.70087712549569,7.8,1.6431676725154984,32.2,5.35723809439155,59.0,6.041522986797286,67.0,5.70087712549569
xgb,AtomPairFP,17.2,3.03315017762062,17.2,3.03315017762062,19.4,4.39317652729776,29.6,4.03732584763727,4.4,0.8944271909999159,15.6,0.8944271909999159,23.4,2.701851217221259,28.2,3.3466401061363023
xgb,Autocorr,10.6,3.3615472627943226,10.6,3.3615472627943226,23.4,5.770615218501404,40.6,6.308724118235001,6.4,1.1401754250991378,22.6,3.7815340802378072,35.6,5.813776741499453,39.0,5.830951894845301
xgb,AvalonFP,22.8,4.604345773288536,22.8,4.604345773288536,20.6,5.504543577809154,52.8,7.694153624668537,8.0,0.0,36.0,0.7071067811865481,46.8,6.833739825307955,51.2,7.395944834840239
xgb,Charge,15.2,4.08656334834051,15.2,4.08656334834051,25.8,4.207136793592526,50.8,1.4832396974191326,7.2,0.8366600265340755,33.4,1.1401754250991376,44.6,1.5165750888103102,50.0,1.2247448713915887
xgb,Connectivity,12.4,1.6733200530681511,12.4,1.6733200530681511,29.0,6.96419413859206,54.4,4.56070170039655,6.8,1.0954451150103321,30.4,3.646916505762094,47.8,4.8166378315169185,52.8,4.32434966208793
xgb,Constitution,55.4,7.536577472566709,55.4,7.536577472566709,25.0,3.872983346207417,62.0,2.4494897427831774,7.2,0.4472135954999579,35.4,0.547722557505166,55.0,2.121320343559643,60.4,2.3021728866442674
xgb,Estate,56.6,6.465291950097846,56.6,6.465291950097846,24.6,3.4351128074635335,50.8,1.303840481040529,8.0,0.0,32.2,1.9235384061671352,44.0,1.9999999999999996,49.2,1.3038404810405302
xgb,EstateFP,280.6,9.31665175908169,280.6,9.31665175908169,39.6,6.58027355054484,54.2,2.2803508501982757,8.2,0.44721359549995787,35.6,0.8944271909999157,45.4,2.7018512172212596,52.2,2.2803508501982757
xgb,Fragment,165.6,12.218837915284745,165.6,12.218837915284745,32.4,6.06630035524124,50.6,1.6733200530681511,8.0,0.0,31.2,0.8366600265340757,43.0,1.9999999999999991,48.6,1.6733200530681511
xgb,InfoContent,18.2,1.9235384061671348,18.2,1.9235384061671348,30.2,4.324349662087931,54.4,1.341640786499874,6.4,0.8944271909999157,34.4,1.8165902124584954,47.4,1.341640786499874,52.8,1.30384048104053
xgb,Kappa,64.4,4.669047011971501,64.4,4.669047011971501,35.8,3.193743884534262,65.0,3.3166247903553994,7.8,0.4472135954999579,33.2,0.8366600265340749,55.6,2.5099800796022267,63.8,2.774887385102322
xgb,MACCSFP,71.2,4.919349550499538,71.2,4.919349550499538,22.8,4.54972526643093,50.8,3.271085446759225,6.4,0.8944271909999159,26.6,3.361547262794322,42.4,3.286335345030996,48.8,3.271085446759225
xgb,MAP4,11.8,2.280350850198276,11.8,2.280350850198276,21.6,6.6558245169174945,41.0,5.477225575051662,4.0,1.4142135623730951,22.6,3.6469165057620936,34.4,5.029910535983717,39.4,5.029910535983716
xgb,MHFP6,0.0,0.0,0.0,0.0,26.2,5.761944116355173,62.8,3.7013511046643486,8.6,0.5477225575051661,30.0,3.3166247903554,54.6,4.335896677735761,61.6,3.646916505762094
xgb,MOE,12.6,1.9493588689617927,12.6,1.9493588689617927,21.4,5.412947441089743,52.0,4.527692569068708,6.8,1.7888543819998317,30.2,4.43846820423443,45.4,4.722287581247038,50.4,4.33589667773576
xgb,Matrix,13.6,3.0495901363953815,13.6,3.0495901363953815,28.2,3.492849839314596,53.4,7.829431652425353,7.2,1.9235384061671346,31.0,7.314369419163897,45.8,7.791020472312981,51.8,7.6941536246685365
xgb,MorganFP,48.4,1.9493588689617931,48.4,1.9493588689617931,22.2,4.324349662087931,41.8,4.08656334834051,7.2,0.8366600265340756,26.6,4.560701700396552,35.2,4.024922359499622,40.2,4.024922359499621
xgb,Path,41.2,5.93295878967653,41.2,5.93295878967653,33.0,3.8078865529319543,59.6,4.722287581247037,7.0,1.5811388300841898,33.8,2.588435821108957,49.0,3.2403703492039306,58.0,4.301162633521313
xgb,PharmacoErGFP,129.8,4.381780460041331,129.8,4.381780460041331,24.2,5.805170109479997,45.6,2.6076809620810595,7.0,0.7071067811865476,29.6,4.33589667773576,39.0,2.1213203435596424,43.8,2.2803508501982765
xgb,PharmacoPFP,91.4,7.092249290598857,91.4,7.092249290598857,25.4,6.148170459575759,57.2,4.868264577855235,6.6,0.5477225575051661,26.4,3.7148351242013415,47.2,4.086563348340511,55.6,5.029910535983717
xgb,Property,27.2,4.147288270665544,27.2,4.147288270665544,30.0,5.0,52.0,2.2360679774997894,7.6,0.894427190999916,30.4,1.8165902124584952,45.4,2.1908902300206647,50.4,1.949358868961793
xgb,PubChemFP,55.8,6.978538528947161,55.8,6.978538528947161,21.6,4.560701700396552,50.0,2.7386127875258306,8.0,0.0,33.6,2.9664793948382653,44.8,2.588435821108957,48.4,2.7018512172212596
xgb,RDkitFP,14.6,2.3021728866442674,14.6,2.3021728866442674,20.2,4.54972526643093,52.2,2.774887385102321,8.0,0.0,36.0,0.0,46.6,2.5099800796022262,51.0,2.9154759474226504
xgb,Topology,47.6,6.87749954561976,47.6,6.87749954561976,30.6,3.435112807463534,42.4,4.77493455452533,4.2,1.0954451150103324,17.8,2.7748873851023212,36.0,2.999999999999999,40.8,4.32434966208793
xgb,TorsionFP,67.2,3.1144823004794877,67.2,3.1144823004794877,21.4,4.9295030175464944,46.0,5.431390245600107,7.0,1.5811388300841898,24.6,3.847076812334269,40.6,5.366563145999495,44.4,5.319774431308154
